kepid,kepoi_name,kepler_name,koi_disposition,koi_period,koi_impact,koi_duration,koi_depth,koi_prad,koi_teq,koi_insol,koi_model_snr,koi_count,koi_num_transits,koi_steff,koi_slogg,koi_smet,koi_srad,koi_smass,ra,dec,koi_kepmag,planet,planet_label
10797460,K00752.01,Kepler-227 b,CONFIRMED,9.48803557,0.146,2.9575,615.8,2.26,793.0,93.59,35.8,2,142.0,5455.0,4.467,0.14,0.927,0.919,291.93423,48.141651,15.347,1,confirmed
10797460,K00752.02,Kepler-227 c,CONFIRMED,54.4183827,0.586,4.507,874.8,2.83,443.0,9.11,25.8,2,25.0,5455.0,4.467,0.14,0.927,0.919,291.93423,48.141651,15.347,1,confirmed
10811496,K00753.01,,CANDIDATE,19.89913995,0.969,1.7822,10829.0,14.6,638.0,39.3,76.3,1,56.0,5853.0,4.544,-0.18,0.868,0.961,297.00482,48.134129,15.436,0,candidate
10854555,K00755.01,Kepler-664 b,CONFIRMED,2.525591777,0.701,1.6545,603.3,2.75,1406.0,926.16,40.9,1,515.0,6031.0,4.438,0.07,1.046,1.095,288.75488,48.2262,15.509,1,confirmed
10872983,K00756.01,Kepler-228 d,CONFIRMED,11.09432054,0.538,4.5945,1517.5,3.9,835.0,114.81,66.5,3,95.0,6046.0,4.486,-0.08,0.972,1.053,296.28613,48.22467,15.714,1,confirmed
10872983,K00756.02,Kepler-228 c,CONFIRMED,4.13443512,0.762,3.1402,686.0,2.77,1160.0,427.65,40.2,3,240.0,6046.0,4.486,-0.08,0.972,1.053,296.28613,48.22467,15.714,1,confirmed
10872983,K00756.03,Kepler-228 b,CONFIRMED,2.56658897,0.755,2.429,226.5,1.59,1360.0,807.74,15.0,3,355.0,6046.0,4.486,-0.08,0.972,1.053,296.28613,48.22467,15.714,1,confirmed
10910878,K00757.01,Kepler-229 c,CONFIRMED,16.06864674,0.052,3.5347,4914.3,5.76,600.0,30.75,161.9,3,69.0,5031.0,4.485,0.16,0.848,0.801,286.99948,48.37579,15.841,1,confirmed
11446443,K00001.01,Kepler-1 b,CONFIRMED,2.470613377,0.818,1.74319,14230.9,13.04,1339.0,761.46,4304.3,1,432.0,5820.0,4.457,-0.06,0.964,0.971,286.80847,49.316399,11.338,1,confirmed
10666592,K00002.01,Kepler-2 b,CONFIRMED,2.204735417,0.224,3.88864,6674.7,16.1,2048.0,4148.92,5945.9,1,611.0,6440.0,4.019,0.14,1.952,1.449,292.24728,47.969521,10.463,1,confirmed
6922244,K00010.01,Kepler-8 b,CONFIRMED,3.522498429,0.631,3.19843,9145.7,14.59,1521.0,1264.67,1741.5,1,384.0,6225.0,4.169,-0.04,1.451,1.132,281.28812,42.45108,13.563,1,confirmed
10984090,K00112.02,Kepler-466 c,CONFIRMED,3.709214104,0.051,2.6302,131.1,1.16,1206.0,500.46,50.6,2,352.0,5833.0,4.407,-0.04,1.022,0.974,295.64871,48.49556,12.772,1,confirmed
10526549,K00746.01,Kepler-660 b,CONFIRMED,9.27358173,0.387,3.2875,1288.3,2.47,649.0,41.85,87.2,1,144.0,4856.0,4.583,-0.3,0.696,0.676,288.13824,47.724449,15.302,1,confirmed
10583066,K00747.01,Kepler-661 b,CONFIRMED,6.02930329,0.258,1.5821,1912.7,2.85,678.0,50.04,65.4,1,215.0,4537.0,4.648,0.21,0.672,0.761,283.71088,47.86327,15.784,1,confirmed
10601284,K00749.01,Kepler-226 c,CONFIRMED,5.349553819,0.092,3.0278,831.0,2.55,919.0,168.99,60.6,3,247.0,5185.0,4.44,0.16,0.91,0.831,292.37613,47.880989,15.416,1,confirmed
10601284,K00749.02,Kepler-226 b,CONFIRMED,3.94105221,0.226,2.5984,363.3,1.7,1018.0,253.15,28.9,3,322.0,5185.0,4.44,0.16,0.91,0.831,292.37613,47.880989,15.416,1,confirmed
10601284,K00749.03,Kepler-226 d,CONFIRMED,8.10904807,0.025,3.596,217.4,1.3,800.0,97.03,14.1,3,141.0,5185.0,4.44,0.16,0.91,0.831,292.37613,47.880989,15.416,1,confirmed
10662202,K00750.01,Kepler-662 b,CONFIRMED,21.67699193,0.896,3.4555,857.2,2.95,530.0,18.64,34.3,4,62.0,4954.0,4.5,0.18,0.828,0.791,290.46512,47.92918,15.377,1,confirmed
10682541,K00751.01,Kepler-663 b,CONFIRMED,4.99677968,0.71,2.1717,934.7,2.78,917.0,166.95,28.2,1,208.0,5339.0,4.552,0.18,0.847,0.931,297.80826,47.946671,15.861,1,confirmed
11460018,K00769.01,Kepler-671 b,CONFIRMED,4.280963604,0.424,2.875,750.8,2.3,1012.0,247.87,61.8,1,311.0,5644.0,4.564,-0.14,0.831,0.928,294.26581,49.314091,15.356,1,confirmed
11507101,K00773.01,Kepler-672 b,CONFIRMED,38.3775486,0.468,5.588,724.2,2.82,529.0,18.53,34.7,1,37.0,5481.0,4.369,0.16,1.036,0.915,291.72202,49.480869,15.172,1,confirmed
10910878,K00757.02,Kepler-229 d,CONFIRMED,41.19725502,0.045,4.6297,2213.9,3.86,439.0,8.76,51.2,3,26.0,5031.0,4.485,0.16,0.848,0.801,286.99948,48.37579,15.841,1,confirmed
10910878,K00757.03,Kepler-229 b,CONFIRMED,6.252962249,0.105,2.5819,1036.9,2.65,823.0,108.3,47.1,3,167.0,5031.0,4.485,0.16,0.848,0.801,286.99948,48.37579,15.841,1,confirmed
10987985,K00758.01,Kepler-665 b,CONFIRMED,16.01308419,0.799,3.2554,1121.9,3.1,593.0,29.31,33.2,1,65.0,5015.0,4.499,0.1,0.826,0.785,297.02563,48.478588,15.39,1,confirmed
11018648,K00759.01,Kepler-230 b,CONFIRMED,32.62876672,0.021,4.7971,1804.8,3.36,506.0,15.55,80.0,2,34.0,5586.0,4.56,-0.3,0.798,0.844,285.71854,48.505859,15.082,1,confirmed
11018648,K00759.02,Kepler-230 c,CONFIRMED,91.7732862,0.606,6.473,652.0,2.12,359.0,3.92,19.1,2,11.0,5586.0,4.56,-0.3,0.798,0.844,285.71854,48.505859,15.082,1,confirmed
11138155,K00760.01,Kepler-1976 b,CONFIRMED,4.959319244,0.831,2.22739,9802.0,12.21,1103.0,349.4,696.5,1,269.0,5712.0,4.359,0.1,1.082,0.976,292.16705,48.727589,15.263,1,confirmed
11153539,K00762.01,Kepler-666 b,CONFIRMED,4.49876511,0.312,3.7362,460.0,2.1,1133.0,389.62,29.5,1,238.0,6075.0,4.486,-0.12,0.969,1.048,298.45685,48.791592,15.395,1,confirmed
9579641,K00115.01,Kepler-105 b,CONFIRMED,5.412203927,0.787,2.9472,601.6,2.94,1093.0,337.68,166.7,3,244.0,5779.0,4.339,-0.06,1.087,0.941,287.88733,46.276241,12.791,1,confirmed
11304958,K00764.01,Kepler-667 b,CONFIRMED,41.43958662,0.355,10.5989,2793.1,5.5,516.0,16.72,141.1,1,33.0,5468.0,4.367,0.22,1.046,0.93,295.55505,49.017342,15.4,1,confirmed
11391957,K00765.01,Kepler-668 b,CONFIRMED,8.35389523,0.023,2.2514,1041.6,2.52,790.0,91.9,43.4,1,127.0,5592.0,4.582,-0.28,0.787,0.862,285.49924,49.277351,15.317,1,confirmed
11403044,K00766.01,Kepler-669 b,CONFIRMED,4.125543472,0.597,3.1744,1487.3,4.43,1243.0,565.35,128.6,1,323.0,6174.0,4.417,0.1,1.103,1.162,291.93616,49.253979,15.506,1,confirmed
11414511,K00767.01,Kepler-670 b,CONFIRMED,2.816504904,0.105,2.50587,16813.7,12.21,1219.0,521.13,1406.8,1,474.0,5532.0,4.452,0.14,0.955,0.941,297.01547,49.225288,15.052,1,confirmed
12110942,K00786.01,Kepler-680 b,CONFIRMED,3.689920099,0.151,2.6557,426.7,1.89,1147.0,408.99,35.6,1,360.0,5880.0,4.518,-0.06,0.917,1.01,291.62241,50.61824,15.242,1,confirmed
12366084,K00787.01,Kepler-232 b,CONFIRMED,4.431238488,0.405,3.15,1010.9,3.25,1104.0,351.23,71.1,3,302.0,5714.0,4.428,0.16,1.015,1.007,295.81616,51.121738,15.367,1,confirmed
12366084,K00787.02,Kepler-232 c,CONFIRMED,11.37936986,0.911,2.6255,1023.5,3.95,806.0,99.68,37.9,3,109.0,5714.0,4.428,0.16,1.015,1.007,295.81616,51.121738,15.367,1,confirmed
12404086,K00788.01,Kepler-681 b,CONFIRMED,26.39432897,0.602,3.573,1510.9,3.07,489.0,13.49,48.2,1,51.0,5129.0,4.595,0.02,0.763,0.846,289.39972,51.25032,15.234,1,confirmed
8395660,K00116.01,Kepler-106 c,CONFIRMED,13.57078281,0.866,3.3539,511.7,2.64,785.0,89.61,88.4,4,101.0,5854.0,4.406,-0.12,1.012,0.951,300.86398,44.337551,12.882,1,confirmed
9579641,K00115.02,Kepler-105 c,CONFIRMED,7.12594387,0.898,3.0014,192.4,1.79,997.0,233.31,47.1,3,181.0,5779.0,4.339,-0.06,1.087,0.941,287.88733,46.276241,12.791,1,confirmed
11754553,K00775.01,Kepler-52 c,CONFIRMED,16.38489988,0.001,3.0249,1127.1,2.0,433.0,8.35,28.9,3,65.0,4126.0,4.661,0.04,0.615,0.633,286.73804,49.97575,15.095,1,confirmed
11754553,K00775.02,Kepler-52 b,CONFIRMED,7.8774163,0.041,2.0805,1306.1,2.16,553.0,22.18,38.7,3,135.0,4126.0,4.661,0.04,0.615,0.633,286.73804,49.97575,15.095,1,confirmed
11754553,K00775.03,Kepler-52 d,CONFIRMED,36.4454001,0.028,4.007,1122.3,1.99,332.0,2.88,21.7,3,27.0,4126.0,4.661,0.04,0.615,0.633,286.73804,49.97575,15.095,1,confirmed
11812062,K00776.01,Kepler-673 b,CONFIRMED,3.728732147,0.558,2.683,5226.5,6.02,1023.0,258.34,345.2,1,357.0,5497.0,4.577,-0.1,0.809,0.907,290.78574,50.054119,15.523,1,confirmed
11818800,K00777.01,,CANDIDATE,40.4195037,0.911,3.362,6256.0,7.51,467.0,11.29,36.9,1,36.0,5446.0,4.507,-0.54,0.781,0.714,294.31686,50.080231,15.487,0,candidate
11853255,K00778.01,Kepler-674 b,CONFIRMED,2.243380573,0.915,1.1196,821.7,1.99,822.0,107.6,38.9,1,472.0,4149.0,4.698,-0.32,0.564,0.578,285.17621,50.149818,15.135,1,confirmed
11918099,K00780.01,Kepler-675 b,CONFIRMED,2.337437946,0.28,1.9982,971.2,2.34,1070.0,311.16,82.4,2,578.0,5005.0,4.595,0.14,0.765,0.85,293.83331,50.23035,15.334,1,confirmed
11918099,K00780.02,,CANDIDATE,7.2406612,1.198,0.558,556.4,19.45,734.0,68.63,13.7,2,168.0,5005.0,4.595,0.14,0.765,0.85,293.83331,50.23035,15.334,0,candidate
9579641,K00115.03,,CANDIDATE,3.43591631,0.624,3.133,23.2,0.55,1272.0,617.61,8.7,3,357.0,5779.0,4.339,-0.06,1.087,0.941,287.88733,46.276241,12.791,0,candidate
11923270,K00781.01,Kepler-676 b,CONFIRMED,11.59822233,0.679,2.5237,2804.5,2.65,396.0,5.82,71.0,1,115.0,3688.0,4.79,0.0,0.473,0.503,296.22195,50.28722,15.937,1,confirmed
11960862,K00782.01,Kepler-677 b,CONFIRMED,6.575315881,0.39,4.3084,2793.3,5.31,1015.0,251.38,221.1,1,205.0,5992.0,4.415,-0.32,0.989,0.927,290.09805,50.321609,15.312,1,confirmed
12020329,K00783.01,Kepler-678 b,CONFIRMED,7.275040844,0.547,7.5377,3001.0,4.86,833.0,113.64,312.1,1,188.0,5485.0,4.556,0.21,0.867,0.986,295.45529,50.49456,15.08,1,confirmed
12066335,K00784.01,Kepler-231 c,CONFIRMED,19.27153892,0.031,2.7594,1219.8,1.93,393.0,5.66,37.1,2,67.0,4077.0,4.702,-0.24,0.56,0.576,293.97336,50.53191,15.385,1,confirmed
12066335,K00784.02,Kepler-231 b,CONFIRMED,10.06524317,0.628,1.369,1053.3,1.91,488.0,13.43,30.3,2,126.0,4077.0,4.702,-0.24,0.56,0.576,293.97336,50.53191,15.385,1,confirmed
12070811,K00785.01,Kepler-679 b,CONFIRMED,12.3935651,0.883,3.8896,916.6,2.66,677.0,49.68,35.8,1,107.0,5557.0,4.603,-0.4,0.75,0.832,296.02133,50.56778,15.505,1,confirmed
8395660,K00116.02,Kepler-106 e,CONFIRMED,43.84439721,0.852,6.802,615.2,2.87,531.0,18.77,83.7,4,29.0,5854.0,4.406,-0.12,1.012,0.951,300.86398,44.337551,12.882,1,confirmed
3342970,K00800.01,Kepler-234 b,CONFIRMED,2.711504086,0.023,3.0099,837.5,3.12,1420.0,960.79,64.5,2,494.0,6214.0,4.442,0.07,1.076,1.169,291.65353,38.494659,15.541,1,confirmed
3342970,K00800.02,Kepler-234 c,CONFIRMED,7.21203748,0.012,4.0491,950.4,3.32,1025.0,260.58,51.5,2,165.0,6214.0,4.442,0.07,1.076,1.169,291.65353,38.494659,15.541,1,confirmed
12470844,K00790.01,Kepler-233 b,CONFIRMED,8.47237911,0.022,2.7245,1123.5,2.59,751.0,75.44,47.6,2,159.0,5354.0,4.587,-0.08,0.788,0.884,296.36652,51.319519,15.339,1,confirmed
12470844,K00790.02,Kepler-233 c,CONFIRMED,60.4189369,0.094,5.039,931.3,2.36,390.0,5.49,20.1,2,22.0,5354.0,4.587,-0.08,0.788,0.884,296.36652,51.319519,15.339,1,confirmed
12644822,K00791.01,Kepler-682 b,CONFIRMED,12.611904345,0.55,5.1497,6105.6,7.4,753.0,76.15,277.2,1,104.0,5795.0,4.508,-0.02,0.919,0.992,289.11221,51.737381,15.14,1,confirmed
2713049,K00794.01,Kepler-683 b,CONFIRMED,2.539183147,0.238,2.4282,382.1,2.06,1332.0,743.09,38.9,1,528.0,5519.0,4.35,0.14,1.062,0.921,291.43997,37.905659,15.026,1,confirmed
3114167,K00795.01,Kepler-684 b,CONFIRMED,6.770300385,0.838,2.0844,1304.0,2.77,812.0,102.87,50.8,1,200.0,5653.0,4.656,-0.84,0.679,0.767,290.87051,38.273628,15.591,1,confirmed
3115833,K00797.01,,CANDIDATE,10.181584004,0.92,3.5089,5741.1,7.73,812.0,102.91,183.6,1,129.0,5988.0,4.541,-0.52,0.836,0.885,291.28195,38.241669,15.657,0,candidate
4139816,K00812.02,Kepler-235 d,CONFIRMED,20.06036336,0.556,3.3203,1494.7,1.96,361.0,4.0,35.2,4,59.0,3950.0,4.754,-0.46,0.493,0.502,286.07913,39.27832,15.954,1,confirmed
4139816,K00812.03,Kepler-235 e,CONFIRMED,46.1842039,0.013,4.758,1394.7,1.83,273.0,1.32,26.0,4,25.0,3950.0,4.754,-0.46,0.493,0.502,286.07913,39.27832,15.954,1,confirmed
8395660,K00116.04,Kepler-106 d,CONFIRMED,23.9800854,0.95,5.351,104.0,1.31,649.0,41.94,17.1,4,56.0,5854.0,4.406,-0.12,1.012,0.951,300.86398,44.337551,12.882,1,confirmed
4139816,K00812.04,Kepler-235 c,CONFIRMED,7.82502168,0.708,2.186,520.8,1.2,494.0,14.05,15.9,4,154.0,3950.0,4.754,-0.46,0.493,0.502,286.07913,39.27832,15.954,1,confirmed
4275191,K00813.01,Kepler-688 b,CONFIRMED,3.895936525,0.524,2.3111,8544.8,7.34,1005.0,241.62,370.8,1,275.0,5557.0,4.592,-0.3,0.774,0.866,294.65524,39.308361,15.725,1,confirmed
4476123,K00814.01,Kepler-689 b,CONFIRMED,22.36646466,0.4,5.228,986.8,2.32,536.0,19.45,32.1,1,48.0,5395.0,4.615,-0.34,0.734,0.821,294.71063,39.52174,15.583,1,confirmed
3351888,K00801.01,Kepler-685 b,CONFIRMED,1.625522174,0.076,2.38963,7969.0,9.73,1579.0,1467.41,799.7,1,657.0,5539.0,4.322,0.16,1.106,0.935,293.87192,38.422939,15.001,1,confirmed
3453214,K00802.01,,CANDIDATE,19.620346923,0.458,2.0038,21724.6,13.6,643.0,40.39,340.5,1,52.0,5710.0,4.492,-0.1,0.905,0.928,293.81619,38.563568,15.562,0,candidate
3641726,K00804.01,Kepler-1727 b,CONFIRMED,9.02930689,0.024,3.1449,1019.8,2.57,757.0,77.75,53.9,1,146.0,5349.0,4.526,-0.12,0.82,0.824,290.33362,38.72823,15.387,1,confirmed
3832474,K00806.01,Kepler-30 d,CONFIRMED,143.2063047,0.379,8.9302,10565.7,8.9,308.0,2.14,138.8,5,9.0,5485.0,4.556,0.21,0.867,0.986,285.28363,38.947281,15.403,1,confirmed
8395660,K00116.03,Kepler-106 b,CONFIRMED,6.164876,0.646,3.262,55.8,0.79,1021.0,256.35,14.4,4,207.0,5854.0,4.406,-0.12,1.012,0.951,300.86398,44.337551,12.882,1,confirmed
3832474,K00806.02,Kepler-30 c,CONFIRMED,60.32494216,0.224,6.6188,20280.4,12.19,411.0,6.77,347.2,5,22.0,5485.0,4.556,0.21,0.867,0.986,285.28363,38.947281,15.403,1,confirmed
3832474,K00806.03,Kepler-30 b,CONFIRMED,29.1598615,0.3619,4.803,488.0,1.91,524.0,17.85,11.6,5,,5485.0,4.556,0.21,0.867,0.986,285.28363,38.947281,15.403,1,confirmed
3935914,K00809.01,Kepler-686 b,CONFIRMED,1.594745374,0.514,1.9604,15044.5,11.3,1539.0,1329.42,1009.3,1,762.0,5934.0,4.491,-0.38,0.893,0.901,285.21381,39.027481,15.53,1,confirmed
3940418,K00810.01,Kepler-1728 b,CONFIRMED,4.783002698,0.003,2.335,1008.7,2.5,886.0,145.48,70.6,1,281.0,5170.0,4.574,0.18,0.807,0.891,287.09399,39.060719,15.119,1,confirmed
4049131,K00811.01,Kepler-687 b,CONFIRMED,20.50588921,0.26,4.0595,2105.5,3.41,518.0,17.06,78.5,1,69.0,4905.0,4.544,-0.04,0.761,0.739,289.31543,39.153278,15.398,1,confirmed
4139816,K00812.01,Kepler-235 b,CONFIRMED,3.340218842,0.466,1.9104,1632.6,2.03,656.0,43.73,71.6,4,398.0,3950.0,4.754,-0.46,0.493,0.502,286.07913,39.27832,15.954,1,confirmed
5358241,K00829.01,Kepler-53 b,CONFIRMED,18.64932728,0.08,4.4056,893.6,3.12,701.0,57.13,46.1,3,71.0,5775.0,4.405,0.16,1.053,1.026,290.46176,40.562462,15.386,1,confirmed
10875245,K00117.02,Kepler-107 c,CONFIRMED,4.90144976,0.529,4.1654,140.7,1.7,1262.0,598.74,50.6,4,193.0,5847.0,4.191,0.26,1.402,1.113,297.02826,48.208611,12.487,1,confirmed
5358241,K00829.02,Kepler-53 d,CONFIRMED,9.75192101,0.949,4.793,418.0,2.76,870.0,135.66,28.5,3,132.0,5775.0,4.405,0.16,1.053,1.026,290.46176,40.562462,15.386,1,confirmed
5358241,K00829.03,Kepler-53 c,CONFIRMED,38.5576546,0.911,5.794,993.0,4.02,550.0,21.71,39.7,3,37.0,5775.0,4.405,0.16,1.053,1.026,290.46176,40.562462,15.386,1,confirmed
5358624,K00830.01,Kepler-428 b,CONFIRMED,3.525632539,0.12,2.59959,22335.0,11.58,975.0,213.12,1996.7,1,382.0,5150.0,4.572,0.08,0.793,0.855,290.58173,40.5774,15.224,1,confirmed
4544670,K00815.01,,CANDIDATE,34.84398644,0.934,2.9315,4523.6,7.61,511.0,16.1,76.8,1,40.0,5509.0,4.482,-0.16,0.871,0.84,285.92001,39.624828,15.684,0,candidate
4664847,K00816.01,Kepler-690 b,CONFIRMED,7.748094239,0.517,3.5957,2472.1,5.52,964.0,204.39,113.2,1,133.0,5973.0,4.439,0.36,1.085,1.181,294.4899,39.771439,15.67,1,confirmed
4725681,K00817.01,Kepler-236 c,CONFIRMED,23.96793669,0.416,3.827,1182.3,1.8,329.0,2.77,27.5,2,43.0,3747.0,4.728,0.1,0.524,0.536,283.86639,39.898079,15.414,1,confirmed
4725681,K00817.02,Kepler-236 b,CONFIRMED,8.29561738,0.888,1.3421,824.3,1.82,469.0,11.39,17.9,2,119.0,3747.0,4.728,0.1,0.524,0.536,283.86639,39.898079,15.414,1,confirmed
4913852,K00818.01,Kepler-691 b,CONFIRMED,8.11437482,0.573,2.2736,1558.0,2.1,460.0,10.55,56.4,1,167.0,3692.0,4.753,0.28,0.517,0.553,288.81201,40.033401,15.877,1,confirmed
4936180,K00820.01,,CANDIDATE,4.64090031,1.28,35.512,2450.6,30.09,1155.0,421.08,296.9,1,227.0,6463.0,4.5,-1.66,0.826,0.786,295.11371,40.071171,15.27,0,candidate
10875245,K00117.01,Kepler-107 e,CONFIRMED,14.74914825,0.173,6.0995,430.2,2.89,874.0,137.91,107.4,4,72.0,5847.0,4.191,0.26,1.402,1.113,297.02826,48.208611,12.487,1,confirmed
5021899,K00821.01,Kepler-692 b,CONFIRMED,21.81295996,0.053,4.3791,1175.4,3.38,639.0,39.33,37.8,1,45.0,5601.0,4.41,0.08,0.999,0.934,294.77686,40.15374,15.54,1,confirmed
5115978,K00823.01,,CANDIDATE,1.028436523,1.5734,1.8606,8098.0,72.77,1947.0,3400.48,89.6,1,,6228.0,4.428,-0.44,0.99,0.959,296.00699,40.295429,15.202,0,candidate
5164255,K00824.01,Kepler-693 b,CONFIRMED,15.37562369,0.692,3.3169,15337.0,11.01,600.0,30.54,166.0,1,50.0,4986.0,4.496,0.16,0.833,0.793,283.25354,40.358189,16.422,1,confirmed
5252423,K00825.01,Kepler-237 c,CONFIRMED,8.10363271,0.047,3.161,887.9,2.11,687.0,52.82,39.3,2,131.0,4861.0,4.574,-0.08,0.732,0.733,283.22141,40.421829,15.289,1,confirmed
5252423,K00825.02,Kepler-237 b,CONFIRMED,4.71510843,0.258,2.506,417.5,1.46,823.0,108.84,21.3,2,208.0,4861.0,4.574,-0.08,0.732,0.733,283.22141,40.421829,15.289,1,confirmed
5272878,K00826.01,Kepler-694 b,CONFIRMED,6.365839713,0.524,2.9721,780.7,2.44,914.0,165.33,70.8,1,216.0,5776.0,4.554,-0.18,0.849,0.939,291.14951,40.420521,15.09,1,confirmed
5651104,K00840.01,Kepler-695 b,CONFIRMED,3.04033046,0.736,1.8411,10858.8,8.99,1021.0,257.29,568.2,1,440.0,5035.0,4.519,-0.06,0.791,0.754,299.3161,40.82238,15.028,1,confirmed
5792202,K00841.01,Kepler-27 b,CONFIRMED,15.33528675,0.773,3.897,3081.4,5.0,610.0,32.67,86.6,5,85.0,5251.0,4.581,0.21,0.817,0.926,292.23676,41.08588,15.855,1,confirmed
10875245,K00117.04,Kepler-107 d,CONFIRMED,7.95825328,0.706,4.377,50.0,1.06,1074.0,314.15,14.7,4,109.0,5847.0,4.191,0.26,1.402,1.113,297.02826,48.208611,12.487,1,confirmed
5792202,K00841.02,Kepler-27 c,CONFIRMED,31.33046135,0.798,5.176,5073.8,6.5,481.0,12.61,117.2,5,46.0,5251.0,4.581,0.21,0.817,0.926,292.23676,41.08588,15.855,1,confirmed
5436502,K00834.01,Kepler-238 e,CONFIRMED,23.65369415,0.008,8.2183,3341.8,7.89,731.0,67.65,266.3,5,57.0,5739.0,4.191,0.3,1.384,1.083,287.89713,40.637821,15.084,1,confirmed
5436502,K00834.02,Kepler-238 d,CONFIRMED,13.23352214,0.014,6.7372,504.6,3.06,888.0,146.67,49.1,5,97.0,5739.0,4.191,0.3,1.384,1.083,287.89713,40.637821,15.084,1,confirmed
5436502,K00834.03,Kepler-238 c,CONFIRMED,6.15560285,0.235,4.9843,285.0,2.32,1146.0,406.94,35.1,5,203.0,5739.0,4.191,0.3,1.384,1.083,287.89713,40.637821,15.084,1,confirmed
5436502,K00834.04,Kepler-238 b,CONFIRMED,2.090811305,0.746,3.388,115.9,1.62,1642.0,1718.04,19.9,5,527.0,5739.0,4.191,0.3,1.384,1.083,287.89713,40.637821,15.084,1,confirmed
10875245,K00117.03,Kepler-107 b,CONFIRMED,3.180027898,0.196,3.5797,120.3,1.53,1458.0,1066.86,50.4,4,323.0,5847.0,4.191,0.26,1.402,1.113,297.02826,48.208611,12.487,1,confirmed
5436502,K00834.05,Kepler-238 f,CONFIRMED,50.4467417,0.379,7.159,370.3,2.67,568.0,24.64,19.4,5,22.0,5739.0,4.191,0.3,1.384,1.083,287.89713,40.637821,15.084,1,confirmed
5456651,K00835.01,Kepler-239 b,CONFIRMED,11.76307164,0.048,2.9076,1037.3,2.35,616.0,33.99,48.9,2,88.0,4959.0,4.603,0.16,0.756,0.849,294.20215,40.66341,15.208,1,confirmed
5456651,K00835.02,Kepler-239 c,CONFIRMED,56.2279271,0.7,3.57,862.7,2.37,366.0,4.22,20.9,2,18.0,4959.0,4.603,0.16,0.756,0.849,294.20215,40.66341,15.208,1,confirmed
5531576,K00837.01,Kepler-240 c,CONFIRMED,7.953547,0.3,2.6312,875.4,2.25,696.0,55.37,38.4,2,166.0,4768.0,4.536,0.18,0.779,0.759,291.15878,40.750271,15.66,1,confirmed
5531576,K00837.02,Kepler-240 b,CONFIRMED,4.14451656,0.004,2.3421,391.8,1.48,864.0,132.08,22.8,2,316.0,4768.0,4.536,0.18,0.779,0.759,291.15878,40.750271,15.66,1,confirmed
6291653,K00850.01,Kepler-702 b,CONFIRMED,10.526294577,0.644,2.5211,9768.0,8.24,713.0,61.16,482.3,1,129.0,5386.0,4.553,-0.2,0.793,0.82,293.87811,41.66177,15.305,1,confirmed
6392727,K00851.01,Kepler-703 b,CONFIRMED,4.583520948,0.045,2.7055,3812.1,5.39,1038.0,274.98,99.5,1,297.0,5815.0,4.54,-0.12,0.877,0.973,299.18686,41.74268,15.287,1,confirmed
6422070,K00852.01,Kepler-704 b,CONFIRMED,3.76181843,0.926,3.5176,510.6,2.66,1121.0,372.62,35.9,1,273.0,5653.0,4.472,0.1,0.949,0.974,283.31638,41.83712,15.257,1,confirmed
6428700,K00853.01,Kepler-242 b,CONFIRMED,8.20396958,0.823,2.9667,1024.4,3.01,742.0,71.5,54.4,2,162.0,5015.0,4.499,0.1,0.826,0.785,286.5657,41.808399,15.376,1,confirmed
6428700,K00853.02,Kepler-242 c,CONFIRMED,14.49645186,0.97,4.016,647.5,3.01,613.0,33.48,25.7,2,89.0,5015.0,4.499,0.1,0.826,0.785,286.5657,41.808399,15.376,1,confirmed
5792202,K00841.03,Kepler-27 d,CONFIRMED,6.54626149,0.644,2.75,655.9,2.19,810.0,101.78,24.8,5,200.0,5251.0,4.581,0.21,0.817,0.926,292.23676,41.08588,15.855,1,confirmed
5794379,K00842.01,Kepler-241 b,CONFIRMED,12.71809866,0.427,3.0957,1149.4,2.31,562.0,23.6,52.7,2,107.0,4702.0,4.592,-0.22,0.686,0.67,292.91312,41.060921,15.389,1,confirmed
5794379,K00842.02,Kepler-241 c,CONFIRMED,36.06588163,0.26,4.3246,1563.8,2.64,397.0,5.88,51.7,2,38.0,4702.0,4.592,-0.22,0.686,0.67,292.91312,41.060921,15.389,1,confirmed
5881688,K00843.01,Kepler-696 b,CONFIRMED,4.190425659,0.458,2.8589,2877.4,6.21,1234.0,547.9,240.6,1,318.0,6073.0,4.392,0.2,1.135,1.163,293.49661,41.137589,15.27,1,confirmed
6022556,K00844.01,Kepler-697 b,CONFIRMED,3.709870784,0.023,3.0694,2020.3,4.35,1151.0,415.1,116.1,1,279.0,5727.0,4.463,0.14,0.978,1.013,283.86441,41.346458,15.581,1,confirmed
6032497,K00845.01,Kepler-698 b,CONFIRMED,16.3297527,0.791,6.271,1187.5,3.75,727.0,66.08,74.6,1,85.0,5878.0,4.444,-0.06,0.987,0.989,288.51001,41.301769,15.447,1,confirmed
6061119,K00846.01,Kepler-699 b,CONFIRMED,27.807566216,0.782,4.21587,25391.1,13.84,554.0,22.24,748.1,1,50.0,5862.0,4.584,-0.52,0.785,0.865,296.88821,41.396091,15.482,1,confirmed
6191521,K00847.01,Kepler-700 b,CONFIRMED,80.8723469,0.527,11.195,3604.6,7.59,452.0,9.88,160.9,1,17.0,5510.0,4.222,0.16,1.238,0.932,287.1543,41.565788,15.201,1,confirmed
3531558,K00118.01,Kepler-467 b,CONFIRMED,24.99324319,0.686,5.9409,269.6,2.29,712.0,60.88,62.0,1,53.0,5718.0,4.181,0.0,1.317,0.961,287.36279,38.649601,12.377,1,confirmed
6276477,K00849.01,Kepler-701 b,CONFIRMED,10.35533116,0.029,3.1775,750.6,2.47,777.0,86.22,49.2,1,127.0,5501.0,4.462,0.02,0.918,0.891,288.9942,41.633282,15.018,1,confirmed
6863998,K00867.01,Kepler-709 b,CONFIRMED,16.08518937,0.867,3.984,1442.4,3.68,613.0,33.43,62.6,1,82.0,5239.0,4.523,0.0,0.826,0.83,292.10519,42.380322,15.219,1,confirmed
6867155,K00868.01,,CANDIDATE,235.9986399,0.778,8.2284,20714.6,10.59,188.0,0.29,271.8,1,6.0,4245.0,4.627,0.12,0.657,0.666,293.00797,42.307201,15.172,0,candidate
6948054,K00869.01,Kepler-245 b,CONFIRMED,7.49018305,0.02,2.7297,1123.6,2.56,753.0,76.06,53.0,4,178.0,5103.0,4.562,0.04,0.787,0.823,291.63898,42.436321,15.599,1,confirmed
6948054,K00869.02,Kepler-245 d,CONFIRMED,36.2761238,0.035,4.7865,1572.6,3.03,445.0,9.29,45.5,4,39.0,5103.0,4.562,0.04,0.787,0.823,291.63898,42.436321,15.599,1,confirmed
6948054,K00869.03,Kepler-245 c,CONFIRMED,17.46087931,0.594,2.2641,812.4,2.32,568.0,24.6,22.6,4,69.0,5103.0,4.562,0.04,0.787,0.823,291.63898,42.436321,15.599,1,confirmed
6435936,K00854.01,Kepler-705 b,CONFIRMED,56.0560754,0.018,4.685,1626.0,1.94,233.0,0.69,27.4,1,24.0,3593.0,4.757,0.26,0.491,0.503,289.50848,41.812119,15.849,1,confirmed
6522242,K00855.01,Kepler-706 b,CONFIRMED,41.408316686,0.377,5.0264,22838.9,11.38,453.0,9.93,907.8,1,33.0,5522.0,4.586,-0.46,0.747,0.786,291.76041,41.944069,15.196,1,confirmed
6526710,K00856.01,,CANDIDATE,39.74893077,0.881,7.3051,15178.9,14.21,552.0,21.87,561.1,1,34.0,6122.0,4.487,-0.18,0.964,1.041,293.17929,41.969238,15.344,0,candidate
6587280,K00857.01,Kepler-243 b,CONFIRMED,5.715425977,0.348,2.5242,908.1,2.47,850.0,123.03,59.4,2,181.0,5237.0,4.572,0.24,0.826,0.927,285.11047,42.033958,15.086,1,confirmed
9471974,K00119.01,Kepler-108 b,CONFIRMED,49.18394185,0.035,11.3364,1646.2,8.2,669.0,47.4,355.7,2,29.0,5626.0,3.907,0.36,2.057,1.247,294.55917,46.062328,12.654,1,confirmed
6587280,K00857.02,Kepler-243 c,CONFIRMED,20.0261412,0.957,1.611,421.2,2.28,559.0,23.14,10.7,2,54.0,5237.0,4.572,0.24,0.826,0.927,285.11047,42.033958,15.086,1,confirmed
6599919,K00858.01,,CANDIDATE,13.61014819,1.081,2.594,5732.9,19.02,733.0,68.29,184.1,1,101.0,5697.0,4.46,-0.26,0.903,0.857,289.89777,42.009151,15.06,0,candidate
6685526,K00861.01,Kepler-707 b,CONFIRMED,2.237489571,0.128,1.8119,315.8,1.41,1160.0,427.17,30.7,1,595.0,5265.0,4.58,0.14,0.81,0.91,290.00757,42.116459,15.001,1,confirmed
6784235,K00863.01,Kepler-708 b,CONFIRMED,3.167893418,0.026,2.1814,781.2,2.62,1221.0,526.23,64.8,1,430.0,5895.0,4.503,-0.02,0.94,1.026,293.81647,42.212502,15.533,1,confirmed
6849310,K00864.01,Kepler-244 b,CONFIRMED,4.311780262,0.196,2.7251,1154.0,3.11,1038.0,274.84,86.1,3,299.0,5527.0,4.484,0.16,0.927,0.956,287.24268,42.301369,15.604,1,confirmed
6849310,K00864.02,Kepler-244 d,CONFIRMED,20.0504494,0.383,4.556,840.9,2.69,622.0,35.44,37.8,3,64.0,5527.0,4.484,0.16,0.927,0.956,287.24268,42.301369,15.604,1,confirmed
6849310,K00864.03,Kepler-244 c,CONFIRMED,9.76734503,0.9,1.6585,569.1,2.67,791.0,92.46,21.1,3,122.0,5527.0,4.484,0.16,0.927,0.956,287.24268,42.301369,15.604,1,confirmed
6862328,K00865.01,,CANDIDATE,119.0207044,0.076,8.1405,7430.5,8.98,366.0,4.25,223.5,1,11.0,5453.0,4.342,0.16,1.062,0.904,291.58377,42.36816,15.085,0,candidate
9471974,K00119.02,Kepler-108 c,CONFIRMED,190.3200468,0.812,15.284,1141.7,7.78,426.0,7.8,139.3,2,7.0,5626.0,3.907,0.36,2.057,1.247,294.55917,46.062328,12.654,1,confirmed
7366258,K00880.01,Kepler-82 b,CONFIRMED,26.44439337,0.03,3.9783,1843.5,3.91,562.0,23.54,88.0,4,53.0,5427.0,4.463,0.16,0.929,0.915,292.87338,42.966141,15.158,1,confirmed
7366258,K00880.02,Kepler-82 c,CONFIRMED,51.53997972,0.183,6.3994,3644.3,5.51,450.0,9.67,155.5,4,28.0,5427.0,4.463,0.16,0.929,0.915,292.87338,42.966141,15.158,1,confirmed
7366258,K00880.03,Kepler-82 e,CONFIRMED,5.902245782,0.209,2.9003,702.3,2.43,926.0,173.74,59.3,4,220.0,5427.0,4.463,0.16,0.929,0.915,292.87338,42.966141,15.158,1,confirmed
7366258,K00880.04,Kepler-82 d,CONFIRMED,2.382951591,0.479,1.8876,391.6,1.86,1253.0,583.01,41.4,4,515.0,5427.0,4.463,0.16,0.929,0.915,292.87338,42.966141,15.158,1,confirmed
7373451,K00881.01,Kepler-712 b,CONFIRMED,21.02250608,0.036,4.1072,1772.5,3.07,521.0,17.48,62.4,2,67.0,5067.0,4.585,-0.08,0.75,0.789,294.90973,42.935261,15.859,1,confirmed
6948054,K00869.04,Kepler-245 e,CONFIRMED,3.219814777,0.06,2.0642,488.2,1.69,998.0,234.93,30.5,4,391.0,5103.0,4.562,0.04,0.787,0.823,291.63898,42.436321,15.599,1,confirmed
6949607,K00870.01,Kepler-28 b,CONFIRMED,5.912273234,0.17,2.3254,961.4,1.73,585.0,27.72,62.8,2,227.0,4072.0,4.696,-0.18,0.57,0.586,292.13702,42.42942,15.036,1,confirmed
6949607,K00870.02,Kepler-28 c,CONFIRMED,8.98581901,0.008,2.8606,881.3,1.65,509.0,15.9,51.8,2,145.0,4072.0,4.696,-0.18,0.57,0.586,292.13702,42.42942,15.036,1,confirmed
7031517,K00871.01,,CANDIDATE,12.940668656,0.897,2.4845,42450.0,22.94,723.0,64.64,307.5,1,100.0,5875.0,4.572,-0.42,0.809,0.895,291.11969,42.507069,15.215,0,candidate
7109675,K00872.01,Kepler-46 b,CONFIRMED,33.60123371,0.67,4.4056,7425.9,8.46,495.0,14.22,247.9,2,39.0,5149.0,4.447,0.42,0.93,0.882,289.26874,42.604172,15.262,1,confirmed
7109675,K00872.02,Kepler-46 d,CONFIRMED,6.76652928,0.429,2.9004,450.7,1.97,845.0,120.48,29.2,2,194.0,5149.0,4.447,0.42,0.93,0.882,289.26874,42.604172,15.262,1,confirmed
7118364,K00873.01,Kepler-710 b,CONFIRMED,4.347288783,0.025,2.1024,451.6,2.36,1174.0,449.79,39.7,1,307.0,5754.0,4.345,0.16,1.122,1.014,291.96417,42.69614,15.024,1,confirmed
7134976,K00874.01,Kepler-246 b,CONFIRMED,4.601811819,0.567,2.2607,755.9,2.35,896.0,152.91,60.8,2,295.0,4986.0,4.496,0.16,0.833,0.793,296.48343,42.663429,15.024,1,confirmed
7134976,K00874.02,Kepler-246 c,CONFIRMED,11.18719905,0.387,3.252,353.6,1.55,667.0,46.65,21.9,2,117.0,4986.0,4.496,0.16,0.833,0.793,296.48343,42.663429,15.024,1,confirmed
7135852,K00875.01,Kepler-1729 b,CONFIRMED,4.220965778,0.705,3.0854,2260.0,2.62,595.0,29.68,157.8,1,321.0,3837.0,4.747,-0.06,0.517,0.544,296.69394,42.62611,15.692,1,confirmed
7287995,K00877.01,Kepler-81 b,CONFIRMED,5.95489993,0.327,2.3892,1410.7,2.33,635.0,38.52,87.2,3,226.0,4261.0,4.641,-0.06,0.633,0.64,293.63696,42.82497,15.019,1,confirmed
7287995,K00877.02,Kepler-81 c,CONFIRMED,12.03987488,0.286,2.7363,1250.6,2.18,502.0,15.06,57.6,3,106.0,4261.0,4.641,-0.06,0.633,0.64,293.63696,42.82497,15.019,1,confirmed
7287995,K00877.03,Kepler-81 d,CONFIRMED,20.83762895,0.706,2.3734,439.0,1.42,418.0,7.24,14.9,3,67.0,4261.0,4.641,-0.06,0.633,0.64,293.63696,42.82497,15.019,1,confirmed
7303253,K00878.01,Kepler-711 b,CONFIRMED,23.58917143,0.926,5.073,1200.7,3.16,487.0,13.34,53.3,1,56.0,4919.0,4.566,-0.24,0.721,0.697,297.46002,42.83992,15.316,1,confirmed
5094751,K00123.01,Kepler-109 b,CONFIRMED,6.481633073,0.833,3.784,298.5,2.54,1145.0,406.25,125.6,2,214.0,5945.0,4.213,-0.08,1.302,1.009,290.39273,40.28487,12.365,1,confirmed
7678434,K00892.01,Kepler-716 b,CONFIRMED,10.37168928,0.537,3.035,1254.9,3.2,720.0,63.68,64.5,2,128.0,5121.0,4.457,0.18,0.888,0.822,290.39322,43.363899,15.193,1,confirmed
7678434,K00892.02,Kepler-716 c,CONFIRMED,3.96996298,0.836,1.1757,299.2,1.78,992.0,229.37,15.0,2,320.0,5121.0,4.457,0.18,0.888,0.822,290.39322,43.363899,15.193,1,confirmed
7685981,K00893.01,Kepler-717 b,CONFIRMED,4.40841331,0.899,5.012,549.4,2.66,1139.0,398.0,45.1,1,279.0,6007.0,4.457,-0.24,0.961,0.968,292.96555,43.34639,15.662,1,confirmed
7373451,K00881.02,Kepler-712 c,CONFIRMED,226.8904775,0.731,7.558,3136.4,4.53,236.0,0.73,46.8,2,7.0,5067.0,4.585,-0.08,0.75,0.789,294.90973,42.935261,15.859,1,confirmed
7380537,K00883.01,,CANDIDATE,2.688899233,0.001,2.11275,37491.6,12.04,929.0,175.76,1011.6,1,499.0,4820.0,4.667,-0.4,0.639,0.699,296.68307,42.967869,15.766,0,candidate
7434875,K00884.01,Kepler-247 c,CONFIRMED,9.439459486,0.049,2.8979,3036.1,4.16,686.0,52.32,175.2,3,144.0,5097.0,4.597,0.21,0.779,0.891,288.64252,43.039291,15.067,1,confirmed
8349582,K00122.01,Kepler-95 b,CONFIRMED,11.523067458,0.0,3.8757,507.3,3.13,927.0,174.81,142.0,1,116.0,5644.0,4.162,0.3,1.411,1.053,284.48245,44.398041,12.346,1,confirmed
7434875,K00884.02,Kepler-247 d,CONFIRMED,20.47748843,0.497,2.8364,1382.4,2.92,530.0,18.65,52.7,3,59.0,5097.0,4.597,0.21,0.779,0.891,288.64252,43.039291,15.067,1,confirmed
7434875,K00884.03,Kepler-247 b,CONFIRMED,3.336123113,0.252,1.9616,516.3,1.74,970.0,209.79,41.6,3,386.0,5097.0,4.597,0.21,0.779,0.891,288.64252,43.039291,15.067,1,confirmed
7455287,K00886.01,Kepler-54 b,CONFIRMED,8.01078456,0.192,2.312,1333.6,1.72,453.0,9.9,48.5,3,168.0,3713.0,4.779,-0.12,0.47,0.484,294.77393,43.056301,15.847,1,confirmed
7455287,K00886.02,Kepler-54 c,CONFIRMED,12.07134205,0.014,4.3224,759.2,1.29,395.0,5.74,31.0,3,112.0,3713.0,4.779,-0.12,0.47,0.484,294.77393,43.056301,15.847,1,confirmed
7455287,K00886.03,Kepler-54 d,CONFIRMED,20.99587872,0.228,2.6333,767.3,1.3,328.0,2.74,18.2,3,55.0,3713.0,4.779,-0.12,0.47,0.484,294.77393,43.056301,15.847,1,confirmed
7458762,K00887.01,Kepler-713 b,CONFIRMED,7.41113177,0.712,2.5242,620.5,2.45,905.0,158.11,50.4,1,181.0,5849.0,4.517,-0.02,0.919,1.014,295.65149,43.029831,15.031,1,confirmed
757450,K00889.01,Kepler-75 b,CONFIRMED,8.884922995,0.069,2.07004,16053.4,10.51,770.0,83.21,388.2,1,153.0,5332.0,4.5,-0.08,0.843,0.821,291.1376,36.577381,15.264,1,confirmed
7585481,K00890.01,Kepler-714 b,CONFIRMED,8.09888906,0.018,4.20241,6911.1,8.95,986.0,223.19,435.9,1,168.0,6214.0,4.442,0.07,1.076,1.169,282.69952,43.272739,15.261,1,confirmed
7663691,K00891.01,Kepler-715 b,CONFIRMED,10.00653012,0.862,5.344,936.1,3.52,876.0,139.21,71.9,1,135.0,6063.0,4.47,-0.02,1.001,1.079,283.63077,43.379398,15.063,1,confirmed
5812701,K00012.01,Kepler-448 b,CONFIRMED,17.855221681,0.075,7.41287,9065.2,13.16,911.0,163.04,915.7,1,75.0,6823.0,4.308,0.07,1.367,1.386,297.45374,41.01099,11.353,1,confirmed
8013419,K00901.01,,CANDIDATE,12.732624065,0.811,2.2083,6465.7,4.87,432.0,8.22,210.5,1,110.0,3950.0,4.721,-0.14,0.541,0.563,285.16748,43.876339,15.75,0,candidate
8018547,K00902.01,,CANDIDATE,83.92494032,0.658,6.7904,7958.7,4.78,226.0,0.62,182.1,1,18.0,3960.0,4.746,-0.36,0.509,0.526,287.85239,43.897991,15.754,0,candidate
8039892,K00903.01,Kepler-719 b,CONFIRMED,5.007316661,0.344,4.2362,6932.3,6.96,998.0,234.28,431.4,1,271.0,5865.0,4.563,-0.34,0.827,0.914,295.53613,43.884449,15.813,1,confirmed
8150320,K00904.01,Kepler-55 d,CONFIRMED,2.211116989,0.69,1.6485,724.2,1.85,931.0,177.19,42.6,5,603.0,4500.0,4.656,-0.02,0.646,0.71,285.16833,44.026459,15.791,1,confirmed
8150320,K00904.02,Kepler-55 b,CONFIRMED,27.9541337,0.063,3.95,942.5,1.9,400.0,6.04,25.4,5,48.0,4500.0,4.656,-0.02,0.646,0.71,285.16833,44.026459,15.791,1,confirmed
11086270,K00124.01,Kepler-110 b,CONFIRMED,12.69104387,0.008,3.7727,252.1,2.57,1008.0,244.3,60.2,2,108.0,5869.0,4.024,-0.16,1.626,1.019,292.92914,48.60281,12.935,1,confirmed
7825899,K00896.01,Kepler-248 c,CONFIRMED,16.23947096,0.043,4.0374,2590.7,4.14,598.0,30.14,123.8,3,83.0,5191.0,4.564,0.34,0.837,0.937,293.0614,43.58136,15.258,1,confirmed
7825899,K00896.02,Kepler-248 b,CONFIRMED,6.308201629,0.03,2.9785,1328.5,2.96,819.0,106.44,86.2,3,205.0,5191.0,4.564,0.34,0.837,0.937,293.0614,43.58136,15.258,1,confirmed
7849854,K00897.01,Kepler-718 b,CONFIRMED,2.052349884,0.437,2.0778,14280.6,13.12,1497.0,1183.18,1072.1,1,650.0,5855.0,4.393,0.14,1.08,1.049,299.56189,43.503559,15.257,1,confirmed
7870390,K00898.01,Kepler-83 b,CONFIRMED,9.7704486,0.09,2.4517,1897.8,2.23,460.0,10.59,58.0,3,135.0,3906.0,4.73,-0.32,0.509,0.508,282.23251,43.66563,15.777,1,confirmed
7870390,K00898.02,Kepler-83 d,CONFIRMED,5.169804269,0.351,2.153,1037.4,1.66,569.0,24.75,41.4,3,256.0,3906.0,4.73,-0.32,0.509,0.508,282.23251,43.66563,15.777,1,confirmed
5094751,K00123.02,Kepler-109 c,CONFIRMED,21.22261195,0.02,6.5093,366.0,2.48,771.0,83.56,114.9,2,64.0,5945.0,4.213,-0.08,1.302,1.009,290.39273,40.28487,12.365,1,confirmed
7870390,K00898.03,Kepler-83 c,CONFIRMED,20.09017037,0.886,4.154,1432.1,2.25,362.0,4.05,36.9,3,63.0,3906.0,4.73,-0.32,0.509,0.508,282.23251,43.66563,15.777,1,confirmed
7907423,K00899.01,Kepler-249 c,CONFIRMED,7.11373257,0.334,2.1764,807.6,1.16,429.0,8.01,44.4,3,186.0,3561.0,4.855,0.0,0.411,0.44,296.98505,43.65852,15.234,1,confirmed
7907423,K00899.02,Kepler-249 b,CONFIRMED,3.306551643,0.001,1.8177,509.2,0.91,554.0,22.19,37.8,3,398.0,3561.0,4.855,0.0,0.411,0.44,296.98505,43.65852,15.234,1,confirmed
7907423,K00899.03,Kepler-249 d,CONFIRMED,15.36845737,0.115,2.4714,756.1,1.11,332.0,2.86,30.9,3,82.0,3561.0,4.855,0.0,0.411,0.44,296.98505,43.65852,15.234,1,confirmed
7938496,K00900.01,Kepler-1730 b,CONFIRMED,13.81020318,0.791,3.048,1309.7,4.56,833.0,113.75,46.2,1,90.0,5942.0,4.327,-0.04,1.142,1.009,281.96063,43.70311,15.425,1,confirmed
8490993,K00911.01,Kepler-722 b,CONFIRMED,4.093578461,0.93,2.5833,538.6,2.85,1182.0,461.07,36.4,2,328.0,6077.0,4.471,-0.04,0.999,1.077,290.26328,44.55645,15.399,1,confirmed
8490993,K00911.02,Kepler-722 c,CONFIRMED,105.145959,0.964,8.593,685.4,3.43,401.0,6.09,15.4,2,13.0,6077.0,4.471,-0.04,0.999,1.077,290.26328,44.55645,15.399,1,confirmed
8505670,K00912.01,Kepler-252 c,CONFIRMED,10.8484518,0.21,2.9993,1675.6,2.34,499.0,14.66,64.5,2,122.0,4201.0,4.682,-0.2,0.591,0.609,295.57935,44.545959,15.058,1,confirmed
8505670,K00912.02,Kepler-252 b,CONFIRMED,6.66833241,0.644,1.915,362.3,1.18,587.0,28.06,14.2,2,192.0,4201.0,4.682,-0.2,0.591,0.609,295.57935,44.545959,15.058,1,confirmed
8544996,K00913.01,Kepler-723 b,CONFIRMED,4.082274889,0.093,3.23015,17859.2,10.55,1016.0,251.48,1669.1,1,329.0,5655.0,4.581,-0.3,0.794,0.886,284.83047,44.658138,15.198,1,confirmed
8552202,K00914.01,,CANDIDATE,3.886655224,0.649,3.1646,581.6,1.87,1010.0,246.29,48.1,1,343.0,5662.0,4.61,-0.54,0.738,0.813,288.72665,44.60751,15.371,0,candidate
8150320,K00904.03,Kepler-55 c,CONFIRMED,42.1406089,0.045,5.083,895.5,1.85,349.0,3.49,21.6,5,28.0,4500.0,4.656,-0.02,0.646,0.71,285.16833,44.026459,15.791,1,confirmed
8150320,K00904.04,Kepler-55 e,CONFIRMED,4.617490562,0.649,2.2618,575.8,1.62,728.0,66.47,28.1,5,272.0,4500.0,4.656,-0.02,0.646,0.71,285.16833,44.026459,15.791,1,confirmed
8150320,K00904.05,Kepler-55 f,CONFIRMED,10.19849255,0.714,2.4283,634.1,1.75,559.0,23.11,21.4,5,119.0,4500.0,4.656,-0.02,0.646,0.71,285.16833,44.026459,15.791,1,confirmed
8226994,K00906.01,Kepler-250 c,CONFIRMED,7.15681552,0.45,2.5882,867.0,2.47,782.0,88.23,47.7,3,186.0,5029.0,4.494,0.14,0.838,0.798,289.59476,44.141949,15.46,1,confirmed
8226994,K00906.02,Kepler-250 d,CONFIRMED,17.64830851,0.653,2.0873,763.3,2.43,579.0,26.49,23.8,3,73.0,5029.0,4.494,0.14,0.838,0.798,289.59476,44.141949,15.46,1,confirmed
8226994,K00906.03,Kepler-250 b,CONFIRMED,4.14810719,0.093,2.535,175.2,1.08,938.0,182.76,12.9,3,314.0,5029.0,4.494,0.14,0.838,0.798,289.59476,44.141949,15.46,1,confirmed
8247638,K00907.01,Kepler-251 c,CONFIRMED,16.51410989,0.395,4.1575,973.5,2.72,655.0,43.57,55.9,4,76.0,5527.0,4.488,-0.18,0.866,0.841,296.56622,44.105862,15.223,1,confirmed
8247638,K00907.02,Kepler-251 d,CONFIRMED,30.1329298,0.839,5.172,1015.8,3.14,536.0,19.55,44.8,4,37.0,5527.0,4.488,-0.18,0.866,0.841,296.56622,44.105862,15.223,1,confirmed
8247638,K00907.03,Kepler-251 b,CONFIRMED,4.79090809,0.11,2.603,251.3,1.36,990.0,227.24,21.2,4,242.0,5527.0,4.488,-0.18,0.866,0.841,296.56622,44.105862,15.223,1,confirmed
11086270,K00124.02,Kepler-110 c,CONFIRMED,31.71981013,0.125,4.819,363.4,3.09,743.0,71.97,63.1,2,44.0,5869.0,4.024,-0.16,1.626,1.019,292.92914,48.60281,12.935,1,confirmed
8247638,K00907.04,Kepler-251 e,CONFIRMED,99.6415962,0.028,4.448,952.5,2.64,360.0,3.97,22.7,4,12.0,5527.0,4.488,-0.18,0.866,0.841,296.56622,44.105862,15.223,1,confirmed
8255887,K00908.01,Kepler-720 b,CONFIRMED,4.708326451,0.061,3.16114,7912.7,10.6,1162.0,431.02,633.4,1,285.0,5560.0,4.246,0.14,1.21,0.94,298.63565,44.17094,15.113,1,confirmed
8414716,K00910.01,Kepler-721 b,CONFIRMED,5.392026903,0.314,2.9804,1151.4,2.68,850.0,123.33,77.4,1,244.0,5198.0,4.589,0.21,0.801,0.915,284.43051,44.48053,15.651,1,confirmed
9140402,K00928.01,,CANDIDATE,2.494170338,0.095,1.1221,863.7,2.42,1194.0,480.19,69.2,1,535.0,5569.0,4.566,-0.08,0.829,0.928,284.75943,45.599129,15.251,0,candidate
9141746,K00929.01,Kepler-730 b,CONFIRMED,6.491682808,0.535,4.301,7163.3,9.66,1062.0,301.54,502.3,2,189.0,6123.0,4.413,0.14,1.107,1.159,285.55481,45.578861,15.649,1,confirmed
9166862,K00931.01,Kepler-731 b,CONFIRMED,3.855603916,0.348,3.2179,16652.7,13.61,1212.0,508.65,1173.9,1,350.0,6033.0,4.46,0.21,1.046,1.153,296.39316,45.568562,15.272,1,confirmed
11449844,K00125.01,Kepler-468 b,CONFIRMED,38.47876629,0.003,5.04169,23530.0,13.26,484.0,13.01,1077.8,1,35.0,5510.0,4.539,0.16,0.879,0.973,288.90222,49.370491,13.779,1,confirmed
8628973,K00916.01,Kepler-724 b,CONFIRMED,3.314947362,0.799,1.8007,1398.2,3.94,1155.0,421.03,123.5,1,404.0,5609.0,4.481,0.16,0.944,0.983,293.45483,44.792789,15.142,1,confirmed
8672910,K00918.01,Kepler-725 b,CONFIRMED,39.6431552,0.062,6.5292,15663.8,10.98,472.0,11.74,690.3,2,30.0,5231.0,4.455,0.14,0.9,0.844,283.97751,44.811562,15.011,1,confirmed
8689031,K00920.01,Kepler-726 b,CONFIRMED,21.80451611,0.751,3.4097,1144.9,2.6,543.0,20.48,49.9,1,61.0,5481.0,4.629,-0.5,0.708,0.806,291.71732,44.88731,15.067,1,confirmed
8689373,K00921.01,Kepler-253 c,CONFIRMED,10.28194593,0.168,3.4366,1110.7,2.53,680.0,50.6,55.0,3,126.0,5196.0,4.593,0.04,0.775,0.869,291.84198,44.858089,15.532,1,confirmed
8689373,K00921.02,Kepler-253 d,CONFIRMED,18.11993039,0.206,4.2309,1506.9,2.95,563.0,23.77,60.7,3,70.0,5196.0,4.593,0.04,0.775,0.869,291.84198,44.858089,15.532,1,confirmed
8689373,K00921.03,Kepler-253 b,CONFIRMED,3.78402867,0.691,1.9012,426.1,1.7,949.0,191.78,25.6,3,330.0,5196.0,4.593,0.04,0.775,0.869,291.84198,44.858089,15.532,1,confirmed
8826878,K00922.01,Kepler-727 b,CONFIRMED,5.15448142,0.933,3.228,697.5,2.94,964.0,204.1,48.1,1,259.0,5431.0,4.457,-0.14,0.884,0.816,294.84689,45.034409,15.365,1,confirmed
8883593,K00923.01,Kepler-728 b,CONFIRMED,5.743469797,0.001,3.4412,1240.2,3.13,982.0,219.95,79.7,1,237.0,5897.0,4.531,-0.16,0.891,0.983,291.09235,45.115528,15.543,1,confirmed
8951215,K00924.01,,CANDIDATE,39.4759093,0.938,2.968,1012.6,4.06,577.0,26.13,26.6,1,34.0,6225.0,4.45,-0.12,1.031,1.091,291.20804,45.244389,15.229,0,candidate
9077124,K00926.01,Kepler-729 b,CONFIRMED,3.166353562,0.032,3.3129,1473.4,3.82,1273.0,621.92,128.3,1,409.0,6007.0,4.47,0.02,0.998,1.072,286.36011,45.414291,15.603,1,confirmed
9466668,K00939.01,Kepler-256 c,CONFIRMED,3.388012244,0.433,2.6849,280.1,2.11,1315.0,705.93,30.6,4,397.0,5553.0,4.221,0.16,1.25,0.949,292.58044,46.097389,15.065,1,confirmed
9466668,K00939.02,Kepler-256 d,CONFIRMED,5.83909761,0.341,3.1915,273.6,2.06,1097.0,341.48,25.2,4,218.0,5553.0,4.221,0.16,1.25,0.949,292.58044,46.097389,15.065,1,confirmed
9466668,K00939.03,Kepler-256 b,CONFIRMED,1.620467654,0.271,2.1888,159.6,1.57,1681.0,1893.42,22.7,4,719.0,5553.0,4.221,0.16,1.25,0.949,292.58044,46.097389,15.065,1,confirmed
9466668,K00939.04,Kepler-256 e,CONFIRMED,10.6816951,0.646,3.605,307.8,2.3,897.0,152.75,21.9,4,100.0,5553.0,4.221,0.16,1.25,0.949,292.58044,46.097389,15.065,1,confirmed
9479273,K00940.01,Kepler-734 b,CONFIRMED,6.104849417,0.041,4.6912,2090.3,3.18,784.0,89.25,293.7,1,176.0,5085.0,4.584,-0.36,0.712,0.71,297.04562,46.027359,15.017,1,confirmed
8359498,K00127.01,Kepler-77 b,CONFIRMED,3.578780566,0.079,2.91089,11382.2,10.43,1145.0,406.6,1838.4,1,374.0,5524.0,4.421,0.2,0.994,0.95,289.60797,44.345421,13.938,1,confirmed
9334289,K00934.01,Kepler-254 b,CONFIRMED,5.826657508,0.033,2.9183,1539.1,4.09,1013.0,248.57,81.1,3,228.0,5561.0,4.362,0.16,1.06,0.943,288.1647,45.816509,15.843,1,confirmed
9334289,K00934.02,Kepler-254 c,CONFIRMED,12.41216347,0.021,3.739,611.3,2.58,787.0,90.65,25.6,3,106.0,5561.0,4.362,0.16,1.06,0.943,288.1647,45.816509,15.843,1,confirmed
9334289,K00934.03,Kepler-254 d,CONFIRMED,18.74649011,0.508,3.895,796.8,3.05,686.0,52.38,26.7,3,67.0,5561.0,4.362,0.16,1.06,0.943,288.1647,45.816509,15.843,1,confirmed
9347899,K00935.01,Kepler-31 b,CONFIRMED,20.86021229,0.066,5.1937,1910.5,5.5,781.0,87.76,117.0,4,67.0,6035.0,4.22,-0.28,1.257,0.958,294.02301,45.853081,15.237,1,confirmed
9347899,K00935.02,Kepler-31 c,CONFIRMED,42.63427848,0.142,6.1998,1719.3,5.22,615.0,33.82,78.7,4,32.0,6035.0,4.22,-0.28,1.257,0.958,294.02301,45.853081,15.237,1,confirmed
9347899,K00935.03,Kepler-31 d,CONFIRMED,87.6476068,0.147,8.871,1009.6,4.0,484.0,12.94,37.5,4,14.0,6035.0,4.22,-0.28,1.257,0.958,294.02301,45.853081,15.237,1,confirmed
9347899,K00935.04,,CANDIDATE,9.61731426,0.331,3.8692,234.0,1.94,1010.0,246.13,18.2,4,137.0,6035.0,4.22,-0.28,1.257,0.958,294.02301,45.853081,15.237,0,candidate
9388479,K00936.01,Kepler-732 b,CONFIRMED,9.467821474,0.081,2.4327,2237.0,2.13,407.0,6.47,124.7,2,145.0,3582.0,4.807,0.18,0.458,0.491,283.73203,45.958771,15.073,1,confirmed
9388479,K00936.02,Kepler-732 c,CONFIRMED,0.893040969,0.009,1.0981,741.7,1.24,893.0,151.14,87.8,2,1452.0,3582.0,4.807,0.18,0.458,0.491,283.73203,45.958771,15.073,1,confirmed
11359879,K00128.01,Kepler-15 b,CONFIRMED,4.942783419,0.566,3.25346,11144.7,10.62,1008.0,244.42,2040.7,1,274.0,5514.0,4.459,0.36,0.978,1.003,296.20059,49.140121,13.758,1,confirmed
9406990,K00937.01,Kepler-733 b,CONFIRMED,20.83426731,0.256,4.0454,988.4,2.74,595.0,29.62,45.1,1,66.0,5537.0,4.549,0.21,0.88,0.999,293.01828,45.914688,15.412,1,confirmed
9415172,K00938.01,Kepler-255 c,CONFIRMED,9.94602357,0.035,3.3862,994.5,3.12,807.0,100.34,51.0,3,131.0,5344.0,4.365,0.16,1.013,0.867,296.06424,45.976841,15.596,1,confirmed
9415172,K00938.02,Kepler-255 d,CONFIRMED,1.04562195,0.037,1.8955,213.0,1.45,1710.0,2031.84,25.3,3,1233.0,5344.0,4.365,0.16,1.013,0.867,296.06424,45.976841,15.596,1,confirmed
9415172,K00938.03,Kepler-255 b,CONFIRMED,5.71462396,0.503,2.336,297.8,1.78,971.0,210.16,16.7,3,192.0,5344.0,4.365,0.16,1.013,0.867,296.06424,45.976841,15.596,1,confirmed
3231341,K01102.02,Kepler-24 b,CONFIRMED,8.14515981,0.965,5.073,446.8,3.43,1050.0,287.91,32.2,4,159.0,5896.0,4.197,-0.36,1.24,0.884,290.41327,38.34375,14.925,1,confirmed
3231341,K01102.03,Kepler-24 e,CONFIRMED,18.9985279,1.3,4.529,430.7,43.17,792.0,93.03,16.9,4,68.0,5896.0,4.197,-0.36,1.24,0.884,290.41327,38.34375,14.925,1,confirmed
3231341,K01102.04,Kepler-24 d,CONFIRMED,4.24439049,0.949,3.282,174.0,2.07,1305.0,686.99,15.1,4,269.0,5896.0,4.197,-0.36,1.24,0.884,290.41327,38.34375,14.925,1,confirmed
2860866,K01103.01,,CANDIDATE,90.1240507,0.698,11.649,3020.3,7.12,485.0,13.09,57.9,1,13.0,6520.0,4.375,0.07,1.215,1.279,293.22391,38.033581,14.96,0,candidate
7626506,K00150.02,Kepler-112 c,CONFIRMED,28.5742692,0.068,4.9427,824.9,2.32,538.0,19.83,97.1,2,46.0,5551.0,4.508,-0.42,0.812,0.776,296.98102,43.209751,13.771,1,confirmed
10460629,K01168.01,,CANDIDATE,856.672115,0.1158,23.144,858.1,3.87,242.0,0.81,39.2,1,,6449.0,4.232,-0.32,1.309,1.063,287.58679,47.600021,13.997,0,candidate
10319385,K01169.01,,CANDIDATE,0.689210173,0.154,1.6169,195.0,1.32,1943.0,3362.71,93.4,1,1945.0,5630.0,4.505,0.36,0.954,1.064,281.55118,47.469959,13.248,0,candidate
10482160,K01170.01,Kepler-1739 b,CONFIRMED,7.34373964,0.185,1.1784,574.4,1.84,839.0,117.5,32.2,1,144.0,5757.0,4.597,-0.5,0.762,0.865,296.23215,47.678959,14.657,1,confirmed
11502218,K00970.01,,CANDIDATE,3.9886021,0.06,1.7376,673.5,34.39,3145.0,23135.72,37.1,1,335.0,4813.0,2.472,-0.22,13.652,2.016,289.09323,49.424484,6.974,0,candidate
11180361,K00971.01,,CANDIDATE,0.533059312,1.263,1.8621,1495.8,133.56,5862.0,277887.7,179.6,1,2003.0,8523.0,3.559,-0.5,4.051,2.166,286.0192,48.866741,7.748,0,candidate
8559644,K00139.01,Kepler-111 c,CONFIRMED,224.7789355,0.652,11.1899,3487.5,7.67,333.0,2.92,235.7,2,7.0,5873.0,4.293,0.18,1.235,1.092,291.65317,44.688271,13.492,1,confirmed
3240158,K01106.01,Kepler-769 b,CONFIRMED,7.42608123,0.097,3.6379,443.3,2.47,1037.0,273.78,37.5,3,180.0,6049.0,4.353,0.16,1.176,1.14,292.7131,38.358212,14.818,1,confirmed
3240158,K01106.02,Kepler-769 c,CONFIRMED,15.9868932,0.533,4.158,178.5,1.62,803.0,98.51,10.9,3,79.0,6049.0,4.353,0.16,1.176,1.14,292.7131,38.358212,14.818,1,confirmed
3218908,K01108.01,Kepler-770 b,CONFIRMED,18.92537246,0.806,3.9835,640.9,13.92,1171.0,443.58,41.0,3,72.0,4941.0,3.317,0.4,4.885,1.808,286.49042,38.374908,14.604,1,confirmed
10287723,K01174.01,,CANDIDATE,129995.7784,0.7127,9.408,1474.9,2.99,25.0,0.0,35.7,1,,4500.0,4.572,0.2,0.726,0.717,296.82162,47.354031,13.447,0,candidate
10350571,K01175.01,Kepler-784 b,CONFIRMED,31.5925809,0.283,13.566,145.1,1.78,688.0,53.09,25.5,3,34.0,5676.0,4.1,0.1,1.487,1.016,295.92065,47.448608,13.29,1,confirmed
10350571,K01175.02,Kepler-784 c,CONFIRMED,17.157236,0.238,11.284,110.4,1.55,844.0,119.87,23.6,3,61.0,5676.0,4.1,0.1,1.487,1.016,295.92065,47.448608,13.29,1,confirmed
3749365,K01176.01,Kepler-785 b,CONFIRMED,1.97376085,0.337,1.82542,30222.4,8.78,753.0,76.1,1252.5,1,662.0,3807.0,4.762,-0.06,0.503,0.534,292.0683,38.84227,15.715,1,confirmed
11013201,K00972.01,,CONFIRMED,13.118962443,0.042,4.3045,372.2,8.25,1768.0,2310.43,267.4,2,103.0,7221.0,3.488,-0.18,4.24,2.018,282.00031,48.542221,9.275,1,confirmed
11013201,K00972.02,,CANDIDATE,7.82187328,0.005,3.8417,42.2,2.78,2101.0,4601.71,37.2,2,166.0,7221.0,3.488,-0.18,4.24,2.018,282.00031,48.542221,9.275,0,candidate
9414417,K00974.01,,CANDIDATE,53.5057611,0.46,10.5616,195.6,2.52,675.0,49.16,71.2,1,26.0,6247.0,4.016,-0.12,1.762,1.174,295.80267,45.988079,9.582,0,candidate
3632418,K00975.01,Kepler-21 b,CONFIRMED,2.785821236,0.893,3.5599,68.9,1.69,1784.0,2388.98,53.6,1,486.0,6202.0,4.026,-0.1,1.733,1.162,287.36182,38.714016,8.224,1,confirmed
5809890,K01050.01,Kepler-755 b,CONFIRMED,1.269091415,0.412,1.4647,340.9,1.41,1331.0,740.47,73.5,2,1061.0,5041.0,4.576,0.02,0.766,0.807,296.86099,41.09734,13.999,1,confirmed
5809890,K01050.02,Kepler-755 c,CONFIRMED,2.853133997,0.698,1.465,277.1,1.36,1016.0,251.77,39.7,2,412.0,5041.0,4.576,0.02,0.766,0.807,296.86099,41.09734,13.999,1,confirmed
6131236,K01051.01,Kepler-1734 b,CONFIRMED,6.79685353,0.62,3.1702,393.1,2.01,985.0,222.91,29.8,1,196.0,6061.0,4.486,-0.1,0.97,1.05,294.16321,41.451801,15.391,1,confirmed
3218908,K01108.02,Kepler-770 c,CONFIRMED,1.475323222,0.136,2.3155,154.9,5.88,2740.0,13331.51,27.2,3,877.0,4941.0,3.317,0.4,4.885,1.808,286.49042,38.374908,14.604,1,confirmed
3218908,K01108.03,Kepler-770 d,CONFIRMED,4.15246118,0.639,2.5755,223.4,7.62,1941.0,3354.56,24.5,3,270.0,4941.0,3.317,0.4,4.885,1.808,286.49042,38.374908,14.604,1,confirmed
2837111,K01110.01,Kepler-771 b,CONFIRMED,8.7348852,0.314,4.49,270.7,1.59,890.0,148.62,24.8,2,155.0,5982.0,4.493,-0.04,0.96,1.047,287.44409,38.088428,14.794,1,confirmed
2307199,K00151.01,,CANDIDATE,13.4471791,0.963,3.0454,1428.2,5.24,848.0,122.34,105.3,1,100.0,6276.0,4.405,-0.32,1.041,1.001,292.37476,37.630959,14.0,0,candidate
9032900,K00134.01,,CONFIRMED,67.5923754,0.728,12.249,4158.1,12.1,588.0,28.2,60.9,1,21.0,6038.0,4.082,0.34,1.744,1.341,295.58658,45.364979,13.675,1,confirmed
5956342,K01052.01,Kepler-265 c,CONFIRMED,17.02902786,0.202,4.645,568.9,2.54,755.0,76.66,29.8,4,82.0,5839.0,4.327,-0.28,1.067,0.881,290.51047,41.24482,15.381,1,confirmed
5956342,K01052.02,Kepler-265 b,CONFIRMED,6.84619236,0.077,3.529,246.8,1.67,1022.0,258.41,17.7,4,193.0,5839.0,4.327,-0.28,1.067,0.881,290.51047,41.24482,15.381,1,confirmed
5956342,K01052.03,Kepler-265 e,CONFIRMED,67.8321638,0.027,7.358,507.8,2.39,476.0,12.14,15.5,4,16.0,5839.0,4.327,-0.28,1.067,0.881,290.51047,41.24482,15.381,1,confirmed
5956342,K01052.04,Kepler-265 d,CONFIRMED,43.1312147,0.67,3.198,447.8,2.39,554.0,22.21,11.8,4,26.0,5839.0,4.327,-0.28,1.067,0.881,290.51047,41.24482,15.381,1,confirmed
5956656,K01053.01,Kepler-756 b,CONFIRMED,1.224866441,0.286,1.7086,196.0,1.54,1741.0,2174.33,21.1,2,1094.0,5553.0,4.32,0.14,1.107,0.933,290.60794,41.201092,15.376,1,confirmed
3109930,K01112.01,Kepler-1736 b,CONFIRMED,37.8102649,0.061,8.733,570.3,2.33,566.0,24.27,35.2,1,34.0,6085.0,4.451,-0.28,0.973,0.976,289.7767,38.26228,14.633,1,confirmed
2854914,K01113.01,Kepler-268 b,CONFIRMED,25.93406406,0.014,4.6142,414.5,2.48,695.0,55.1,42.2,2,51.0,5952.0,4.287,0.06,1.225,1.059,291.97617,38.05508,13.703,1,confirmed
2854914,K01113.02,Kepler-268 c,CONFIRMED,83.4463485,0.058,6.536,503.0,2.73,471.0,11.59,36.1,2,17.0,5952.0,4.287,0.06,1.225,1.059,291.97617,38.05508,13.703,1,confirmed
3116412,K01115.01,Kepler-772 b,CONFIRMED,12.99204853,0.091,6.0175,270.6,2.03,866.0,132.94,38.7,1,100.0,5765.0,4.236,0.0,1.242,0.968,291.42358,38.216591,13.974,1,confirmed
8394721,K00152.01,Kepler-79 d,CONFIRMED,52.09081627,0.065,8.6388,2894.1,7.14,592.0,29.07,243.5,4,27.0,6198.0,4.237,-0.04,1.324,1.101,300.51712,44.38158,13.914,1,confirmed
1161345,K00984.01,Kepler-1973 b,CONFIRMED,4.28746668,0.374,1.5693,790.1,2.29,942.0,186.31,19.4,1,313.0,5296.0,4.576,0.12,0.815,0.911,291.0488,36.839882,11.631,1,confirmed
2854698,K00986.01,Kepler-260 b,CONFIRMED,8.18739443,0.377,3.0472,517.6,1.92,782.0,88.36,38.4,2,166.0,5251.0,4.494,0.0,0.849,0.821,291.92596,38.014118,14.138,1,confirmed
2854698,K00986.02,Kepler-260 c,CONFIRMED,76.0498163,0.015,7.158,445.9,1.75,372.0,4.53,17.4,2,19.0,5251.0,4.494,0.0,0.849,0.821,291.92596,38.014118,14.138,1,confirmed
8559644,K00139.02,Kepler-111 b,CONFIRMED,3.341799486,0.426,2.9254,178.2,1.67,1356.0,798.41,48.8,2,402.0,5873.0,4.293,0.18,1.235,1.092,291.65317,44.688271,13.492,1,confirmed
2849805,K01116.01,Kepler-773 b,CONFIRMED,3.749105745,0.942,1.9826,182.6,1.68,1160.0,428.25,38.0,1,352.0,5751.0,4.447,0.06,0.983,0.987,290.88467,38.057571,13.333,1,confirmed
3114811,K01117.01,Kepler-774 b,CONFIRMED,11.08956602,0.02,6.2877,148.1,3.51,1422.0,965.62,38.9,1,118.0,6353.0,3.698,-0.1,2.867,1.497,291.03192,38.21196,12.808,1,confirmed
2853446,K01118.01,,CANDIDATE,7.37290344,0.993,2.172,205.2,2.67,1004.0,240.11,19.1,1,180.0,5973.0,4.371,-0.14,1.07,0.982,291.65097,38.028179,13.835,0,candidate
3942446,K01193.01,,CANDIDATE,119.0624882,0.968,3.1188,5372.3,10.4,366.0,4.26,71.6,1,13.0,5697.0,4.392,-0.52,0.92,0.76,287.88812,39.078709,15.289,0,candidate
3554031,K01194.01,Kepler-415 c,CONFIRMED,8.70798309,0.063,2.4904,1419.6,2.01,543.0,20.59,28.1,3,100.0,4362.0,4.722,-0.5,0.554,0.59,293.80441,38.63913,15.842,1,confirmed
3554031,K01194.02,,CANDIDATE,14.8623076,0.324,3.161,840.0,1.57,454.0,10.08,14.4,3,57.0,4362.0,4.722,-0.5,0.554,0.59,293.80441,38.63913,15.842,0,candidate
3554031,K01194.03,Kepler-415 b,CONFIRMED,4.17634276,0.142,2.335,531.5,1.23,694.0,54.8,14.9,3,202.0,4362.0,4.722,-0.5,0.554,0.59,293.80441,38.63913,15.842,1,confirmed
8394721,K00152.02,Kepler-79 c,CONFIRMED,27.40229859,0.022,6.8491,747.5,3.63,734.0,68.46,79.3,4,49.0,6198.0,4.237,-0.04,1.324,1.101,300.51712,44.38158,13.914,1,confirmed
7295235,K00987.01,Kepler-743 b,CONFIRMED,3.179267286,0.171,1.0246,200.9,1.21,1101.0,347.01,41.0,1,421.0,5511.0,4.554,0.1,0.857,0.96,295.57416,42.806438,12.55,1,confirmed
2302548,K00988.01,Kepler-261 b,CONFIRMED,10.38122447,0.319,2.715,801.5,2.18,672.0,48.37,41.9,2,130.0,5095.0,4.566,0.02,0.78,0.816,291.36478,37.609169,13.562,1,confirmed
2302548,K00988.02,Kepler-261 c,CONFIRMED,24.5709023,0.945,3.587,764.2,2.82,505.0,15.33,26.3,2,50.0,5095.0,4.566,0.02,0.78,0.816,291.36478,37.609169,13.562,1,confirmed
9818381,K00135.01,Kepler-43 b,CONFIRMED,3.024092505,0.424,2.8021,7765.0,12.14,1489.0,1162.54,1225.3,1,446.0,6063.0,4.261,0.34,1.358,1.227,285.24084,46.668251,13.958,1,confirmed
6060203,K01059.01,Kepler-757 b,CONFIRMED,1.022678654,0.019,1.3712,129.2,1.14,1734.0,2138.47,21.6,1,1306.0,5366.0,4.363,0.16,1.02,0.875,296.68045,41.38652,14.803,1,confirmed
5880320,K01060.01,Kepler-758 b,CONFIRMED,12.10968709,0.924,6.3461,284.7,2.98,1005.0,240.8,33.4,4,110.0,6021.0,4.093,-0.34,1.458,0.96,293.08463,41.135441,14.348,1,confirmed
5880320,K01060.02,Kepler-758 c,CONFIRMED,4.75796103,0.621,4.66,124.5,1.7,1372.0,835.65,20.9,4,271.0,6021.0,4.093,-0.34,1.458,0.96,293.08463,41.135441,14.348,1,confirmed
5880320,K01060.03,Kepler-758 d,CONFIRMED,20.4972755,0.966,8.536,242.9,2.96,843.0,119.42,22.8,4,51.0,6021.0,4.093,-0.34,1.458,0.96,293.08463,41.135441,14.348,1,confirmed
3859079,K01199.01,Kepler-786 b,CONFIRMED,53.5292702,0.346,5.668,1086.1,2.28,348.0,3.48,34.5,1,21.0,4736.0,4.624,0.12,0.708,0.791,293.74393,38.939281,14.887,1,confirmed
4061149,K01201.01,Kepler-1741 b,CONFIRMED,2.757584622,0.093,0.9267,563.1,1.01,615.0,33.79,19.6,1,490.0,3683.0,4.84,-0.22,0.424,0.454,292.57703,39.12088,15.597,1,confirmed
3444588,K01202.01,Kepler-787 b,CONFIRMED,0.928310036,0.181,1.1899,376.2,1.16,1115.0,365.72,22.6,1,1443.0,4109.0,4.672,-0.02,0.602,0.621,291.69247,38.572899,15.854,1,confirmed
8394721,K00152.03,Kepler-79 b,CONFIRMED,13.48457668,0.011,5.0197,653.5,3.39,929.0,176.29,80.8,4,98.0,6198.0,4.237,-0.04,1.324,1.101,300.51712,44.38158,13.914,1,confirmed
3962243,K01203.01,Kepler-276 c,CONFIRMED,31.8841473,0.938,6.122,910.0,3.7,563.0,23.82,25.3,3,31.0,5779.0,4.477,0.14,0.974,1.037,293.56815,39.03632,15.368,1,confirmed
10743597,K00989.03,,CANDIDATE,16.15811112,1.8572,6.049,2319.8,86.13,660.0,44.83,52.8,4,67.0,5619.0,4.536,0.02,0.874,0.956,296.38229,48.045311,15.488,0,candidate
10154388,K00991.01,Kepler-744 b,CONFIRMED,12.06222962,0.392,2.0584,300.2,1.62,750.0,74.8,32.4,1,89.0,5547.0,4.451,0.0,0.933,0.897,296.49612,47.182861,13.581,1,confirmed
1432789,K00992.01,Kepler-745 b,CONFIRMED,9.93146307,0.037,5.678,398.6,2.41,931.0,177.83,26.2,2,137.0,5782.0,4.28,0.16,1.22,1.035,291.49942,37.05928,15.214,1,confirmed
1718189,K00993.01,Kepler-262 c,CONFIRMED,21.85362905,0.676,3.439,355.6,1.75,618.0,34.57,23.0,3,60.0,5830.0,4.54,-0.14,0.876,0.97,290.72867,37.252651,14.246,1,confirmed
5880320,K01060.04,Kepler-758 e,CONFIRMED,8.19345065,0.815,5.234,115.4,1.74,1144.0,405.75,15.7,4,142.0,6021.0,4.093,-0.34,1.458,0.96,293.08463,41.135441,14.348,1,confirmed
6037187,K01061.01,Kepler-759 b,CONFIRMED,41.8059544,0.029,6.057,434.4,2.02,533.0,19.02,28.3,1,31.0,5907.0,4.445,-0.16,0.973,0.961,290.1315,41.3815,14.502,1,confirmed
5735762,K00148.01,Kepler-48 b,CONFIRMED,4.77800306,0.02,2.7361,473.0,1.85,932.0,177.79,115.4,3,274.0,5192.0,4.489,0.18,0.873,0.856,299.13922,40.94902,13.04,1,confirmed
6359320,K01127.01,Kepler-269 b,CONFIRMED,5.32667299,0.043,3.4045,611.4,2.26,1007.0,242.97,34.1,3,213.0,5831.0,4.517,0.0,0.921,1.016,290.21518,41.77597,15.808,1,confirmed
3859628,K01191.01,Kepler-1740 b,CONFIRMED,8.17242644,0.926,3.902,864.3,3.29,858.0,127.95,37.0,1,105.0,5705.0,4.499,-0.06,0.905,0.943,293.87363,38.922482,15.24,1,confirmed
3644071,K01192.01,,CANDIDATE,1295.362215,1.3935,28.297,8708.0,57.82,169.0,0.19,164.0,2,,5609.0,4.346,-0.04,1.048,0.889,291.03217,38.703911,14.215,0,candidate
1718189,K00993.02,Kepler-262 b,CONFIRMED,13.0607936,0.718,3.215,236.6,1.45,734.0,68.66,19.4,3,101.0,5830.0,4.54,-0.14,0.876,0.97,290.72867,37.252651,14.246,1,confirmed
1431122,K00994.01,,CANDIDATE,4.2989201,0.972,2.747,237.6,2.12,1046.0,283.62,20.0,1,314.0,5300.0,4.385,0.18,0.986,0.861,291.14249,37.061321,14.613,0,candidate
8260218,K01066.01,,CANDIDATE,5.714817603,0.096,3.14126,12294.8,9.29,943.0,187.27,537.7,1,200.0,5695.0,4.526,-0.28,0.842,0.869,299.78632,44.16954,15.623,0,candidate
8222813,K01069.01,Kepler-760 b,CONFIRMED,8.70420525,0.5,2.9385,1074.9,2.86,748.0,74.13,74.0,2,132.0,5074.0,4.474,0.16,0.863,0.809,287.5932,44.17942,15.07,1,confirmed
6359320,K01127.02,Kepler-269 c,CONFIRMED,8.1280933,0.357,3.727,224.1,1.39,875.0,138.51,10.7,3,128.0,5831.0,4.517,0.0,0.921,1.016,290.21518,41.77597,15.808,1,confirmed
6359320,K01127.03,,CANDIDATE,2.83668931,0.33,3.031,166.1,1.19,1242.0,562.48,12.1,3,355.0,5831.0,4.517,0.0,0.921,1.016,290.21518,41.77597,15.808,0,candidate
6362874,K01128.01,Kepler-775 b,CONFIRMED,0.974868896,0.12,1.6191,197.6,1.16,1612.0,1605.87,82.6,1,1372.0,5487.0,4.563,0.0,0.832,0.924,291.43329,41.703442,13.507,1,confirmed
6272413,K01129.01,Kepler-776 b,CONFIRMED,4.89721006,0.66,1.812,274.4,1.48,904.0,157.93,16.9,1,273.0,5093.0,4.483,0.08,0.847,0.794,287.27264,41.635559,15.456,1,confirmed
3447722,K01198.01,Kepler-275 c,CONFIRMED,16.08832318,0.648,5.731,597.8,3.42,875.0,138.64,31.3,4,89.0,6157.0,4.224,-0.08,1.33,1.08,292.47971,38.514919,15.319,1,confirmed
3447722,K01198.02,Kepler-275 b,CONFIRMED,10.30067919,0.004,4.885,271.8,2.2,1015.0,251.55,16.4,4,126.0,6157.0,4.224,-0.08,1.33,1.08,292.47971,38.514919,15.319,1,confirmed
3447722,K01198.03,Kepler-275 d,CONFIRMED,35.6757453,0.61,7.381,471.2,3.02,671.0,47.96,18.5,4,38.0,6157.0,4.224,-0.08,1.33,1.08,292.47971,38.514919,15.319,1,confirmed
3447722,K01198.04,,CANDIDATE,1.00861677,,0.91,,,,,,4,,,,,,,292.47971,38.514919,15.319,0,candidate
2165002,K00999.01,Kepler-263 b,CONFIRMED,16.56806842,0.164,4.2647,1331.4,2.54,548.0,21.27,41.9,2,83.0,4987.0,4.602,-0.18,0.716,0.749,292.46976,37.567791,15.391,1,confirmed
2165002,K00999.02,Kepler-263 c,CONFIRMED,47.3329299,0.43,2.708,931.5,2.18,386.0,5.25,14.0,2,30.0,4987.0,4.602,-0.18,0.716,0.749,292.46976,37.567791,15.391,1,confirmed
1871056,K01001.01,Kepler-264 b,CONFIRMED,40.8065333,0.016,13.135,313.9,3.71,772.0,83.75,54.8,2,34.0,6207.0,3.963,0.24,2.097,1.472,292.04462,37.37624,13.038,1,confirmed
8222813,K01069.02,Kepler-760 c,CONFIRMED,2.46697039,0.574,1.6345,308.7,1.56,1139.0,398.42,29.5,2,444.0,5074.0,4.474,0.16,0.863,0.809,287.5932,44.17942,15.07,1,confirmed
12105051,K00141.01,,CANDIDATE,2.624234833,0.781,1.3874,2607.0,5.11,1164.0,434.31,361.1,1,508.0,5340.0,4.514,0.36,0.899,0.963,288.0383,50.651611,13.687,0,candidate
8240904,K01070.01,Kepler-266 b,CONFIRMED,6.61836309,0.043,3.6813,549.1,2.98,1066.0,304.65,31.5,3,168.0,5529.0,4.19,0.16,1.294,0.947,294.48438,44.166908,15.59,1,confirmed
8240904,K01070.02,Kepler-266 c,CONFIRMED,107.7214092,0.003,8.042,1396.2,4.75,421.0,7.39,30.5,3,10.0,5529.0,4.19,0.16,1.294,0.947,294.48438,44.166908,15.59,1,confirmed
8240904,K01070.03,,CANDIDATE,92.77779,0.0174,6.64,359.0,1.92,410.0,6.7,5.2,3,,5888.0,4.444,0.1,1.019,1.053,294.48438,44.166908,15.59,0,candidate
5735762,K00148.02,Kepler-48 c,CONFIRMED,9.673958488,0.194,3.2641,952.7,2.63,736.0,69.42,178.0,3,140.0,5192.0,4.489,0.18,0.873,0.856,299.13922,40.94902,13.04,1,confirmed
3962243,K01203.02,Kepler-276 b,CONFIRMED,14.12847677,0.811,3.685,628.7,2.73,739.0,70.5,23.0,3,72.0,5779.0,4.477,0.14,0.974,1.037,293.56815,39.03632,15.368,1,confirmed
3962243,K01203.03,Kepler-276 d,CONFIRMED,48.6478543,0.988,5.464,641.8,4.14,489.0,13.57,12.2,3,20.0,5779.0,4.477,0.14,0.974,1.037,293.56815,39.03632,15.368,1,confirmed
3438507,K01204.01,Kepler-788 b,CONFIRMED,8.39842977,0.573,6.344,340.1,2.0,984.0,221.66,28.0,1,164.0,6309.0,4.441,-0.18,1.044,1.096,290.0004,38.53989,15.291,1,confirmed
3869014,K01205.01,Kepler-789 b,CONFIRMED,8.63847391,0.049,5.4566,395.9,5.99,1419.0,958.35,38.6,1,124.0,5684.0,3.657,0.2,3.046,1.536,295.97516,38.94664,14.507,1,confirmed
3756801,K01206.01,,CANDIDATE,422.917678,0.7887,31.274,1367.7,5.89,292.0,1.73,61.7,1,,5796.0,4.12,-0.02,1.444,1.004,293.95459,38.899971,13.642,0,candidate
1871056,K01001.02,Kepler-264 c,CONFIRMED,140.10765,0.019,18.503,266.8,3.42,511.0,16.17,29.0,2,9.0,6207.0,3.963,0.24,2.097,1.472,292.04462,37.37624,13.038,1,confirmed
1865042,K01002.01,Kepler-746 b,CONFIRMED,3.4815917,0.076,1.8069,135.2,1.17,1156.0,421.61,23.4,1,387.0,5405.0,4.374,0.21,1.022,0.902,290.68225,37.35511,13.615,1,confirmed
5780460,K01005.01,Kepler-747 b,CONFIRMED,35.61760233,0.009,8.4559,4634.9,5.17,456.0,10.19,155.0,1,34.0,5123.0,4.523,-0.2,0.779,0.737,288.4165,41.0298,15.703,1,confirmed
8229696,K01072.01,Kepler-761 b,CONFIRMED,10.12805158,0.753,3.517,477.4,1.95,767.0,81.77,38.0,1,125.0,5676.0,4.548,-0.3,0.82,0.865,290.5036,44.143581,14.743,1,confirmed
10272640,K01074.01,Kepler-762 b,CONFIRMED,3.770551475,0.053,3.8077,12440.0,12.05,1302.0,679.75,100.8,1,305.0,6322.0,4.426,-0.12,1.075,1.124,291.27563,47.329491,15.439,1,confirmed
8346392,K01141.01,Kepler-777 b,CONFIRMED,5.72812616,0.22,2.0295,643.4,1.38,569.0,24.74,20.8,1,236.0,3968.0,4.714,-0.14,0.548,0.567,282.72406,44.34647,15.95,1,confirmed
8288947,K01142.01,Kepler-778 b,CONFIRMED,3.75574267,0.127,2.2911,417.4,1.58,977.0,215.46,27.9,1,354.0,5311.0,4.588,-0.04,0.788,0.884,287.47742,44.237511,15.764,1,confirmed
9480189,K00941.01,Kepler-257 c,CONFIRMED,6.581477136,0.137,3.0896,2318.9,4.56,881.0,142.63,116.2,3,166.0,5188.0,4.4,0.32,0.973,0.868,297.31598,46.023258,15.471,1,confirmed
11974540,K00129.01,Kepler-470 b,CONFIRMED,24.669192732,0.073,7.03515,7382.3,77.76,1485.0,1150.61,603.0,2,54.0,5313.0,2.936,0.56,9.327,2.736,297.00943,50.372318,13.224,1,confirmed
9480189,K00941.02,Kepler-257 b,CONFIRMED,2.382652873,0.682,1.8888,705.4,2.74,1237.0,553.53,45.5,3,421.0,5188.0,4.4,0.32,0.973,0.868,297.31598,46.023258,15.471,1,confirmed
9480189,K00941.03,Kepler-257 d,CONFIRMED,24.66461416,0.8,2.8579,2398.8,5.34,567.0,24.53,56.7,3,43.0,5188.0,4.4,0.32,0.973,0.868,297.31598,46.023258,15.471,1,confirmed
9512687,K00942.01,Kepler-735 b,CONFIRMED,11.51517167,0.311,2.006,1357.4,2.9,657.0,43.96,53.2,1,115.0,5177.0,4.59,0.21,0.798,0.91,284.68887,46.172249,15.386,1,confirmed
8644288,K00137.01,Kepler-18 c,CONFIRMED,7.641567589,0.027,3.41018,2269.7,4.91,899.0,154.25,437.5,3,175.0,5356.0,4.338,0.2,1.055,0.882,298.07944,44.746319,13.549,1,confirmed
1725016,K01007.01,Kepler-748 b,CONFIRMED,7.40742502,0.03,3.675,442.0,2.01,938.0,183.15,23.1,1,151.0,5922.0,4.474,-0.08,0.961,1.002,292.26291,37.236992,15.242,1,confirmed
5446285,K00142.01,Kepler-88 b,CONFIRMED,10.916108342,0.7699,3.6496,1479.0,3.93,758.0,78.19,302.2,2,,5575.0,4.521,0.36,0.932,1.051,291.14807,40.669399,13.113,1,confirmed
10166274,K01078.01,Kepler-267 b,CONFIRMED,3.353732008,0.051,1.4598,1264.7,1.65,615.0,33.76,47.8,3,320.0,3789.0,4.781,-0.34,0.46,0.467,299.83041,47.157459,15.438,1,confirmed
10166274,K01078.02,Kepler-267 c,CONFIRMED,6.877446033,0.79,1.3692,1632.3,2.05,484.0,12.95,39.6,3,149.0,3789.0,4.781,-0.34,0.46,0.467,299.83041,47.157459,15.438,1,confirmed
10166274,K01078.03,Kepler-267 d,CONFIRMED,28.46464804,0.035,2.6657,1629.8,1.87,301.0,1.95,28.9,3,36.0,3789.0,4.781,-0.34,0.46,0.467,299.83041,47.157459,15.438,1,confirmed
5735762,K00148.03,Kepler-48 d,CONFIRMED,42.89645024,0.007,5.6897,555.3,2.0,448.0,9.54,66.8,3,30.0,5192.0,4.489,0.18,0.873,0.856,299.13922,40.94902,13.04,1,confirmed
8313667,K01145.01,,CANDIDATE,30.5872153,0.013,5.3698,464.8,2.32,621.0,35.08,33.1,1,44.0,5944.0,4.38,0.0,1.082,1.024,296.54861,44.264671,14.143,0,candidate
8351704,K01146.01,Kepler-779 b,CONFIRMED,7.09712124,0.05,2.1059,369.5,0.74,425.0,7.73,18.3,1,193.0,3569.0,4.861,-0.16,0.389,0.4,285.62854,44.31089,15.649,1,confirmed
9513865,K00943.01,Kepler-736 b,CONFIRMED,3.601465336,0.021,2.2753,777.7,2.31,996.0,232.65,50.7,1,370.0,5052.0,4.48,0.16,0.855,0.805,285.39133,46.180939,15.733,1,confirmed
9605514,K00945.01,Kepler-1666 b,CONFIRMED,25.8474958,0.054,5.985,537.4,2.4,672.0,48.23,27.3,3,42.0,6297.0,4.448,-0.2,1.031,1.084,297.9516,46.264721,15.083,1,confirmed
9605514,K00945.02,Kepler-1666 c,CONFIRMED,40.715561,0.008,6.894,680.9,2.7,578.0,26.34,28.9,3,25.0,6297.0,4.448,-0.2,1.031,1.084,297.9516,46.264721,15.083,1,confirmed
8125580,K01014.01,Kepler-749 b,CONFIRMED,17.31711739,0.684,3.1518,1473.0,2.04,454.0,10.07,35.9,1,77.0,4719.0,4.753,-1.7,0.502,0.52,299.89722,43.903912,15.759,1,confirmed
8158127,K01015.01,Kepler-750 b,CONFIRMED,9.42889884,0.011,4.4481,565.4,4.39,1163.0,432.9,50.4,3,75.0,5897.0,3.98,0.16,1.86,1.204,289.09689,44.004379,14.5,1,confirmed
10149023,K01081.01,,CANDIDATE,9.95639775,1.222,5.615,510.5,28.15,905.0,158.42,32.9,1,139.0,6161.0,4.454,0.07,1.053,1.15,294.76855,47.13279,15.22,0,candidate
10141900,K01082.01,Kepler-763 d,CONFIRMED,6.50327035,0.08,2.591,418.3,1.67,804.0,98.81,19.0,4,200.0,4999.0,4.49,0.18,0.843,0.8,292.14447,47.157349,15.692,1,confirmed
10141900,K01082.02,Kepler-763 c,CONFIRMED,4.09667624,0.142,2.19,302.3,1.42,938.0,182.9,16.2,4,291.0,4999.0,4.49,0.18,0.843,0.8,292.14447,47.157349,15.692,1,confirmed
10141900,K01082.03,Kepler-763 b,CONFIRMED,1.196548464,0.332,1.2592,224.6,1.25,1414.0,945.12,16.5,4,1071.0,4999.0,4.49,0.18,0.843,0.8,292.14447,47.157349,15.692,1,confirmed
8410727,K01148.01,Kepler-270 b,CONFIRMED,11.47609015,0.755,5.046,182.3,2.07,984.0,221.34,27.7,2,120.0,6071.0,4.202,0.1,1.41,1.156,282.2001,44.422298,13.908,1,confirmed
8410727,K01148.02,Kepler-270 c,CONFIRMED,25.2630467,0.743,6.22,125.5,1.71,756.0,77.24,14.3,2,55.0,6071.0,4.202,0.1,1.41,1.156,282.2001,44.422298,13.908,1,confirmed
8278371,K01150.01,Kepler-780 b,CONFIRMED,0.677374687,0.132,1.8361,76.7,0.9,2099.0,4572.56,38.7,1,1977.0,5718.0,4.395,0.08,1.037,0.974,281.76639,44.292549,13.326,1,confirmed
8280511,K01151.01,Kepler-271 b,CONFIRMED,10.43547031,0.174,3.4167,210.2,1.22,759.0,78.35,36.7,5,127.0,5528.0,4.499,-0.2,0.853,0.838,283.00296,44.284229,13.404,1,confirmed
8280511,K01151.02,Kepler-271 c,CONFIRMED,7.41084314,0.064,3.245,124.1,0.94,850.0,123.4,25.6,5,178.0,5528.0,4.499,-0.2,0.853,0.838,283.00296,44.284229,13.404,1,confirmed
9710326,K00947.01,Kepler-737 b,CONFIRMED,28.59914031,0.009,3.6567,1585.1,1.83,298.0,1.87,53.8,1,44.0,3755.0,4.781,-0.26,0.461,0.47,291.86285,46.42926,15.19,1,confirmed
9761882,K00948.01,Kepler-738 b,CONFIRMED,24.58716355,0.648,3.984,907.5,2.37,530.0,18.72,35.6,1,55.0,5474.0,4.605,-0.34,0.749,0.831,287.56967,46.56786,15.598,1,confirmed
9766437,K00949.01,Kepler-739 b,CONFIRMED,12.53248222,0.668,4.0168,1145.9,3.24,775.0,85.15,66.7,1,109.0,5997.0,4.522,-0.22,0.904,0.991,290.06799,46.57914,15.485,1,confirmed
9772531,K00950.01,,CANDIDATE,31.201692472,0.001,2.15663,34513.7,8.31,286.0,1.59,607.4,1,44.0,3748.0,4.796,-0.3,0.449,0.461,292.65704,46.537338,15.798,0,candidate
9775938,K00951.01,Kepler-258 b,CONFIRMED,13.19720694,0.568,3.4872,2141.4,4.18,642.0,40.03,116.2,2,103.0,4954.0,4.462,0.44,0.885,0.827,294.06848,46.57933,15.223,1,confirmed
8644288,K00137.02,Kepler-18 d,CONFIRMED,14.85890852,0.255,3.5252,3269.0,5.94,720.0,63.52,456.8,3,93.0,5356.0,4.338,0.2,1.055,0.882,298.07944,44.746319,13.549,1,confirmed
8158127,K01015.02,Kepler-750 c,CONFIRMED,4.08897299,0.374,3.585,157.9,2.36,1537.0,1317.96,19.0,3,162.0,5897.0,3.98,0.16,1.86,1.204,289.09689,44.004379,14.5,1,confirmed
8174625,K01017.01,Kepler-751 b,CONFIRMED,17.44486016,0.871,4.445,826.9,3.24,679.0,50.32,46.0,1,75.0,5568.0,4.413,-0.04,0.966,0.882,294.84384,44.077679,15.007,1,confirmed
10157458,K01083.01,Kepler-764 b,CONFIRMED,7.33685101,0.018,3.548,325.8,1.52,875.0,138.46,21.6,2,140.0,5795.0,4.554,-0.2,0.848,0.938,297.39319,47.164631,15.302,1,confirmed
10118816,K01085.01,Kepler-1735 b,CONFIRMED,7.71790675,0.112,1.84,306.8,0.9,502.0,15.01,12.6,1,180.0,3975.0,4.753,-0.34,0.509,0.535,281.05011,47.188148,15.233,1,confirmed
10122255,K01086.01,Kepler-765 b,CONFIRMED,27.6652847,0.004,6.633,469.2,2.21,641.0,39.94,36.1,1,49.0,6036.0,4.396,-0.32,1.017,0.939,283.1846,47.15567,14.609,1,confirmed
3835670,K00149.01,Kepler-473 b,CONFIRMED,14.55730897,0.036,7.7643,956.9,4.32,879.0,141.0,200.0,1,95.0,5774.0,4.159,0.14,1.412,1.048,286.6301,38.945599,13.397,1,confirmed
10295951,K01154.01,,CANDIDATE,6.810823723,0.57,7.98574,14446.8,26.06,1626.0,1656.16,1441.9,1,160.0,7226.0,3.967,-0.4,2.079,1.461,299.10281,47.377781,12.628,0,candidate
9775938,K00951.02,Kepler-258 c,CONFIRMED,33.6528474,0.567,3.9616,1140.8,3.05,470.0,11.5,41.9,2,38.0,4954.0,4.462,0.44,0.885,0.827,294.06848,46.57933,15.223,1,confirmed
9787239,K00952.01,Kepler-32 b,CONFIRMED,5.90127815,0.03,2.1979,1525.2,1.94,514.0,16.54,56.6,5,176.0,3731.0,4.75,-0.02,0.498,0.509,297.84241,46.574268,15.801,1,confirmed
9787239,K00952.02,Kepler-32 c,CONFIRMED,8.75209691,0.017,2.3742,1367.6,1.83,451.0,9.76,44.8,5,121.0,3731.0,4.75,-0.02,0.498,0.509,297.84241,46.574268,15.801,1,confirmed
9787239,K00952.03,Kepler-32 d,CONFIRMED,22.78078241,0.008,3.3002,1925.1,2.17,328.0,2.73,46.4,5,47.0,3731.0,4.75,-0.02,0.498,0.509,297.84241,46.574268,15.801,1,confirmed
9787239,K00952.04,Kepler-32 e,CONFIRMED,2.896005211,0.082,1.6776,614.1,1.23,652.0,42.53,28.6,5,345.0,3731.0,4.75,-0.02,0.498,0.509,297.84241,46.574268,15.801,1,confirmed
9787239,K00952.05,Kepler-32 f,CONFIRMED,0.742957911,0.162,0.6688,843.3,1.47,1026.0,262.51,45.3,5,1202.0,3731.0,4.75,-0.02,0.498,0.509,297.84241,46.574268,15.801,1,confirmed
2716853,K01022.01,Kepler-752 b,CONFIRMED,18.82744023,0.025,4.664,1006.2,2.7,632.0,37.82,29.5,2,74.0,5687.0,4.538,-0.12,0.86,0.93,292.26813,37.955639,15.762,1,confirmed
2715135,K01024.01,Kepler-753 b,CONFIRMED,5.747711909,0.575,1.8923,820.1,1.86,641.0,40.07,51.7,1,231.0,4252.0,4.64,-0.06,0.632,0.637,291.90326,37.90229,14.496,1,confirmed
8644288,K00137.03,Kepler-18 b,CONFIRMED,3.504691252,0.741,1.9811,315.1,2.03,1165.0,435.21,67.5,3,355.0,5356.0,4.338,0.2,1.055,0.882,298.07944,44.746319,13.549,1,confirmed
3247268,K01089.01,Kepler-418 b,CONFIRMED,86.67856052,0.291,10.1289,8244.1,9.83,434.0,8.41,318.3,2,13.0,5822.0,4.351,-0.06,1.081,0.957,294.4335,38.35545,14.696,1,confirmed
3247268,K01089.02,Kepler-418 c,CONFIRMED,12.21828097,0.778,2.6969,1843.4,5.1,835.0,114.59,90.1,2,84.0,5822.0,4.351,-0.06,1.081,0.957,294.4335,38.35545,14.696,1,confirmed
10354039,K01159.01,Kepler-1737 b,CONFIRMED,64.617518,0.9,5.796,2486.6,5.4,383.0,5.09,61.9,1,16.0,5043.0,4.47,0.3,0.881,0.834,297.01483,47.486431,15.332,1,confirmed
10330115,K01160.01,Kepler-781 b,CONFIRMED,13.21409607,0.812,3.5641,1154.8,2.77,629.0,36.95,38.0,1,98.0,5333.0,4.62,-0.32,0.728,0.813,287.65363,47.41481,15.987,1,confirmed
10426656,K01161.01,Kepler-272 c,CONFIRMED,6.05729966,0.219,3.7419,385.2,1.94,947.0,189.98,35.1,3,180.0,5334.0,4.372,0.16,1.004,0.865,299.12753,47.59383,14.678,1,confirmed
9820483,K00953.01,Kepler-740 b,CONFIRMED,3.584101048,0.045,2.7316,2608.1,4.66,1131.0,386.66,166.3,1,366.0,5739.0,4.518,0.1,0.922,1.021,286.48227,46.692451,15.954,1,confirmed
9941662,K00013.01,Kepler-13 b,CONFIRMED,1.763587535,0.512,3.16877,4590.6,21.42,3559.0,37958.27,4061.9,1,761.0,9107.0,3.867,0.07,3.031,2.466,286.97119,46.868359,9.958,1,confirmed
7778437,K00131.01,Kepler-471 b,CONFIRMED,5.014234733,0.066,4.589,6536.0,10.63,1308.0,692.13,794.3,1,266.0,6490.0,4.32,0.16,1.307,1.304,299.09753,43.497589,13.797,1,confirmed
9823457,K00954.01,Kepler-259 b,CONFIRMED,8.11528727,0.916,3.211,834.9,3.1,879.0,140.92,59.1,2,164.0,5926.0,4.532,-0.2,0.887,0.978,288.21194,46.615002,15.219,1,confirmed
9823457,K00954.02,Kepler-259 c,CONFIRMED,36.9250409,0.838,4.9381,902.0,3.01,530.0,18.7,39.3,2,37.0,5926.0,4.532,-0.2,0.887,0.978,288.21194,46.615002,15.219,1,confirmed
2164169,K01029.01,Kepler-1732 b,CONFIRMED,32.3122867,0.934,6.569,677.8,4.84,699.0,56.49,33.6,1,43.0,5821.0,4.108,0.04,1.494,1.043,292.29099,37.580799,14.757,1,confirmed
2574338,K01030.01,Kepler-1733 b,CONFIRMED,9.22961384,0.067,2.235,492.1,2.79,1021.0,257.11,19.3,1,142.0,6320.0,4.347,0.24,1.252,1.273,291.13849,37.859299,15.399,1,confirmed
2584163,K01031.01,Kepler-754 b,CONFIRMED,14.5598556,0.026,5.624,290.6,1.64,758.0,78.26,15.6,1,94.0,5959.0,4.46,-0.16,0.966,0.983,293.25412,37.846191,15.16,1,confirmed
4180280,K00144.01,Kepler-472 b,CONFIRMED,4.176254191,0.715,3.6716,1360.1,3.07,876.0,139.48,249.7,1,259.0,4957.0,4.594,0.26,0.776,0.867,296.52429,39.24976,13.698,1,confirmed
2721030,K01094.01,Kepler-766 b,CONFIRMED,6.10027621,0.015,4.7476,766.6,2.59,990.0,227.15,43.2,1,222.0,5957.0,4.506,-0.08,0.937,1.026,293.18454,37.969841,15.678,1,confirmed
3329204,K01095.01,,CANDIDATE,51.59809554,0.251,2.0153,5869.2,6.57,449.0,9.61,79.7,1,25.0,5681.0,4.551,-0.06,0.859,0.957,287.61688,38.402321,15.617,0,candidate
3230491,K01096.01,,CANDIDATE,1500.0,0.9243,7.109,9592.0,9.8,139.0,0.09,62.5,1,,5606.0,4.597,-0.4,0.76,0.832,290.18304,38.321941,14.709,0,candidate
7626506,K00150.01,Kepler-112 b,CONFIRMED,8.408878137,0.018,3.4967,798.9,2.28,809.0,101.22,147.2,2,162.0,5551.0,4.508,-0.42,0.812,0.776,296.98102,43.209751,13.771,1,confirmed
10426656,K01161.02,Kepler-272 d,CONFIRMED,10.93725572,0.866,3.0822,421.6,2.41,777.0,86.28,24.6,3,88.0,5334.0,4.372,0.16,1.004,0.865,299.12753,47.59383,14.678,1,confirmed
10426656,K01161.03,Kepler-272 b,CONFIRMED,2.97136658,0.349,2.716,233.3,1.52,1200.0,490.13,25.6,3,328.0,5334.0,4.372,0.16,1.004,0.865,299.12753,47.59383,14.678,1,confirmed
10528068,K01162.01,Kepler-782 b,CONFIRMED,158.6850022,0.034,11.5372,898.3,3.08,350.0,3.53,97.4,1,9.0,5751.0,4.34,-0.28,1.034,0.852,288.86823,47.75943,12.783,1,confirmed
10468940,K01163.01,Kepler-273 b,CONFIRMED,2.936527336,0.524,1.771,352.3,1.92,1209.0,505.22,34.7,2,452.0,5359.0,4.375,0.14,1.002,0.867,291.30222,47.697762,14.968,1,confirmed
9825625,K00955.01,Kepler-741 b,CONFIRMED,7.03902016,0.015,3.8633,529.8,2.45,1051.0,288.92,54.3,1,189.0,6321.0,4.434,-0.16,1.058,1.108,289.4317,46.617531,15.067,1,confirmed
9875711,K00956.01,Kepler-742 b,CONFIRMED,8.360870704,0.494,2.7144,2039.7,3.67,690.0,53.68,120.9,1,159.0,4743.0,4.516,0.4,0.81,0.786,283.86603,46.789589,15.223,1,confirmed
1026957,K00958.01,Kepler-1731 b,CONFIRMED,21.76129812,0.123,1.243,1300.7,2.53,486.0,13.18,60.0,1,62.0,4859.0,4.612,0.0,0.72,0.781,291.25449,36.74361,12.559,1,confirmed
2162635,K01032.01,,CANDIDATE,1500.1406772,0.9131,25.727,4129.9,18.35,206.0,0.42,83.3,1,,5009.0,3.755,0.07,2.283,1.083,291.97754,37.532551,13.862,0,candidate
2853093,K01099.01,Kepler-767 b,CONFIRMED,161.5278347,0.0,3.6734,4653.6,8.19,366.0,4.25,54.7,1,9.0,5778.0,4.285,0.16,1.213,1.033,291.57916,38.035831,15.435,1,confirmed
3245969,K01101.01,Kepler-768 b,CONFIRMED,11.39102358,0.732,2.303,448.6,1.67,618.0,34.55,10.5,2,94.0,4983.0,4.617,0.07,0.728,0.836,294.11566,38.393478,15.681,1,confirmed
3231341,K01102.01,Kepler-24 c,CONFIRMED,12.33343853,0.979,6.221,536.4,4.12,915.0,165.3,31.7,4,112.0,5896.0,4.197,-0.36,1.24,0.884,290.41327,38.34375,14.925,1,confirmed
10468940,K01163.02,Kepler-273 c,CONFIRMED,8.01500821,0.645,3.0137,363.0,2.0,865.0,132.46,28.6,2,159.0,5359.0,4.375,0.14,1.002,0.867,291.30222,47.697762,14.968,1,confirmed
10337517,K01165.01,Kepler-783 c,CONFIRMED,7.053934488,0.899,1.7244,511.5,2.36,840.0,117.33,56.3,2,190.0,5357.0,4.498,0.0,0.863,0.854,291.06293,47.484798,13.916,1,confirmed
10337517,K01165.02,Kepler-783 b,CONFIRMED,4.29263699,0.454,2.7,61.4,0.68,991.0,227.69,11.4,2,302.0,5357.0,4.498,0.0,0.863,0.854,291.06293,47.484798,13.916,1,confirmed
10351231,K01166.01,Kepler-1738 b,CONFIRMED,7.6746614,0.939,1.9374,503.0,2.8,957.0,198.67,20.8,1,140.0,6063.0,4.47,-0.02,1.001,1.079,296.13141,47.43882,15.44,1,confirmed
8561063,K00961.01,Kepler-42 b,CONFIRMED,1.213770423,0.83,0.5532,1821.0,0.78,525.0,18.03,111.4,3,1100.0,3292.0,5.215,-0.42,0.148,0.132,292.21906,44.61916,15.92,1,confirmed
8561063,K00961.02,Kepler-42 c,CONFIRMED,0.453287416,0.81,0.4445,1461.5,0.76,729.0,66.14,150.4,3,1193.0,3292.0,5.215,-0.42,0.148,0.132,292.21906,44.61916,15.92,1,confirmed
8561063,K00961.03,Kepler-42 d,CONFIRMED,1.865114193,0.785,0.4279,1124.8,0.66,455.0,10.1,56.9,3,633.0,3292.0,5.215,-0.42,0.148,0.132,292.21906,44.61916,15.92,1,confirmed
7102227,K01360.01,Kepler-290 c,CONFIRMED,36.7704935,0.545,4.42,1346.6,2.83,437.0,8.6,40.8,3,37.0,5142.0,4.602,-0.06,0.755,0.84,286.41,42.681549,15.596,1,confirmed
7102227,K01360.02,Kepler-290 b,CONFIRMED,14.58932429,0.694,2.4184,831.3,2.32,594.0,29.53,29.3,3,94.0,5142.0,4.602,-0.06,0.755,0.84,286.41,42.681549,15.596,1,confirmed
7102227,K01360.03,Kepler-290 d,CONFIRMED,0.764017553,0.442,1.103,128.2,0.86,1589.0,1503.79,13.2,3,1685.0,5142.0,4.602,-0.06,0.755,0.84,286.41,42.681549,15.596,1,confirmed
6960913,K01361.01,Kepler-61 b,CONFIRMED,59.8780258,0.004,4.8027,1419.1,2.19,273.0,1.31,51.8,1,25.0,4016.0,4.658,0.02,0.599,0.595,295.3045,42.475288,14.995,1,confirmed
6837146,K01362.01,,CANDIDATE,20.51360192,0.703,3.4769,1174.1,2.58,540.0,20.15,32.3,1,58.0,5310.0,4.608,-0.5,0.704,0.733,281.60541,42.390419,15.406,0,candidate
11122894,K01426.02,Kepler-297 c,CONFIRMED,74.92768653,0.796,4.74,4119.2,6.39,409.0,6.62,161.5,3,14.0,5618.0,4.46,-0.22,0.897,0.846,283.20917,48.777641,14.232,1,confirmed
11122894,K01426.03,Kepler-297 d,CONFIRMED,150.0189511,1.252,4.3823,4319.7,32.6,325.0,2.62,106.2,3,10.0,5618.0,4.46,-0.22,0.897,0.846,283.20917,48.777641,14.232,1,confirmed
11129738,K01427.01,Kepler-844 b,CONFIRMED,2.613020421,0.891,1.9588,599.7,1.5,713.0,61.24,31.1,2,408.0,3883.0,4.725,-0.24,0.517,0.516,287.85773,48.774109,15.84,1,confirmed
11401182,K01428.01,Kepler-845 b,CONFIRMED,0.927859786,0.795,1.4279,515.3,1.79,1361.0,813.3,99.8,1,1438.0,4815.0,4.631,0.07,0.699,0.799,290.95755,49.203812,14.631,1,confirmed
11030711,K01429.01,Kepler-1750 b,CONFIRMED,205.912735,0.196,9.992,2378.8,4.68,298.0,1.85,49.4,1,6.0,5644.0,4.457,0.14,0.969,0.981,292.3515,48.511082,15.531,1,confirmed
11512246,K00168.03,Kepler-23 b,CONFIRMED,7.10695741,0.079,5.1462,131.0,1.72,1157.0,422.8,33.8,3,170.0,5761.0,4.091,0.06,1.518,1.036,294.21893,49.479221,13.438,1,confirmed
6607286,K01239.01,,CANDIDATE,0.783276173,0.041,1.6735,264.7,1.98,2149.0,5056.88,46.9,2,1447.0,5640.0,4.247,0.16,1.233,0.979,292.17859,42.005909,15.005,0,candidate
6607286,K01239.02,,CANDIDATE,3.17405898,0.422,2.3156,282.2,2.09,1348.0,780.46,29.2,2,290.0,5640.0,4.247,0.16,1.233,0.979,292.17859,42.005909,15.005,0,candidate
6690082,K01240.01,Kepler-280 b,CONFIRMED,2.1395563,0.368,2.0678,266.1,1.76,1425.0,974.3,48.9,2,625.0,5534.0,4.338,0.14,1.08,0.926,291.3905,42.180592,14.466,1,confirmed
6690082,K01240.02,Kepler-280 c,CONFIRMED,4.807103254,0.94,0.9393,450.5,2.96,1088.0,330.84,32.9,2,243.0,5534.0,4.338,0.14,1.08,0.926,291.3905,42.180592,14.466,1,confirmed
6448890,K01241.01,Kepler-56 c,CONFIRMED,21.4054422,0.943,11.721,409.3,11.64,1087.0,330.0,60.9,2,64.0,4838.0,3.299,0.2,4.361,1.381,293.75836,41.871868,12.44,1,confirmed
6448890,K01241.02,Kepler-56 b,CONFIRMED,10.5007712,0.034,14.522,183.4,5.68,1378.0,852.28,45.3,2,126.0,4838.0,3.299,0.2,4.361,1.381,293.75836,41.871868,12.44,1,confirmed
10730034,K01305.01,Kepler-285 b,CONFIRMED,2.633852528,0.204,2.0206,259.8,1.38,1131.0,387.43,23.3,2,506.0,5114.0,4.463,0.16,0.878,0.817,291.3909,48.065609,15.173,1,confirmed
10730034,K01305.02,Kepler-285 c,CONFIRMED,6.18670882,0.013,2.909,202.6,1.21,851.0,123.96,14.3,2,202.0,5114.0,4.463,0.16,0.878,0.817,291.3909,48.065609,15.173,1,confirmed
10858691,K01306.01,Kepler-286 b,CONFIRMED,1.796320953,0.015,1.9139,210.9,1.2,1367.0,827.82,22.1,4,749.0,5576.0,4.503,-0.36,0.829,0.8,290.67615,48.294289,15.587,1,confirmed
10858691,K01306.02,Kepler-286 c,CONFIRMED,3.468073,0.143,2.361,243.9,1.29,1098.0,343.57,20.6,4,353.0,5576.0,4.503,-0.36,0.829,0.8,290.67615,48.294289,15.587,1,confirmed
10858691,K01306.03,Kepler-286 d,CONFIRMED,5.9142668,0.04,2.661,253.2,1.31,919.0,168.51,17.4,4,190.0,5576.0,4.503,-0.36,0.829,0.8,290.67615,48.294289,15.587,1,confirmed
8107380,K00162.01,Kepler-476 b,CONFIRMED,14.00640392,0.568,4.6919,716.4,3.11,807.0,100.09,109.3,1,96.0,5788.0,4.323,0.0,1.124,0.969,295.16382,43.963039,13.837,1,confirmed
6936909,K01363.01,Kepler-291 b,CONFIRMED,3.546531809,0.633,2.2746,442.7,2.18,1212.0,510.26,26.4,2,374.0,5993.0,4.489,0.07,0.986,1.093,287.91635,42.437302,15.934,1,confirmed
6936909,K01363.02,Kepler-291 c,CONFIRMED,5.70070626,0.664,1.6408,379.8,2.03,1035.0,270.62,15.2,2,221.0,5993.0,4.489,0.07,0.986,1.093,287.91635,42.437302,15.934,1,confirmed
6962977,K01364.01,Kepler-292 f,CONFIRMED,20.8341497,0.269,4.522,803.1,2.26,563.0,23.82,26.2,5,54.0,5296.0,4.538,-0.1,0.808,0.821,295.76614,42.424278,15.956,1,confirmed
6962977,K01364.02,Kepler-292 d,CONFIRMED,7.0556584,0.301,3.0479,705.6,2.13,808.0,100.88,32.1,5,165.0,5296.0,4.538,-0.1,0.808,0.821,295.76614,42.424278,15.956,1,confirmed
11176127,K01430.01,Kepler-298 b,CONFIRMED,10.47548084,0.664,2.3024,1070.7,2.11,540.0,20.15,40.3,3,129.0,4463.0,4.677,-0.24,0.611,0.662,283.03979,48.825359,15.415,1,confirmed
11176127,K01430.02,Kepler-298 c,CONFIRMED,22.92886314,0.805,2.0831,908.9,2.08,416.0,7.09,21.3,3,56.0,4463.0,4.677,-0.24,0.611,0.662,283.03979,48.825359,15.415,1,confirmed
11176127,K01430.03,Kepler-298 d,CONFIRMED,77.4740991,0.758,4.168,1543.6,2.63,277.0,1.4,27.5,3,15.0,4463.0,4.677,-0.24,0.611,0.662,283.03979,48.825359,15.415,1,confirmed
11075279,K01431.01,,CANDIDATE,345.1589354,0.87,7.5646,5087.9,7.79,241.0,0.8,197.9,1,4.0,5597.0,4.515,0.28,0.931,1.032,287.02228,48.681938,13.46,0,candidate
11014932,K01432.01,Kepler-299 c,CONFIRMED,6.88595222,0.953,4.148,428.5,2.68,946.0,189.35,34.5,4,197.0,5616.0,4.394,-0.02,0.999,0.903,283.20697,48.580502,15.017,1,confirmed
6607447,K01242.01,,CANDIDATE,99.6442783,0.966,5.1772,3215.6,8.48,415.0,6.98,163.2,1,13.0,6102.0,4.447,-0.08,1.016,1.049,292.22839,42.03537,13.75,0,candidate
8030148,K00155.01,Kepler-474 b,CONFIRMED,5.660669429,0.477,4.6483,737.8,3.24,1115.0,365.53,201.1,1,237.0,5746.0,4.266,-0.08,1.173,0.927,292.3215,43.881168,13.494,1,confirmed
6693640,K01245.01,Kepler-798 b,CONFIRMED,13.71938426,0.022,5.5677,316.4,1.98,864.0,131.94,48.3,1,96.0,6387.0,4.41,-0.12,1.105,1.145,292.47821,42.142288,14.2,1,confirmed
10858691,K01306.04,Kepler-286 e,CONFIRMED,29.2214959,0.779,4.014,394.0,1.81,539.0,20.03,14.6,4,37.0,5576.0,4.503,-0.36,0.829,0.8,290.67615,48.294289,15.587,1,confirmed
10973814,K01307.01,Kepler-287 c,CONFIRMED,44.8520997,0.807,3.5729,780.8,3.35,513.0,16.35,33.0,2,28.0,5514.0,4.345,0.16,1.071,0.926,290.92746,48.44355,14.775,1,confirmed
10973814,K01307.02,Kepler-287 b,CONFIRMED,20.34237838,0.826,2.3351,564.6,2.88,667.0,46.93,28.7,2,65.0,5514.0,4.345,0.16,1.071,0.926,290.92746,48.44355,14.775,1,confirmed
6541920,K00157.05,Kepler-11 g,CONFIRMED,118.3786735,0.011,9.5574,1083.3,3.4,376.0,4.75,83.1,6,12.0,5657.0,4.364,0.0,1.046,0.921,297.11511,41.909142,13.709,1,confirmed
10586208,K01308.01,Kepler-811 b,CONFIRMED,23.58444746,0.711,5.5545,429.2,3.0,730.0,66.96,42.8,1,45.0,5655.0,4.152,0.0,1.354,0.947,285.42429,47.83461,13.971,1,confirmed
6962977,K01364.03,Kepler-292 e,CONFIRMED,11.97884409,0.073,3.751,707.9,2.11,678.0,49.87,27.8,5,97.0,5296.0,4.538,-0.1,0.808,0.821,295.76614,42.424278,15.956,1,confirmed
6962977,K01364.04,Kepler-292 c,CONFIRMED,3.71545593,0.327,2.558,331.7,1.46,1001.0,237.42,19.6,5,298.0,5296.0,4.538,-0.1,0.808,0.821,295.76614,42.424278,15.956,1,confirmed
6962977,K01364.05,Kepler-292 b,CONFIRMED,2.58083264,0.16,2.1729,270.2,1.31,1130.0,386.18,17.5,5,384.0,5296.0,4.538,-0.1,0.808,0.821,295.76614,42.424278,15.956,1,confirmed
6932987,K01366.01,Kepler-293 b,CONFIRMED,19.25404023,0.548,4.6509,987.7,3.04,657.0,44.17,50.7,2,71.0,5798.0,4.507,0.1,0.941,1.038,286.35806,42.406509,15.368,1,confirmed
11014932,K01432.02,Kepler-299 d,CONFIRMED,15.0549356,0.321,4.801,256.4,1.6,729.0,66.72,16.6,4,86.0,5616.0,4.394,-0.02,0.999,0.903,283.20697,48.580502,15.017,1,confirmed
11014932,K01432.03,Kepler-299 b,CONFIRMED,2.92721119,0.043,2.545,170.2,1.29,1258.0,593.23,18.0,4,417.0,5616.0,4.394,-0.02,0.999,0.903,283.20697,48.580502,15.017,1,confirmed
11014932,K01432.04,Kepler-299 e,CONFIRMED,38.2856338,0.115,6.512,322.8,1.77,534.0,19.24,15.0,4,31.0,5616.0,4.394,-0.02,0.999,0.903,283.20697,48.580502,15.017,1,confirmed
11288505,K01433.01,Kepler-846 b,CONFIRMED,19.80787763,0.054,3.453,616.3,2.08,624.0,35.89,20.1,1,55.0,5775.0,4.558,-0.22,0.84,0.934,287.05701,49.046021,15.65,1,confirmed
11493431,K01434.01,Kepler-847 b,CONFIRMED,2.343230566,0.047,2.0424,246.5,1.18,1054.0,292.31,23.9,1,454.0,4798.0,4.533,0.16,0.782,0.761,283.50479,49.451019,14.782,1,confirmed
6441738,K01246.01,,CANDIDATE,19.03723442,0.033,3.3882,401.3,5.74,1051.0,288.04,25.3,1,71.0,5248.0,3.523,-0.58,2.892,1.017,291.42755,41.878159,14.898,0,candidate
8616873,K01251.01,,CANDIDATE,0.576078683,1.113,1.63253,10084.8,23.23,1982.0,3647.63,426.0,1,1158.0,5693.0,4.57,-0.24,0.816,0.911,288.70087,44.70768,15.237,0,candidate
10854768,K01309.01,Kepler-812 b,CONFIRMED,10.1171684,0.296,4.6677,288.7,3.07,1163.0,433.41,50.6,1,130.0,6306.0,4.077,0.24,1.792,1.399,288.85529,48.208542,13.832,1,confirmed
10964440,K01310.01,Kepler-813 b,CONFIRMED,19.12947603,0.861,3.9622,451.2,4.23,817.0,105.25,31.7,2,58.0,5372.0,4.007,0.46,1.71,1.084,285.66269,48.435371,14.569,1,confirmed
10713616,K01311.01,Kepler-1667 b,CONFIRMED,83.5781976,0.544,7.2487,630.8,6.63,655.0,43.62,54.9,1,15.0,6056.0,3.788,0.26,2.562,1.468,283.53296,48.094261,13.498,1,confirmed
10963242,K01312.01,Kepler-814 b,CONFIRMED,6.1469956,0.083,3.3153,249.6,2.04,1164.0,433.72,25.8,2,177.0,6110.0,4.285,0.16,1.296,1.185,284.91049,48.431641,14.706,1,confirmed
6932987,K01366.02,Kepler-293 c,CONFIRMED,54.1558384,0.927,4.432,1109.8,3.88,466.0,11.12,29.1,2,23.0,5798.0,4.507,0.1,0.941,1.038,286.35806,42.406509,15.368,1,confirmed
8191672,K00018.01,Kepler-5 b,CONFIRMED,3.548465446,0.075,4.56904,7251.5,14.92,1640.0,1708.28,2486.5,1,378.0,6290.0,4.074,0.04,1.746,1.319,299.40701,44.035053,13.369,1,confirmed
6851425,K00163.01,Kepler-477 b,CONFIRMED,11.1199028,0.72,3.3759,636.3,2.08,649.0,42.07,100.3,1,120.0,5078.0,4.581,0.0,0.766,0.816,288.0676,42.35537,13.536,1,confirmed
6934291,K01367.01,Kepler-828 b,CONFIRMED,0.567856484,0.324,1.0258,334.8,1.55,1848.0,2760.23,53.8,1,2354.0,5073.0,4.483,0.14,0.853,0.806,286.88727,42.47126,15.055,1,confirmed
11037335,K01435.01,Kepler-300 c,CONFIRMED,40.7150498,0.638,8.587,563.9,2.2,516.0,16.76,56.4,2,34.0,5968.0,4.534,-0.26,0.881,0.97,295.2887,48.59972,14.201,1,confirmed
11037335,K01435.02,Kepler-300 b,CONFIRMED,10.44635944,0.967,2.749,354.2,2.18,812.0,102.77,34.4,2,127.0,5968.0,4.534,-0.26,0.881,0.97,295.2887,48.59972,14.201,1,confirmed
11389771,K01436.01,Kepler-301 b,CONFIRMED,2.508553286,0.009,2.2664,211.6,1.28,1278.0,629.8,26.8,3,430.0,5814.0,4.523,-0.18,0.881,0.944,283.98297,49.23299,14.271,1,confirmed
11389771,K01436.02,Kepler-301 d,CONFIRMED,13.75129636,0.359,3.853,348.5,1.66,725.0,65.24,24.6,3,76.0,5814.0,4.523,-0.18,0.881,0.944,283.98297,49.23299,14.271,1,confirmed
10925104,K00156.01,Kepler-114 c,CONFIRMED,8.041347775,0.26,2.6332,591.0,1.29,507.0,15.59,77.5,3,160.0,3980.0,4.722,-0.2,0.54,0.56,294.12143,48.349522,13.738,1,confirmed
8494263,K01255.01,,CANDIDATE,78.9257421,0.359,7.5193,17972.0,11.9,398.0,5.94,85.2,1,15.0,5750.0,4.538,-0.04,0.882,0.98,291.44522,44.52869,15.913,0,candidate
10585852,K01314.01,Kepler-815 b,CONFIRMED,8.57504983,0.129,8.653,160.6,4.26,1374.0,841.68,36.9,1,130.0,4986.0,3.462,-0.04,3.464,1.268,285.2211,47.881378,13.242,1,confirmed
10928043,K01315.01,,CANDIDATE,6.84639884,0.9,3.4919,149.7,1.9,1132.0,387.84,36.3,1,192.0,6065.0,4.251,0.07,1.31,1.115,295.29385,48.374802,13.137,0,candidate
10794087,K01316.01,Kepler-1743 b,CONFIRMED,7.64970832,0.898,6.625,55.4,1.43,1144.0,404.99,28.5,2,173.0,5855.0,4.125,0.4,1.613,1.266,290.55237,48.126263,11.926,1,confirmed
10794087,K01316.02,,CANDIDATE,12.37679312,,3.85,,,,,,2,,,,,,,290.55237,48.126263,11.926,0,candidate
6541920,K00157.06,Kepler-11 b,CONFIRMED,10.30401132,0.017,4.2246,316.1,1.84,849.0,122.98,53.8,6,117.0,5657.0,4.364,0.0,1.046,0.921,297.11511,41.909142,13.709,1,confirmed
7287415,K01369.01,Kepler-1745 b,CONFIRMED,3.016182013,0.732,2.8349,222.5,2.25,1449.0,1044.49,31.9,1,449.0,5611.0,4.144,0.16,1.4,0.995,293.46902,42.822411,14.878,1,confirmed
6924203,K01370.01,Kepler-829 b,CONFIRMED,6.8833761,0.075,2.2702,458.4,1.69,857.0,127.67,28.1,1,193.0,5679.0,4.581,-0.32,0.794,0.886,282.33279,42.463821,14.931,1,confirmed
11389771,K01436.03,Kepler-301 c,CONFIRMED,5.41908491,0.536,2.3379,231.0,1.38,989.0,225.71,20.2,3,173.0,5814.0,4.523,-0.18,0.881,0.944,283.98297,49.23299,14.271,1,confirmed
11599038,K01437.01,Kepler-1751 b,CONFIRMED,7.01733571,0.581,3.567,255.5,1.61,984.0,221.46,15.5,3,152.0,6052.0,4.456,-0.26,0.967,0.974,284.84662,49.692402,15.28,1,confirmed
11193263,K01438.01,Kepler-848 b,CONFIRMED,6.91134223,0.259,5.6743,201.7,1.9,1086.0,328.65,44.0,1,196.0,5685.0,4.194,0.24,1.35,1.039,293.28827,48.811619,14.056,1,confirmed
11027624,K01439.01,Kepler-849 b,CONFIRMED,394.6249514,0.336,24.108,2013.3,7.79,325.0,2.65,234.6,1,4.0,5910.0,4.03,0.14,1.727,1.164,290.85178,48.521339,12.849,1,confirmed
11032227,K01440.01,Kepler-850 b,CONFIRMED,7.19304935,0.017,3.407,255.3,1.59,995.0,232.36,19.0,1,185.0,6185.0,4.472,-0.18,0.991,1.06,293.08447,48.57539,15.451,1,confirmed
8751933,K01257.01,Kepler-420 b,CONFIRMED,86.64764448,0.0,4.2326,7311.6,9.4,419.0,7.28,241.9,1,16.0,5522.0,4.323,0.26,1.12,0.963,291.22519,44.92738,14.651,1,confirmed
8630788,K01258.01,Kepler-281 c,CONFIRMED,36.33750453,0.825,7.06,2828.4,5.3,513.0,16.36,96.8,3,38.0,5717.0,4.538,0.0,0.884,0.984,294.10818,44.770699,15.773,1,confirmed
8630788,K01258.02,Kepler-281 b,CONFIRMED,14.64613058,0.561,5.688,593.5,2.22,694.0,54.95,30.0,3,89.0,5717.0,4.538,0.0,0.884,0.984,294.10818,44.770699,15.773,1,confirmed
8630788,K01258.03,Kepler-281 d,CONFIRMED,148.272013,0.883,4.192,1707.4,4.3,321.0,2.51,21.8,3,8.0,5717.0,4.538,0.0,0.884,0.984,294.10818,44.770699,15.773,1,confirmed
4164994,K01320.01,Kepler-816 b,CONFIRMED,10.50682978,0.407,3.7769,13355.5,9.01,668.0,47.21,343.4,1,83.0,5127.0,4.589,0.12,0.782,0.872,293.36285,39.212448,15.95,1,confirmed
6766634,K01375.01,Kepler-1746 b,CONFIRMED,321.2124365,0.873,4.012,2358.6,7.25,310.0,2.17,81.7,1,5.0,6018.0,4.257,0.06,1.286,1.09,288.32043,42.261414,13.709,1,confirmed
7211469,K01377.01,Kepler-830 b,CONFIRMED,11.29689442,0.634,4.623,198.5,1.74,907.0,160.18,20.9,1,121.0,6096.0,4.358,0.14,1.176,1.155,295.05429,42.75684,14.788,1,confirmed
7831264,K00171.01,Kepler-116 b,CONFIRMED,5.968724048,0.166,3.651,510.6,3.26,1251.0,579.9,107.1,2,225.0,6122.0,4.173,0.02,1.439,1.123,294.74207,43.536831,13.717,1,confirmed
7532973,K01450.01,Kepler-854 b,CONFIRMED,2.144632238,1.228,6.2701,19836.9,59.19,1736.0,2146.82,334.8,1,629.0,6296.0,4.24,-0.16,1.305,1.076,293.35129,43.13464,13.48,1,confirmed
8678594,K01261.01,Kepler-799 b,CONFIRMED,133.460999,0.249,11.4997,5032.9,11.21,433.0,8.29,162.3,2,10.0,5588.0,4.047,0.14,1.593,1.031,287.1749,44.878571,15.12,1,confirmed
10925104,K00156.02,Kepler-114 b,CONFIRMED,5.188563677,0.179,2.3683,358.7,1.0,586.0,27.95,56.4,3,239.0,3980.0,4.722,-0.2,0.54,0.56,294.12143,48.349522,13.738,1,confirmed
8678594,K01261.02,Kepler-799 c,CONFIRMED,15.19423359,0.906,3.106,367.8,3.69,893.0,150.25,18.1,2,88.0,5588.0,4.047,0.14,1.593,1.031,287.1749,44.878571,15.12,1,confirmed
4076098,K01323.01,Kepler-817 b,CONFIRMED,3.990105908,0.582,2.4108,6154.9,7.45,1124.0,378.53,247.8,1,212.0,5926.0,4.519,-0.12,0.913,1.004,296.08185,39.161621,15.572,1,confirmed
4282872,K01325.01,Kepler-818 b,CONFIRMED,10.035381809,0.079,3.4062,2829.7,4.42,786.0,90.33,150.9,1,107.0,5813.0,4.561,-0.28,0.833,0.925,296.23511,39.370338,15.062,1,confirmed
7211221,K01379.01,Kepler-831 b,CONFIRMED,5.62154315,0.742,2.4143,172.3,1.37,992.0,229.04,35.3,1,238.0,5637.0,4.439,0.0,0.96,0.924,294.98547,42.727669,13.687,1,confirmed
11356260,K01441.01,Kepler-851 b,CONFIRMED,8.50698069,0.816,2.938,295.5,1.9,900.0,155.42,20.7,1,160.0,5822.0,4.428,-0.1,0.986,0.951,294.68027,49.14016,15.135,1,confirmed
11600889,K01442.01,Kepler-407 b,CONFIRMED,0.669310092,0.157,1.6274,131.8,1.13,1983.0,3643.96,75.3,1,1592.0,5475.0,4.426,0.34,1.003,0.977,286.03635,49.61451,12.521,1,confirmed
11043167,K01444.01,Kepler-852 b,CONFIRMED,44.9306706,0.481,6.539,438.4,2.49,565.0,24.17,33.8,1,25.0,6121.0,4.397,0.36,1.164,1.233,297.3916,48.560692,13.949,1,confirmed
8612847,K01264.01,Kepler-800 b,CONFIRMED,14.13175309,0.848,4.0136,1033.0,3.02,675.0,49.18,40.1,1,95.0,5616.0,4.564,-0.16,0.822,0.907,286.57483,44.7952,15.762,1,confirmed
8547140,K01266.01,Kepler-801 b,CONFIRMED,11.41926141,0.242,3.9908,915.6,1.48,419.0,7.32,58.0,1,117.0,3823.0,4.765,-0.2,0.492,0.513,286.07523,44.664639,15.314,1,confirmed
8813698,K01268.01,,CANDIDATE,268.9410974,0.765,5.4434,9010.2,13.57,321.0,2.52,120.4,1,4.0,5798.0,4.224,0.14,1.306,1.041,289.88962,45.005669,14.814,0,candidate
4074736,K01328.01,,CANDIDATE,80.9669561,0.007,2.5276,4733.0,5.04,364.0,4.14,52.0,1,13.0,5611.0,4.61,-0.5,0.737,0.824,295.80585,39.17799,15.671,0,candidate
4072526,K01329.01,Kepler-819 b,CONFIRMED,33.1996355,0.017,5.022,1112.5,2.85,485.0,13.09,32.6,1,33.0,5102.0,4.463,0.18,0.88,0.819,295.37079,39.177212,15.03,1,confirmed
4274548,K01331.01,,CANDIDATE,6.80082032,0.597,1.9883,699.9,1.88,697.0,55.83,25.5,1,127.0,4805.0,4.633,-0.06,0.688,0.769,294.50842,39.398682,15.238,0,candidate
4455231,K01332.01,Kepler-288 c,CONFIRMED,19.30581662,0.001,4.2902,709.1,4.0,815.0,104.41,36.3,3,60.0,5661.0,4.09,0.16,1.522,1.04,288.91644,39.594711,15.151,1,confirmed
9527915,K00165.01,Kepler-478 b,CONFIRMED,13.22175358,0.451,2.7884,876.5,2.38,640.0,39.56,93.6,1,100.0,5211.0,4.556,0.0,0.799,0.838,292.48694,46.196209,13.938,1,confirmed
11336883,K01445.01,Kepler-853 b,CONFIRMED,7.16893064,0.573,4.6766,112.8,1.61,1187.0,469.56,36.3,3,153.0,6221.0,4.198,0.08,1.458,1.225,283.9368,49.110329,12.32,1,confirmed
11336883,K01445.02,,CANDIDATE,54.325574,0.154,9.86,44.2,0.76,545.0,20.85,7.7,3,,6343.0,4.411,0.07,1.137,1.213,283.9368,49.110329,12.32,0,candidate
11336883,K01445.03,,CANDIDATE,20.01959599,,7.0,,,,,,3,,,,,,,283.9368,49.110329,12.32,0,candidate
8564587,K01270.01,Kepler-57 b,CONFIRMED,5.729317577,0.597,1.1816,865.4,2.41,850.0,123.03,59.0,2,230.0,5320.0,4.589,-0.06,0.786,0.882,293.6413,44.65704,14.809,1,confirmed
10925104,K00156.03,Kepler-114 d,CONFIRMED,11.776132317,0.54,2.8971,1430.8,2.08,446.0,9.37,163.5,3,114.0,3980.0,4.722,-0.2,0.54,0.56,294.12143,48.349522,13.738,1,confirmed
8564587,K01270.02,Kepler-57 c,CONFIRMED,11.60908533,0.03,2.2603,489.3,1.71,671.0,48.06,34.1,2,117.0,5320.0,4.589,-0.06,0.786,0.882,293.6413,44.65704,14.809,1,confirmed
8631160,K01271.01,,CANDIDATE,162.0479502,0.663,9.8974,4840.5,11.52,437.0,8.65,370.2,1,8.0,6309.0,4.16,0.12,1.567,1.294,294.2655,44.7943,13.632,0,candidate
8806072,K01273.01,Kepler-802 b,CONFIRMED,40.05881661,0.819,5.595,1239.4,3.43,489.0,13.57,62.6,1,32.0,5668.0,4.545,-0.02,0.868,0.963,286.01587,45.007771,14.862,1,confirmed
4455231,K01332.02,Kepler-288 b,CONFIRMED,6.09747233,0.012,3.431,217.6,2.22,1197.0,485.84,17.4,3,183.0,5661.0,4.09,0.16,1.522,1.04,288.91644,39.594711,15.151,1,confirmed
4455231,K01332.03,Kepler-288 d,CONFIRMED,56.637918,0.298,6.172,589.7,3.68,570.0,24.87,20.9,3,21.0,5661.0,4.09,0.16,1.522,1.04,288.91644,39.594711,15.151,1,confirmed
8972058,K00159.01,Kepler-115 c,CONFIRMED,8.99088621,0.77,4.2447,469.7,2.78,960.0,200.35,93.6,2,147.0,5881.0,4.315,0.07,1.171,1.032,297.71185,45.261921,13.431,1,confirmed
9202151,K01393.01,,CANDIDATE,1.694740233,0.671,1.6864,1446.8,2.12,797.0,95.14,92.3,1,661.0,3764.0,4.739,0.14,0.527,0.555,283.55554,45.614262,15.804,0,candidate
4760746,K01455.01,,CANDIDATE,15.068060768,0.88,3.3011,19387.0,16.43,742.0,71.78,282.8,1,56.0,5982.0,4.493,-0.04,0.96,1.047,295.4783,39.867722,15.95,0,candidate
7832356,K01456.01,Kepler-855 b,CONFIRMED,7.886632468,0.048,5.2147,6331.2,8.99,996.0,232.07,392.3,1,145.0,5847.0,4.304,-0.12,1.135,0.946,295.095,43.537579,15.014,1,confirmed
9643874,K01457.01,Kepler-856 b,CONFIRMED,8.027681123,0.495,3.0942,8725.4,8.43,824.0,109.35,461.5,1,142.0,5569.0,4.546,0.21,0.887,1.009,289.60382,46.314949,15.57,1,confirmed
8800954,K01274.01,Kepler-421 b,CONFIRMED,704.962626,0.8495,18.003,2319.1,4.53,178.0,0.24,96.1,1,,5305.0,4.489,-0.26,0.818,0.753,283.25681,45.08778,13.354,1,confirmed
8583696,K01275.01,Kepler-803 b,CONFIRMED,50.28635977,0.018,6.3212,1119.3,3.88,543.0,20.59,99.5,1,24.0,5900.0,4.309,0.0,1.167,1.012,299.22162,44.693871,13.672,1,confirmed
8804283,K01276.01,Kepler-1991 c,CONFIRMED,22.79020351,0.036,5.0394,617.9,2.57,634.0,38.27,47.7,2,58.0,5478.0,4.354,0.16,1.053,0.914,285.0361,45.07106,14.766,1,confirmed
8804283,K01276.02,Kepler-1991 b,CONFIRMED,13.26079792,0.22,3.912,199.4,1.47,760.0,78.79,17.6,2,97.0,5478.0,4.354,0.16,1.053,0.914,285.0361,45.07106,14.766,1,confirmed
4155328,K01335.01,Kepler-820 b,CONFIRMED,127.8334997,0.416,10.914,1829.9,9.46,554.0,22.21,76.9,1,10.0,6505.0,3.973,0.36,2.17,1.613,291.02014,39.22068,13.968,1,confirmed
4077526,K01336.01,Kepler-58 b,CONFIRMED,10.21864532,0.416,3.802,445.3,2.33,920.0,169.13,26.6,4,107.0,6100.0,4.376,-0.12,1.083,1.017,296.35867,39.115189,14.82,1,confirmed
4077526,K01336.02,Kepler-58 c,CONFIRMED,15.573637,0.946,5.326,468.1,2.94,799.0,96.38,24.7,4,68.0,6100.0,4.376,-0.12,1.083,1.017,296.35867,39.115189,14.82,1,confirmed
4077526,K01336.03,Kepler-58 d,CONFIRMED,40.1015561,0.868,5.246,550.0,2.92,583.0,27.31,19.0,4,26.0,6100.0,4.376,-0.12,1.083,1.017,296.35867,39.115189,14.82,1,confirmed
4077526,K01336.04,Kepler-58 e,CONFIRMED,4.45814897,0.754,2.867,188.1,1.61,1212.0,511.6,14.3,4,210.0,6100.0,4.376,-0.12,1.083,1.017,296.35867,39.115189,14.82,1,confirmed
8935810,K01395.01,Kepler-1747 b,CONFIRMED,6.230335,0.808,1.6493,1449.2,3.7,875.0,138.33,31.6,1,209.0,5477.0,4.557,0.21,0.865,0.983,284.20966,45.25808,15.977,1,confirmed
2441495,K00166.01,Kepler-479 b,CONFIRMED,12.49340725,0.594,2.2614,715.7,2.2,649.0,42.08,76.2,1,107.0,5207.0,4.561,0.0,0.795,0.84,291.02185,37.769791,13.575,1,confirmed
9455556,K01396.01,Kepler-294 c,CONFIRMED,6.62643441,0.111,3.1752,814.6,2.54,895.0,151.59,40.6,2,194.0,5616.0,4.529,0.16,0.903,1.006,287.392,46.059311,15.843,1,confirmed
9455556,K01396.02,Kepler-294 b,CONFIRMED,3.70122061,0.178,2.523,327.4,1.62,1087.0,330.02,19.6,2,337.0,5616.0,4.529,0.16,0.903,1.006,287.392,46.059311,15.843,1,confirmed
9427402,K01397.01,,CANDIDATE,6.247030799,0.039,1.4848,1496.6,1.89,512.0,16.23,44.8,1,182.0,3821.0,4.764,-0.24,0.487,0.503,299.6777,45.972328,15.369,0,candidate
3732821,K01207.01,Kepler-790 b,CONFIRMED,13.73474071,0.941,2.769,746.4,2.71,634.0,38.11,31.0,1,99.0,5196.0,4.524,-0.3,0.772,0.726,286.91711,38.872219,15.187,1,confirmed
3962440,K01208.01,,CANDIDATE,700.00298217,0.143,7.6525,3245.9,6.43,238.0,0.76,60.3,1,,6487.0,4.397,-0.22,1.118,1.136,293.61877,39.022572,13.594,0,candidate
3534076,K01209.01,,CANDIDATE,272.0868353,0.3629,2.7145,5572.0,5.95,251.0,0.93,21.5,1,,5587.0,4.548,-0.4,0.791,0.806,288.31436,38.693291,15.166,0,candidate
3962357,K01210.01,Kepler-791 b,CONFIRMED,14.55387488,0.955,6.973,319.7,3.45,939.0,183.48,26.8,1,75.0,6143.0,4.177,0.14,1.507,1.246,293.59583,39.02948,14.377,1,confirmed
8394721,K00152.04,Kepler-79 e,CONFIRMED,81.0637895,0.584,3.001,476.0,3.01,511.0,16.12,19.4,4,17.0,6198.0,4.237,-0.04,1.324,1.101,300.51712,44.38158,13.914,1,confirmed
8609450,K01278.01,Kepler-282 d,CONFIRMED,24.8056775,0.007,6.148,624.4,2.16,588.0,28.22,39.4,5,52.0,5600.0,4.455,-0.36,0.872,0.793,284.67728,44.79768,15.204,1,confirmed
6541920,K00157.01,Kepler-11 c,CONFIRMED,13.02493307,0.004,4.5706,778.4,2.88,786.0,90.1,119.3,6,99.0,5657.0,4.364,0.0,1.046,0.921,297.11511,41.909142,13.709,1,confirmed
8609450,K01278.02,Kepler-282 e,CONFIRMED,44.3471936,0.273,6.43,791.7,2.45,484.0,13.0,40.5,5,33.0,5600.0,4.455,-0.36,0.872,0.793,284.67728,44.79768,15.204,1,confirmed
8609450,K01278.03,Kepler-282 b,CONFIRMED,9.2207691,0.037,4.907,140.0,1.02,817.0,105.63,13.2,5,137.0,5600.0,4.455,-0.36,0.872,0.793,284.67728,44.79768,15.204,1,confirmed
8609450,K01278.04,Kepler-282 c,CONFIRMED,13.6396648,0.105,5.425,162.7,1.1,717.0,62.6,13.3,5,96.0,5600.0,4.455,-0.36,0.872,0.793,284.67728,44.79768,15.204,1,confirmed
4243911,K01337.01,Kepler-821 b,CONFIRMED,1.922799706,0.036,1.8604,259.7,1.28,1215.0,514.44,30.1,1,700.0,5194.0,4.559,0.14,0.815,0.879,285.61746,39.379532,14.829,1,confirmed
4466677,K01338.01,Kepler-822 b,CONFIRMED,3.222975318,0.33,2.9247,232.7,1.47,1239.0,558.65,31.3,3,413.0,5823.0,4.427,-0.24,0.96,0.899,292.27612,39.550179,14.609,1,confirmed
4466677,K01338.02,,CANDIDATE,42.0370662,0.672,6.282,266.8,1.66,527.0,18.16,14.7,3,30.0,5823.0,4.427,-0.24,0.96,0.899,292.27612,39.550179,14.609,0,candidate
4466677,K01338.03,,CANDIDATE,21.0112068,0.853,4.507,163.6,1.4,663.0,45.79,10.2,3,56.0,5823.0,4.427,-0.24,0.96,0.899,292.27612,39.550179,14.609,0,candidate
4135665,K01339.01,Kepler-823 b,CONFIRMED,4.16811839,0.709,2.8084,263.0,2.28,1277.0,628.73,26.7,1,324.0,5689.0,4.202,0.14,1.313,1.0,284.58255,39.220211,14.801,1,confirmed
9269281,K01398.01,Kepler-1748 b,CONFIRMED,5.82348911,0.877,2.2441,888.7,3.0,955.0,196.33,38.1,1,195.0,5774.0,4.526,-0.22,0.864,0.916,285.96786,45.739071,15.898,1,confirmed
9100484,K01399.01,,CANDIDATE,8.75059775,0.33,2.8288,881.9,2.27,682.0,51.0,28.3,1,127.0,4942.0,4.599,0.36,0.779,0.884,295.76083,45.45739,15.92,0,candidate
9034103,K01402.01,Kepler-832 b,CONFIRMED,7.13969705,0.027,3.981,512.9,2.24,965.0,205.23,27.8,1,186.0,6014.0,4.486,0.07,0.993,1.101,295.92609,45.383862,15.906,1,confirmed
9214942,K01403.01,Kepler-833 b,CONFIRMED,18.75470238,0.034,3.0331,995.3,1.67,382.0,5.03,33.2,1,71.0,3976.0,4.721,-0.2,0.54,0.559,290.47995,45.6007,15.473,1,confirmed
3749134,K01212.01,Kepler-792 b,CONFIRMED,11.30123036,0.117,4.022,277.1,1.85,852.0,124.42,18.5,1,117.0,5730.0,4.34,0.16,1.122,1.005,292.00681,38.820728,14.981,1,confirmed
3660924,K01214.01,Kepler-793 b,CONFIRMED,4.24153629,0.257,2.971,188.1,1.44,1177.0,452.95,18.0,1,249.0,5776.0,4.34,-0.24,1.047,0.875,295.21664,38.77433,14.621,1,confirmed
3939150,K01215.01,Kepler-277 b,CONFIRMED,17.32419108,0.764,8.045,241.3,3.14,964.0,204.1,49.1,2,78.0,5968.0,3.972,0.04,1.857,1.179,286.58316,39.077202,13.42,1,confirmed
8628758,K01279.01,Kepler-804 b,CONFIRMED,14.37457572,0.035,4.7892,335.8,1.94,779.0,87.24,55.2,2,95.0,5768.0,4.358,-0.04,1.067,0.946,293.37225,44.785141,13.749,1,confirmed
8628758,K01279.02,Kepler-804 c,CONFIRMED,9.65188331,0.122,4.296,103.2,1.08,890.0,148.32,19.8,2,138.0,5768.0,4.358,-0.04,1.067,0.946,293.37225,44.785141,13.749,1,confirmed
8742590,K01281.01,Kepler-1742 b,CONFIRMED,49.4781446,0.048,2.493,496.6,1.88,462.0,10.73,20.4,1,28.0,5776.0,4.554,-0.18,0.849,0.939,286.96683,44.992489,14.427,1,confirmed
8822366,K01282.01,Kepler-805 b,CONFIRMED,30.8639476,0.907,8.864,256.5,3.01,743.0,72.05,63.0,1,47.0,5977.0,4.08,-0.04,1.571,1.081,293.22995,45.05331,12.547,1,confirmed
8972058,K00159.02,Kepler-115 b,CONFIRMED,2.403640701,0.918,1.4012,74.9,1.24,1489.0,1164.85,16.3,2,524.0,5881.0,4.315,0.07,1.171,1.032,297.71185,45.261921,13.431,1,confirmed
4650674,K01341.01,Kepler-824 b,CONFIRMED,4.51436096,0.118,3.0083,230.7,1.84,1231.0,543.73,28.4,1,295.0,5940.0,4.306,0.12,1.215,1.091,290.47742,39.73201,14.946,1,confirmed
4275721,K01342.01,Kepler-825 b,CONFIRMED,3.77359871,0.0,2.7282,176.0,1.29,1270.0,614.52,25.6,2,290.0,6224.0,4.404,-0.72,0.969,0.868,294.7699,39.39851,14.207,1,confirmed
4275721,K01342.02,Kepler-825 c,CONFIRMED,8.18182189,0.655,2.4566,299.6,1.77,981.0,218.9,27.4,2,125.0,6224.0,4.404,-0.72,0.969,0.868,294.7699,39.39851,14.207,1,confirmed
8874090,K01404.01,Kepler-834 b,CONFIRMED,13.32389352,0.073,3.2208,781.3,1.26,378.0,4.83,25.9,2,102.0,3751.0,4.813,-0.24,0.45,0.479,287.05453,45.18037,15.931,1,confirmed
11666881,K00167.01,Kepler-480 b,CONFIRMED,4.919584997,0.243,4.1988,425.7,2.86,1312.0,702.13,132.0,1,272.0,6236.0,4.246,0.12,1.378,1.224,294.4639,49.765041,13.273,1,confirmed
9264949,K01405.01,Kepler-835 b,CONFIRMED,11.41911886,0.947,5.135,509.2,3.32,921.0,170.33,23.7,1,117.0,6311.0,4.398,0.21,1.172,1.253,283.57422,45.734798,15.965,1,confirmed
9271752,K01406.01,Kepler-836 b,CONFIRMED,11.36113254,0.734,4.1886,569.5,2.6,869.0,134.97,57.0,1,118.0,6244.0,4.46,-0.2,1.009,1.069,287.45279,45.704399,14.63,1,confirmed
9150827,K01408.01,Kepler-1749 b,CONFIRMED,14.53410833,0.766,3.3094,510.6,1.36,420.0,7.34,32.5,2,93.0,3957.0,4.693,-0.16,0.553,0.551,290.29456,45.56461,14.688,1,confirmed
3939150,K01215.02,Kepler-277 c,CONFIRMED,33.0063185,0.39,7.118,278.1,3.13,778.0,86.38,38.2,2,38.0,5968.0,3.972,0.04,1.857,1.179,286.58316,39.077202,13.42,1,confirmed
3839488,K01216.01,Kepler-794 b,CONFIRMED,11.13127159,0.01,4.2372,211.2,2.06,952.0,194.31,36.8,1,123.0,5800.0,4.202,0.4,1.435,1.195,288.1337,38.99688,13.459,1,confirmed
3442055,K01218.01,Kepler-795 b,CONFIRMED,29.6193891,0.046,4.9595,314.7,1.74,580.0,26.79,42.5,1,46.0,5618.0,4.401,0.0,0.996,0.911,291.01904,38.54557,13.331,1,confirmed
12252424,K00153.01,Kepler-113 c,CONFIRMED,8.925079516,0.74,2.6766,977.5,2.36,628.0,36.89,135.8,2,140.0,4728.0,4.628,0.04,0.693,0.768,287.99789,50.944328,13.461,1,confirmed
8700771,K01283.01,Kepler-806 b,CONFIRMED,8.0922105,0.951,5.7696,65.3,1.44,1089.0,331.65,37.5,1,168.0,5774.0,4.106,-0.26,1.395,0.907,296.00711,44.853474,11.731,1,confirmed
6541920,K00157.02,Kepler-11 d,CONFIRMED,22.687155,0.023,5.4921,960.0,3.2,653.0,42.95,122.8,6,57.0,5657.0,4.364,0.0,1.046,0.921,297.11511,41.909142,13.709,1,confirmed
4136466,K01344.01,Kepler-826 b,CONFIRMED,4.48758768,0.532,2.874,112.0,1.37,1305.0,684.07,25.9,1,300.0,6060.0,4.227,-0.26,1.257,0.972,284.86014,39.240551,13.446,1,confirmed
9391208,K01409.01,Kepler-837 b,CONFIRMED,16.56062577,0.96,2.611,700.8,2.94,701.0,57.28,30.8,1,82.0,5818.0,4.436,-0.82,0.855,0.727,285.24667,45.950191,15.198,1,confirmed
9391506,K01410.01,Kepler-838 b,CONFIRMED,15.74958583,0.637,4.6672,659.5,2.77,777.0,86.18,42.6,1,85.0,6191.0,4.454,-0.1,1.025,1.088,285.43552,45.976021,15.3,1,confirmed
8950853,K01412.01,Kepler-839 b,CONFIRMED,37.8145252,0.845,9.109,412.5,3.04,626.0,36.25,57.9,1,37.0,5988.0,4.278,0.34,1.314,1.196,291.07468,45.24258,13.601,1,confirmed
9006449,K01413.01,Kepler-295 b,CONFIRMED,12.64504291,0.931,9.117,200.4,1.55,741.0,71.28,32.7,3,110.0,5607.0,4.447,-0.34,0.886,0.8,285.34583,45.367779,14.447,1,confirmed
9006449,K01413.02,Kepler-295 c,CONFIRMED,21.5262958,0.804,8.392,190.0,1.36,621.0,35.03,23.4,3,61.0,5607.0,4.447,-0.34,0.886,0.8,285.34583,45.367779,14.447,1,confirmed
9006449,K01413.03,Kepler-295 d,CONFIRMED,33.8845825,0.961,6.538,224.1,1.74,533.0,19.13,17.2,3,36.0,5607.0,4.447,-0.34,0.886,0.8,285.34583,45.367779,14.447,1,confirmed
4043190,K01220.01,Kepler-796 b,CONFIRMED,6.40087137,0.861,2.5561,133.6,1.91,1109.0,357.44,24.4,1,207.0,5426.0,4.107,0.16,1.421,0.943,287.30786,39.14473,12.988,1,confirmed
3640905,K01221.01,Kepler-278 b,CONFIRMED,30.1599411,0.802,7.874,175.9,4.54,836.0,115.69,32.3,2,44.0,5010.0,3.62,0.24,3.051,1.414,290.10718,38.702229,11.584,1,confirmed
3640905,K01221.02,Kepler-278 c,CONFIRMED,51.0771048,0.498,11.233,141.5,3.66,702.0,57.28,24.1,2,24.0,5010.0,3.62,0.24,3.051,1.414,290.10718,38.702229,11.584,1,confirmed
10790387,K01288.01,Kepler-807 b,CONFIRMED,117.93110803,0.615,5.8796,8506.6,10.36,418.0,7.2,212.5,1,11.0,6392.0,4.425,-0.2,1.072,1.116,289.02017,48.119808,15.128,1,confirmed
7303287,K01353.01,Kepler-289 c,CONFIRMED,125.86540191,0.101,9.0191,12389.5,12.37,394.0,5.71,544.7,3,10.0,5933.0,4.342,-0.06,1.115,0.998,297.46533,42.882839,13.956,1,confirmed
7303287,K01353.02,Kepler-289 b,CONFIRMED,34.5439452,0.87,3.482,429.8,2.67,607.0,32.02,23.4,3,38.0,5933.0,4.342,-0.06,1.115,0.998,297.46533,42.882839,13.956,1,confirmed
11512246,K00168.01,Kepler-23 c,CONFIRMED,10.74241765,0.034,6.0633,415.2,3.06,1008.0,243.94,95.4,3,126.0,5761.0,4.091,0.06,1.518,1.036,294.21893,49.479221,13.438,1,confirmed
11517719,K01416.01,Kepler-840 b,CONFIRMED,2.495780169,0.133,4.2721,25070.0,15.75,1408.0,929.47,171.4,1,537.0,6039.0,4.426,-0.28,0.992,0.959,296.50739,49.457291,14.152,1,confirmed
6620003,K01225.01,,CANDIDATE,1.714274727,1.182,2.06728,28460.1,25.0,827.0,110.02,987.2,1,784.0,3874.0,4.715,-0.1,0.535,0.541,295.62222,42.09288,15.686,0,candidate
12252424,K00153.02,Kepler-113 b,CONFIRMED,4.75400072,0.672,2.5394,748.7,2.0,775.0,85.23,141.4,2,278.0,4728.0,4.628,0.04,0.693,0.768,287.99789,50.944328,13.461,1,confirmed
10874614,K00017.01,Kepler-6 b,CONFIRMED,3.234699282,0.079,3.59385,10558.7,13.06,1356.0,797.62,3003.8,1,335.0,5640.0,4.236,0.34,1.291,1.047,296.83725,48.239944,13.303,1,confirmed
6541920,K00157.03,Kepler-11 e,CONFIRMED,31.99552485,0.69,4.2817,1376.1,4.12,582.0,27.17,128.0,6,41.0,5657.0,4.364,0.0,1.046,0.921,297.11511,41.909142,13.709,1,confirmed
7211141,K01355.01,Kepler-827 b,CONFIRMED,51.92920654,0.398,5.2637,3425.8,8.49,574.0,25.6,81.8,1,25.0,5671.0,4.128,0.14,1.442,1.017,294.96606,42.708569,15.897,1,confirmed
7363829,K01356.01,,CANDIDATE,384.02570682,,14.56,,,,,,1,,,,,,,292.1199,42.931679,15.206,0,candidate
6719086,K01357.01,,CANDIDATE,3.014330766,0.01,2.4747,975.3,2.87,1124.0,377.79,57.3,1,381.0,5209.0,4.446,0.56,0.953,0.925,298.45953,42.187431,15.673,0,candidate
7376983,K01358.01,Kepler-1987 d,CONFIRMED,5.644914154,0.445,2.2599,1397.9,2.66,744.0,72.38,63.9,4,199.0,4769.0,4.622,0.12,0.714,0.799,295.8255,42.94339,15.505,1,confirmed
5084942,K00161.01,Kepler-475 b,CONFIRMED,3.105507835,0.799,1.7458,904.6,2.68,980.0,217.91,178.6,1,433.0,4989.0,4.585,0.3,0.791,0.878,287.05173,40.211552,13.341,1,confirmed
11026304,K01420.01,,CANDIDATE,13.35151248,0.573,3.6045,3308.8,4.44,585.0,27.77,107.9,1,81.0,4843.0,4.562,0.04,0.754,0.755,290.1127,48.577782,15.825,0,candidate
11342550,K01421.01,,CANDIDATE,1693.6636225,0.5283,22.604,9515.3,10.23,157.0,0.14,122.8,1,,5923.0,4.445,0.08,1.021,1.059,287.65045,49.156052,15.305,0,candidate
11497958,K01422.01,Kepler-296 c,CONFIRMED,5.841636615,0.026,1.8734,1336.3,1.38,446.0,9.38,41.1,5,178.0,3526.0,4.866,-0.08,0.383,0.394,286.54001,49.437328,15.921,1,confirmed
11497958,K01422.02,Kepler-296 d,CONFIRMED,19.85029495,0.217,2.8407,1607.5,1.52,297.0,1.83,34.4,5,53.0,3526.0,4.866,-0.08,0.383,0.394,286.54001,49.437328,15.921,1,confirmed
11512246,K00168.02,Kepler-23 d,CONFIRMED,15.27443889,0.153,6.0765,206.7,2.17,896.0,152.62,40.3,3,86.0,5761.0,4.091,0.06,1.518,1.036,294.21893,49.479221,13.438,1,confirmed
10604335,K01298.01,Kepler-283 b,CONFIRMED,11.00817635,0.025,2.013,1462.5,2.15,488.0,13.39,42.1,2,125.0,4141.0,4.684,-0.2,0.582,0.596,293.61371,47.839001,15.847,1,confirmed
10604335,K01298.02,Kepler-283 c,CONFIRMED,92.7495777,0.019,5.506,1105.1,1.87,240.0,0.78,18.0,2,14.0,4141.0,4.684,-0.2,0.582,0.596,293.61371,47.839001,15.847,1,confirmed
10864656,K01299.01,Kepler-432 b,CONFIRMED,52.5008645,0.11,14.9066,946.7,12.41,812.0,102.94,116.2,1,25.0,4976.0,3.331,-0.04,4.157,1.352,293.2822,48.2859,12.183,1,confirmed
10975146,K01300.01,Kepler-808 b,CONFIRMED,0.63133171,0.726,1.1487,434.5,1.2,1322.0,726.72,95.8,1,2115.0,4441.0,4.71,-0.98,0.53,0.526,291.59409,48.44561,14.285,1,confirmed
10538176,K01301.01,Kepler-284 b,CONFIRMED,12.69905011,0.663,2.9899,797.4,2.62,686.0,52.55,30.4,2,94.0,5291.0,4.489,0.14,0.882,0.875,293.14648,47.729649,15.824,1,confirmed
7376983,K01358.02,Kepler-1987 e,CONFIRMED,8.74292005,0.025,2.6277,779.5,1.92,643.0,40.33,30.7,4,122.0,4769.0,4.622,0.12,0.714,0.799,295.8255,42.94339,15.505,1,confirmed
7376983,K01358.03,Kepler-1987 c,CONFIRMED,3.64830183,0.063,1.9985,371.7,1.33,860.0,129.44,19.9,4,282.0,4769.0,4.622,0.12,0.714,0.799,295.8255,42.94339,15.505,1,confirmed
7376983,K01358.04,Kepler-1987 b,CONFIRMED,2.345863002,0.035,1.6795,316.7,1.23,997.0,233.38,19.6,4,428.0,4769.0,4.622,0.12,0.714,0.799,295.8255,42.94339,15.505,1,confirmed
6946199,K01359.01,Kepler-1744 b,CONFIRMED,37.1011418,0.41,5.5556,1357.5,3.19,532.0,18.95,55.2,2,31.0,5986.0,4.527,-0.5,0.85,0.886,291.02069,42.46244,15.229,1,confirmed
6946199,K01359.02,,CANDIDATE,104.8205868,0.918,4.4794,3920.1,6.45,376.0,4.74,76.6,2,12.0,5986.0,4.527,-0.5,0.85,0.886,291.02069,42.46244,15.229,0,candidate
11497958,K01422.03,Kepler-296 b,CONFIRMED,10.8644095,0.763,1.853,748.7,1.14,363.0,4.09,16.8,5,97.0,3526.0,4.866,-0.08,0.383,0.394,286.54001,49.437328,15.921,1,confirmed
11177707,K01423.01,Kepler-841 b,CONFIRMED,124.4197175,0.017,3.7197,4107.0,10.3,416.0,7.07,39.9,1,8.0,5066.0,3.974,0.22,1.659,0.945,284.25131,48.809608,15.74,1,confirmed
11611600,K01424.01,Kepler-842 b,CONFIRMED,1.219568047,0.067,1.5681,494.9,1.51,1252.0,578.96,65.9,1,1098.0,4838.0,4.625,-0.04,0.701,0.778,292.32858,49.653542,15.127,1,confirmed
11254382,K01425.01,Kepler-843 b,CONFIRMED,2.05388477,0.282,2.1635,546.7,2.74,1523.0,1271.11,50.0,1,653.0,5632.0,4.282,0.14,1.176,0.965,296.32199,48.971481,15.269,1,confirmed
11122894,K01426.01,Kepler-297 b,CONFIRMED,38.86848956,0.028,6.0573,1004.9,2.81,509.0,15.89,73.4,3,36.0,5618.0,4.46,-0.22,0.897,0.846,283.20917,48.777641,14.232,1,confirmed
6677841,K01236.01,Kepler-279 c,CONFIRMED,35.7353616,0.878,8.491,778.8,5.47,774.0,84.66,58.4,4,36.0,6366.0,4.045,-0.2,1.697,1.164,287.3912,42.194832,13.659,1,confirmed
6677841,K01236.02,Kepler-279 b,CONFIRMED,12.30971679,0.847,6.74,396.0,3.82,1104.0,350.46,45.9,4,112.0,6366.0,4.045,-0.2,1.697,1.164,287.3912,42.194832,13.659,1,confirmed
6677841,K01236.03,Kepler-279 d,CONFIRMED,54.4205407,0.9414,8.559,598.0,3.2,574.0,25.6,44.9,4,23.0,6781.0,4.422,-0.58,1.067,1.097,287.3912,42.194832,13.659,1,confirmed
6383821,K01238.01,Kepler-797 b,CONFIRMED,27.07237655,0.015,6.9592,514.2,2.18,605.0,31.58,44.0,1,50.0,5936.0,4.501,0.07,0.965,1.075,297.20895,41.781712,14.556,1,confirmed
10538176,K01301.02,Kepler-284 c,CONFIRMED,37.5142128,0.366,5.303,935.0,2.68,478.0,12.38,28.9,2,34.0,5291.0,4.489,0.14,0.882,0.875,293.14648,47.729649,15.824,1,confirmed
10724369,K01302.01,Kepler-809 b,CONFIRMED,55.6391882,0.811,7.316,853.0,3.13,478.0,12.33,48.3,1,27.0,5949.0,4.493,0.0,0.962,1.05,289.08365,48.018131,14.755,1,confirmed
6541920,K00157.04,Kepler-11 f,CONFIRMED,46.6856205,0.217,6.3794,588.8,2.52,513.0,16.41,59.0,6,28.0,5657.0,4.364,0.0,1.046,0.921,297.11511,41.909142,13.709,1,confirmed
10867062,K01303.01,,CANDIDATE,34.2966363,0.711,19.718,696.6,3.29,584.0,27.6,66.7,1,40.0,5490.0,4.263,0.14,1.167,0.911,294.23007,48.204479,14.965,0,candidate
10744335,K01304.01,Kepler-810 b,CONFIRMED,4.59726613,0.033,2.909,313.0,1.69,1105.0,352.4,17.0,1,235.0,5999.0,4.494,-0.06,0.959,1.045,296.61487,48.082642,15.803,1,confirmed
4860678,K01602.01,Kepler-1758 b,CONFIRMED,9.97716876,0.002,5.908,252.9,2.53,1028.0,263.89,21.8,2,137.0,5557.0,4.037,0.16,1.616,1.035,297.79691,39.921371,14.943,1,confirmed
5177104,K01603.01,Kepler-904 b,CONFIRMED,3.02168007,0.349,2.8264,171.9,1.31,1332.0,744.35,32.9,1,444.0,6201.0,4.472,-0.2,0.989,1.058,288.82291,40.38905,14.429,1,confirmed
8230616,K01713.02,Kepler-316 b,CONFIRMED,2.240486703,0.461,1.3988,436.3,1.22,837.0,115.98,33.8,2,598.0,4198.0,4.689,-0.32,0.574,0.587,290.82602,44.184109,15.224,1,confirmed
9836959,K01715.01,Kepler-1766 b,CONFIRMED,105.0145774,0.954,7.426,296.0,2.29,406.0,6.44,33.9,1,13.0,5868.0,4.363,-0.22,1.042,0.915,294.27728,46.675282,12.9,1,confirmed
9838949,K01716.01,Kepler-935 b,CONFIRMED,4.88084456,0.227,2.5574,343.0,1.55,879.0,141.0,32.6,1,276.0,4929.0,4.481,0.36,0.861,0.817,295.02167,46.619221,14.925,1,confirmed
9895006,K01717.01,Kepler-936 b,CONFIRMED,10.56137217,0.963,3.2645,238.4,2.43,867.0,133.56,21.7,1,128.0,5610.0,4.316,0.38,1.171,1.034,293.57776,46.73634,14.581,1,confirmed
9896558,K01718.01,Kepler-937 b,CONFIRMED,67.6690554,0.354,9.556,961.1,3.39,495.0,14.24,37.2,2,13.0,6127.0,4.356,-0.3,1.08,0.964,294.16882,46.714611,15.224,1,confirmed
9589323,K01488.01,Kepler-861 b,CONFIRMED,3.949627144,0.049,1.5485,807.2,2.32,966.0,206.05,45.1,1,341.0,5155.0,4.523,0.14,0.836,0.849,292.35394,46.22628,15.623,1,confirmed
9823487,K01489.01,Kepler-1753 b,CONFIRMED,16.00460392,0.49,3.9475,831.9,2.24,583.0,27.41,34.3,1,85.0,5180.0,4.597,0.0,0.769,0.86,288.23666,46.605919,15.554,1,confirmed
9726659,K01491.01,Kepler-862 b,CONFIRMED,3.148661555,0.652,2.1978,550.5,2.15,1097.0,342.76,35.3,1,278.0,5258.0,4.458,-0.04,0.873,0.797,297.77927,46.492741,15.297,1,confirmed
5371776,K01557.01,Kepler-304 b,CONFIRMED,3.295701024,0.267,1.8268,1745.7,2.81,875.0,138.38,114.7,4,327.0,4723.0,4.628,0.02,0.691,0.76,294.44177,40.55759,14.84,1,confirmed
5371776,K01557.02,Kepler-304 d,CONFIRMED,9.65349016,0.149,2.9029,1308.6,2.41,611.0,32.98,63.1,4,104.0,4723.0,4.628,0.02,0.691,0.76,294.44177,40.55759,14.84,1,confirmed
5371776,K01557.03,Kepler-304 c,CONFIRMED,5.315954488,0.718,1.1165,965.9,2.33,746.0,73.19,37.7,4,181.0,4723.0,4.628,0.02,0.691,0.76,294.44177,40.55759,14.84,1,confirmed
9573539,K00180.01,Kepler-484 b,CONFIRMED,10.04556377,0.075,3.2027,671.4,2.19,766.0,81.61,66.5,1,128.0,5632.0,4.554,-0.04,0.853,0.952,284.39429,46.249081,13.024,1,confirmed
5371776,K01557.04,Kepler-304 e,CONFIRMED,1.499144441,0.331,1.4259,258.9,1.09,1137.0,395.06,22.2,4,629.0,4723.0,4.628,0.02,0.691,0.76,294.44177,40.55759,14.84,1,confirmed
9886661,K01606.01,Kepler-905 b,CONFIRMED,5.082748362,0.063,1.7732,276.7,1.4,928.0,175.06,40.9,1,262.0,5430.0,4.555,0.18,0.858,0.961,290.05112,46.713371,13.984,1,confirmed
10055126,K01608.01,Kepler-311 b,CONFIRMED,9.17617167,0.107,4.2642,206.9,1.66,960.0,200.99,34.3,3,146.0,5903.0,4.3,-0.1,1.156,0.974,282.06128,47.085491,13.797,1,confirmed
10055126,K01608.02,Kepler-311 c,CONFIRMED,19.7383992,0.732,4.894,168.1,1.61,744.0,72.32,20.3,3,63.0,5903.0,4.3,-0.1,1.156,0.974,282.06128,47.085491,13.797,1,confirmed
5009743,K01609.01,Kepler-906 b,CONFIRMED,41.6980186,0.002,5.7047,440.8,2.03,537.0,19.61,43.4,1,33.0,5997.0,4.466,-0.14,0.971,1.004,291.40555,40.125488,13.956,1,confirmed
10015937,K01720.01,Kepler-1767 b,CONFIRMED,59.6585348,0.956,5.514,1043.8,3.59,393.0,5.66,21.2,1,21.0,5243.0,4.547,0.14,0.831,0.887,293.64417,46.989761,15.742,1,confirmed
10019065,K01721.01,Kepler-938 b,CONFIRMED,52.6298542,0.311,6.118,675.8,3.68,544.0,20.65,27.2,1,26.0,5339.0,4.096,0.2,1.433,0.933,294.78915,46.98399,15.004,1,confirmed
7950644,K00192.01,Kepler-427 b,CONFIRMED,10.290994129,0.049,4.28889,9655.7,13.43,996.0,233.08,1245.7,1,128.0,5803.0,4.134,-0.18,1.373,0.937,288.25458,43.704868,14.221,1,confirmed
10080248,K01722.01,Kepler-939 b,CONFIRMED,14.8783945,0.749,7.491,322.8,1.63,692.0,54.19,22.9,1,91.0,5822.0,4.557,-0.28,0.837,0.92,293.8656,47.026829,15.534,1,confirmed
10213902,K01723.01,Kepler-940 b,CONFIRMED,59.6222627,0.873,6.888,993.4,3.63,486.0,13.23,31.9,1,23.0,6108.0,4.471,-0.08,0.997,1.072,294.2413,47.275982,15.517,1,confirmed
11821363,K01494.01,Kepler-1754 b,CONFIRMED,8.19596647,0.252,2.824,792.8,2.04,672.0,48.2,20.2,1,77.0,4723.0,4.557,0.08,0.747,0.734,295.45715,50.077171,15.858,1,confirmed
7629518,K01495.01,Kepler-863 b,CONFIRMED,15.59466045,0.266,5.0478,867.7,2.74,718.0,62.88,49.2,1,84.0,5900.0,4.5,-0.1,0.929,0.995,297.66452,43.248959,15.43,1,confirmed
10810838,K00174.01,Kepler-482 b,CONFIRMED,56.35407916,0.835,3.4449,1037.0,2.59,352.0,3.63,59.4,1,19.0,4802.0,4.582,-0.22,0.701,0.686,296.82291,48.107552,13.779,1,confirmed
8046659,K01560.01,,CANDIDATE,31.56904354,0.985,2.6364,4229.4,11.18,575.0,25.83,113.6,1,42.0,5654.0,4.387,-0.1,0.998,0.886,297.41965,43.876579,15.042,0,candidate
10963065,K01612.01,Kepler-408 b,CONFIRMED,2.465024332,0.548,1.262,30.7,0.69,1561.0,1406.11,23.2,1,426.0,6139.0,4.291,-0.18,1.194,1.016,284.78619,48.423229,8.769,1,confirmed
6268648,K01613.01,Kepler-907 b,CONFIRMED,15.86624787,0.858,4.25,77.3,1.31,879.0,141.18,28.4,3,68.0,6099.0,4.193,-0.3,1.308,0.974,285.47659,41.632717,11.049,1,confirmed
5357901,K00188.01,Kepler-425 b,CONFIRMED,3.797018259,0.321,2.2608,14431.2,10.07,982.0,219.64,1549.0,1,356.0,5167.0,4.527,0.24,0.848,0.883,290.35803,40.567741,14.741,1,confirmed
4278221,K01615.01,Kepler-908 b,CONFIRMED,1.340596782,0.007,1.6484,107.5,1.16,1783.0,2393.35,37.6,1,801.0,5992.0,4.385,0.18,1.125,1.122,295.32251,39.376492,11.524,1,confirmed
10214162,K01724.01,Kepler-941 b,CONFIRMED,17.42393582,0.927,4.929,770.9,3.29,722.0,64.13,33.2,1,66.0,6018.0,4.46,-0.2,0.969,0.986,294.32635,47.217609,15.601,1,confirmed
10905746,K01725.01,Kepler-1651 b,CONFIRMED,9.8786461,0.019,1.8915,1472.7,1.6,393.0,5.65,49.2,1,57.0,3609.0,4.843,-0.06,0.422,0.452,283.62885,48.391003,13.496,1,confirmed
8242434,K01726.01,Kepler-942 b,CONFIRMED,44.96407458,0.11,4.981,811.6,2.0,379.0,4.89,88.0,1,30.0,4827.0,4.615,0.14,0.729,0.817,294.95511,44.149818,13.054,1,confirmed
6185331,K01727.01,Kepler-943 b,CONFIRMED,49.7700907,0.655,10.065,3529.2,5.12,455.0,10.16,109.8,1,21.0,5774.0,4.567,-0.3,0.818,0.907,284.27396,41.535019,15.64,1,confirmed
9636135,K01498.01,Kepler-864 b,CONFIRMED,5.83376197,0.742,3.9988,532.9,2.98,1143.0,403.49,36.6,2,234.0,6213.0,4.387,0.36,1.195,1.27,285.0571,46.320679,15.776,1,confirmed
9636135,K01498.02,Kepler-864 c,CONFIRMED,2.42150341,0.55,2.965,171.5,1.62,1532.0,1305.04,15.8,2,511.0,6213.0,4.387,0.36,1.195,1.27,285.0571,46.320679,15.776,1,confirmed
7841925,K01499.01,Kepler-865 b,CONFIRMED,14.16400071,0.027,4.3031,728.1,2.35,694.0,54.95,71.5,3,90.0,5440.0,4.438,-0.24,0.885,0.782,297.72427,43.527431,14.48,1,confirmed
7841925,K01499.02,,CANDIDATE,0.840594032,0.018,1.404,49.8,0.62,1780.0,2368.31,11.6,3,1469.0,5440.0,4.438,-0.24,0.885,0.782,297.72427,43.527431,14.48,0,candidate
7841925,K01499.03,Kepler-865 c,CONFIRMED,6.20920207,0.272,2.637,101.9,0.89,914.0,164.98,12.1,3,208.0,5440.0,4.438,-0.24,0.885,0.782,297.72427,43.527431,14.48,1,confirmed
5219234,K01563.01,Kepler-305 b,CONFIRMED,5.48711441,0.812,2.93,1328.6,3.24,836.0,115.29,51.9,4,207.0,5103.0,4.562,0.04,0.787,0.823,299.22433,40.343182,15.812,1,confirmed
5219234,K01563.02,Kepler-305 c,CONFIRMED,8.29084167,0.929,3.613,1033.9,3.21,728.0,66.47,34.7,4,132.0,5103.0,4.562,0.04,0.787,0.823,299.22433,40.343182,15.812,1,confirmed
5219234,K01563.03,Kepler-305 e,CONFIRMED,3.20539622,0.512,2.143,453.6,1.7,1000.0,236.11,20.6,4,326.0,5103.0,4.562,0.04,0.787,0.823,299.22433,40.343182,15.812,1,confirmed
5219234,K01563.04,Kepler-305 d,CONFIRMED,16.73869035,0.578,2.398,996.8,2.56,576.0,26.06,20.4,4,60.0,5103.0,4.562,0.04,0.787,0.823,299.22433,40.343182,15.812,1,confirmed
9015738,K01616.01,Kepler-909 b,CONFIRMED,13.93291548,0.908,2.6239,131.6,1.66,852.0,124.53,28.9,2,47.0,6026.0,4.321,0.1,1.207,1.113,289.50635,45.370998,11.538,1,confirmed
7215603,K01618.01,Kepler-910 b,CONFIRMED,2.36436762,0.146,3.372,28.4,0.82,1752.0,2228.09,12.4,1,571.0,6250.0,4.184,0.32,1.543,1.326,296.04736,42.743011,11.6,1,confirmed
4276716,K01619.01,,CANDIDATE,20.6654374,0.05,3.172,100.4,0.66,487.0,13.35,13.6,1,50.0,4830.0,4.605,-0.34,0.676,0.671,294.99023,39.346378,11.759,0,candidate
5561278,K01621.01,Kepler-911 b,CONFIRMED,20.31047472,0.05,5.3357,164.6,2.41,931.0,177.81,46.1,1,67.0,6065.0,3.97,0.0,1.877,1.197,298.5892,40.75069,11.855,1,confirmed
7287683,K01622.01,,CANDIDATE,69.8347983,0.672,8.262,266.6,3.51,765.0,80.97,46.8,1,19.0,7732.0,4.075,0.07,2.022,1.774,293.54889,42.888859,12.02,0,candidate
6387542,K01626.01,Kepler-912 b,CONFIRMED,2.53475568,0.878,4.5716,463.0,2.02,1218.0,519.95,51.3,1,450.0,5662.0,4.532,-0.44,0.806,0.808,298.11121,41.758331,15.341,1,confirmed
8266276,K01731.01,,CANDIDATE,2.59488443,0.885,1.684,592.2,2.36,1014.0,249.92,14.9,2,251.0,4748.0,4.526,0.3,0.797,0.776,301.4693,44.159649,15.72,0,candidate
6869184,K01732.01,Kepler-944 b,CONFIRMED,43.3167427,0.034,4.995,987.5,2.42,459.0,10.47,27.1,1,32.0,5654.0,4.59,-0.38,0.774,0.865,293.60126,42.379761,15.737,1,confirmed
8396405,K01733.01,,CANDIDATE,19.18109525,0.007,2.424,865.4,1.72,513.0,16.42,17.6,1,73.0,5214.0,4.673,-1.46,0.587,0.591,301.08572,44.380192,15.73,0,candidate
6604328,K01736.01,Kepler-945 b,CONFIRMED,31.0033072,0.151,5.253,645.2,2.72,616.0,34.03,22.1,1,41.0,6090.0,4.447,0.21,1.071,1.173,291.26974,42.096039,15.898,1,confirmed
7439316,K01501.01,Kepler-866 b,CONFIRMED,2.617028373,0.146,2.046,499.4,1.57,996.0,233.23,30.8,1,514.0,4831.0,4.568,-0.14,0.724,0.706,290.12231,43.08556,15.835,1,confirmed
12400538,K01503.01,Kepler-867 b,CONFIRMED,150.2412582,0.345,10.849,2378.5,4.6,327.0,2.72,72.3,1,10.0,5604.0,4.451,0.0,0.943,0.916,287.28531,51.249981,14.827,1,confirmed
5184584,K01564.01,Kepler-891 b,CONFIRMED,53.44944498,0.092,5.3091,3437.0,5.82,486.0,13.23,119.5,1,24.0,5919.0,4.485,0.21,1.0,1.114,291.0838,40.355251,15.287,1,confirmed
5438099,K01567.01,Kepler-306 c,CONFIRMED,7.24022418,0.507,2.9153,864.9,2.14,716.0,62.1,48.2,4,158.0,4955.0,4.61,-0.1,0.721,0.774,288.53867,40.61615,15.565,1,confirmed
5438099,K01567.02,Kepler-306 b,CONFIRMED,4.64622383,0.88,2.5137,446.5,1.82,830.0,112.18,28.2,4,228.0,4955.0,4.61,-0.1,0.721,0.774,288.53867,40.61615,15.565,1,confirmed
6543893,K01627.01,Kepler-913 b,CONFIRMED,10.29674097,0.298,2.7292,1011.8,5.75,1129.0,384.86,31.3,3,111.0,6068.0,4.04,0.16,1.797,1.294,297.58313,41.952431,15.767,1,confirmed
6543893,K01627.02,Kepler-913 c,CONFIRMED,5.93919041,0.107,2.285,424.5,3.7,1357.0,801.92,15.9,3,184.0,6068.0,4.04,0.16,1.797,1.294,297.58313,41.952431,15.767,1,confirmed
6975129,K01628.01,Kepler-312 c,CONFIRMED,19.74733983,0.595,3.4444,480.7,2.62,754.0,76.57,47.1,3,66.0,6243.0,4.406,0.21,1.149,1.226,298.39575,42.459751,12.949,1,confirmed
11391018,K00189.01,Kepler-486 b,CONFIRMED,30.360445359,0.359,6.0134,21124.7,10.99,459.0,10.47,1126.2,1,35.0,4939.0,4.541,-0.06,0.765,0.74,284.87997,49.266991,14.388,1,confirmed
8685497,K01629.01,Kepler-914 b,CONFIRMED,4.4096675,0.814,2.1418,132.7,1.51,1192.0,476.94,26.4,1,306.0,5836.0,4.347,0.3,1.166,1.1,290.41199,44.89933,13.574,1,confirmed
4365645,K01738.01,Kepler-1671 b,CONFIRMED,4.16787814,0.168,2.2136,168.1,1.07,962.0,202.48,32.9,1,325.0,5251.0,4.541,0.22,0.847,0.91,291.74838,39.44688,13.293,1,confirmed
7199906,K01739.01,,CANDIDATE,220.65651253,,7.82,,,,,,1,,,,,,,291.65009,42.700779,15.129,0,candidate
8197343,K01746.01,Kepler-946 b,CONFIRMED,11.79161234,0.034,3.036,415.4,2.41,857.0,127.75,20.7,1,114.0,5619.0,4.264,0.14,1.199,0.962,300.9296,44.02879,14.941,1,confirmed
6786348,K01749.01,Kepler-947 b,CONFIRMED,26.964501,0.006,3.792,601.7,2.2,573.0,25.56,20.1,1,54.0,5754.0,4.534,0.07,0.905,1.021,294.36673,42.252682,15.789,1,confirmed
6209677,K01750.01,Kepler-948 b,CONFIRMED,7.76845639,0.353,3.689,217.8,1.35,841.0,118.09,23.6,2,173.0,5447.0,4.481,0.16,0.917,0.928,293.30023,41.523338,14.8,1,confirmed
9813499,K01505.01,Kepler-868 b,CONFIRMED,5.03257009,0.97,4.213,439.1,2.53,1047.0,283.49,26.3,1,264.0,5970.0,4.521,-0.18,0.908,0.996,282.36349,46.67524,15.695,1,confirmed
12254792,K01506.01,Kepler-869 b,CONFIRMED,40.4286676,0.872,7.102,916.1,2.92,494.0,14.08,40.9,1,35.0,5813.0,4.561,-0.28,0.833,0.925,289.42459,50.994122,14.982,1,confirmed
12020218,K01507.01,Kepler-870 b,CONFIRMED,21.3588236,0.092,5.823,640.1,2.52,691.0,53.89,33.2,1,64.0,6170.0,4.472,-0.16,0.992,1.063,295.40253,50.47863,15.259,1,confirmed
7690844,K01508.01,Kepler-871 b,CONFIRMED,22.0459163,0.837,5.22,804.8,3.05,640.0,39.69,29.7,1,61.0,5900.0,4.509,0.07,0.951,1.065,294.52713,43.36816,15.689,1,confirmed
5438099,K01567.03,Kepler-306 d,CONFIRMED,17.32670445,0.756,4.269,800.0,2.23,535.0,19.38,34.8,4,67.0,4955.0,4.61,-0.1,0.721,0.774,288.53867,40.61615,15.565,1,confirmed
5438099,K01567.04,Kepler-306 e,CONFIRMED,44.8411168,0.864,5.902,1051.6,2.75,390.0,5.45,28.9,4,20.0,4955.0,4.61,-0.1,0.721,0.774,288.53867,40.61615,15.565,1,confirmed
8009350,K01569.01,Kepler-892 b,CONFIRMED,13.75207851,0.836,2.8831,1215.6,2.81,556.0,22.57,36.8,1,98.0,4802.0,4.616,-0.1,0.699,0.738,283.12964,43.888241,15.587,1,confirmed
8082001,K01570.01,Kepler-893 b,CONFIRMED,6.33855946,0.907,3.4617,721.7,3.31,1034.0,270.47,57.4,1,174.0,6108.0,4.466,0.07,1.03,1.132,284.96304,43.91301,15.182,1,confirmed
9017682,K01630.01,,CANDIDATE,11.30507984,0.195,3.989,278.4,1.4,744.0,72.67,19.5,1,116.0,5705.0,4.556,-0.14,0.844,0.936,290.25964,45.388409,15.152,0,candidate
9277896,K01632.01,Kepler-915 b,CONFIRMED,4.59489816,0.953,3.1381,109.7,1.85,1319.0,716.65,27.7,1,291.0,6056.0,4.217,0.1,1.381,1.148,290.59207,45.737141,13.298,1,confirmed
9401997,K01633.01,Kepler-916 b,CONFIRMED,32.2964275,0.207,4.561,472.2,1.9,503.0,15.14,17.9,1,43.0,5246.0,4.47,0.14,0.891,0.854,290.98331,45.973301,15.2,1,confirmed
10686864,K01637.01,Kepler-917 b,CONFIRMED,2.97041801,0.379,2.2369,530.7,1.7,991.0,228.11,22.4,1,362.0,5068.0,4.608,-0.02,0.743,0.833,299.05127,47.94928,15.759,1,confirmed
10749128,K01639.02,,CANDIDATE,9.9824036,0.8093,1.09,83.9,1.17,966.0,205.65,5.4,2,,6273.0,4.364,-0.06,1.139,1.092,297.90045,48.0947,13.538,0,candidate
11904734,K01764.01,,CANDIDATE,12.681733929,0.929,1.6866,5879.1,7.25,601.0,30.84,102.8,1,78.0,4976.0,4.577,-0.38,0.701,0.677,286.0528,50.256592,15.303,0,candidate
10153011,K01773.01,,CANDIDATE,83.09708021,0.993,9.2639,15860.2,13.83,329.0,2.78,277.2,1,14.0,5286.0,4.627,-1.04,0.636,0.626,296.0882,47.142891,15.678,0,candidate
9631995,K00022.01,Kepler-422 b,CONFIRMED,7.891448838,0.306,4.2854,10344.6,12.63,1028.0,263.54,1955.1,1,169.0,5972.0,4.313,0.24,1.237,1.148,282.62967,46.32336,13.435,1,confirmed
11870545,K01510.01,,CANDIDATE,0.839961456,0.548,1.3008,492.9,1.63,1455.0,1066.37,35.1,1,1554.0,4932.0,4.618,0.0,0.718,0.808,295.08423,50.114609,15.929,0,candidate
7901948,K01511.01,Kepler-872 b,CONFIRMED,2.578852119,0.625,2.3581,334.3,1.63,1230.0,540.56,36.7,1,524.0,5743.0,4.553,-0.14,0.853,0.949,295.41745,43.60564,15.106,1,confirmed
6442377,K00176.01,Kepler-483 b,CONFIRMED,30.22910274,0.77,6.6751,443.4,3.49,755.0,76.88,71.7,1,46.0,6325.0,4.188,0.16,1.518,1.296,291.64676,41.884659,13.432,1,confirmed
10004519,K01572.01,Kepler-894 b,CONFIRMED,9.80321143,0.663,4.4617,813.4,2.99,896.0,152.12,53.1,1,118.0,6170.0,4.472,-0.16,0.992,1.063,288.73407,46.939388,15.439,1,confirmed
5031857,K01573.01,Kepler-1755 b,CONFIRMED,24.81097206,0.039,3.2245,2090.8,4.22,631.0,37.43,123.9,2,53.0,6086.0,4.511,-0.26,0.921,1.003,296.84616,40.138611,14.373,1,confirmed
5031857,K01573.02,,CANDIDATE,7.136922,0.072,2.8005,221.6,1.38,956.0,197.05,23.7,2,186.0,6086.0,4.511,-0.26,0.921,1.003,296.84616,40.138611,14.373,0,candidate
10879038,K01641.01,Kepler-918 b,CONFIRMED,4.8538404,0.943,3.198,196.4,1.72,1052.0,288.7,15.4,1,219.0,5778.0,4.483,0.14,0.968,1.038,298.20071,48.267841,14.971,1,confirmed
10990917,K01643.01,Kepler-919 b,CONFIRMED,11.04605365,0.064,4.799,308.3,1.8,869.0,134.66,24.3,1,96.0,6093.0,4.429,-0.12,1.025,1.025,298.11478,48.4944,14.681,1,confirmed
11046025,K01646.01,Kepler-1759 b,CONFIRMED,3.72020708,0.341,1.892,156.9,0.99,954.0,195.7,15.0,1,285.0,5017.0,4.516,-0.02,0.797,0.76,298.46579,48.55941,14.293,1,confirmed
9729691,K01751.01,Kepler-949 b,CONFIRMED,8.689301216,0.029,2.563,1117.0,2.92,782.0,88.24,70.9,2,126.0,5211.0,4.447,0.08,0.895,0.817,298.60788,46.453678,14.548,1,confirmed
9729691,K01751.02,Kepler-949 c,CONFIRMED,20.99757968,0.277,2.454,1131.8,2.97,582.0,27.2,44.7,2,51.0,5211.0,4.447,0.08,0.895,0.817,298.60788,46.453678,14.548,1,confirmed
10904857,K00194.01,Kepler-488 b,CONFIRMED,3.120828136,0.784,2.1878,16456.0,14.16,1303.0,680.79,113.5,1,435.0,6122.0,4.471,-0.1,0.996,1.07,282.96616,48.34507,14.804,1,confirmed
8651389,K01754.01,Kepler-1768 b,CONFIRMED,15.13590453,0.46,2.236,255.7,2.57,933.0,179.16,19.8,1,88.0,6050.0,4.137,0.14,1.572,1.24,299.95721,44.771889,13.964,1,confirmed
7871954,K01515.01,Kepler-303 b,CONFIRMED,1.937029968,0.105,1.4727,312.3,0.87,802.0,97.94,42.8,2,688.0,4042.0,4.761,-0.62,0.49,0.505,283.13547,43.657051,14.39,1,confirmed
7871954,K01515.02,Kepler-303 c,CONFIRMED,7.06117322,0.845,1.0406,481.7,1.23,521.0,17.41,27.2,2,172.0,4042.0,4.761,-0.62,0.49,0.505,283.13547,43.657051,14.39,1,confirmed
12418724,K01516.01,Kepler-873 b,CONFIRMED,20.55331441,0.795,5.3136,678.3,3.19,749.0,74.49,40.6,1,66.0,6325.0,4.409,-0.04,1.112,1.157,296.4032,51.271339,14.829,1,confirmed
7456001,K01517.01,Kepler-874 b,CONFIRMED,40.0686713,0.029,5.8875,970.9,3.1,560.0,23.27,62.0,1,33.0,6026.0,4.411,-0.36,0.992,0.924,294.95685,43.014332,14.683,1,confirmed
10028792,K01574.01,Kepler-87 b,CONFIRMED,114.73658,0.595,12.0355,4850.0,12.28,476.0,12.13,230.6,4,11.0,5597.0,3.963,-0.18,1.699,0.969,297.91687,46.96513,14.6,1,confirmed
10028792,K01574.02,Kepler-87 c,CONFIRMED,191.239133,0.876,16.942,1061.2,6.47,401.0,6.14,36.8,4,4.0,5597.0,3.963,-0.18,1.699,0.969,297.91687,46.96513,14.6,1,confirmed
10028792,K01574.03,,CANDIDATE,5.83393857,0.398,4.5813,134.4,1.98,1285.0,642.83,17.6,4,184.0,5597.0,3.963,-0.18,1.699,0.969,297.91687,46.96513,14.6,0,candidate
5299459,K01576.01,Kepler-307 b,CONFIRMED,10.41572666,0.682,2.7719,825.3,3.01,797.0,95.64,69.3,3,132.0,5511.0,4.426,0.2,0.987,0.947,297.79514,40.417709,14.072,1,confirmed
11153121,K01647.01,Kepler-313 b,CONFIRMED,14.97031664,0.352,5.884,290.5,2.53,883.0,143.33,28.9,3,70.0,5726.0,4.123,0.21,1.483,1.066,298.29495,48.775459,14.167,1,confirmed
11153121,K01647.02,Kepler-313 c,CONFIRMED,32.2753853,0.608,8.622,223.9,2.31,683.0,51.5,17.9,3,30.0,5726.0,4.123,0.21,1.483,1.066,298.29495,48.775459,14.167,1,confirmed
11153121,K01647.03,,CANDIDATE,6.33027476,0.3288,3.67,89.2,1.02,1046.0,283.31,9.8,3,153.0,5900.0,4.363,-0.12,1.07,0.964,298.29495,48.775459,14.167,0,candidate
11177543,K01648.01,Kepler-1760 b,CONFIRMED,38.3262237,0.963,3.073,392.1,2.43,480.0,12.56,15.0,1,28.0,5229.0,4.441,0.08,0.903,0.821,284.13263,48.825119,14.31,1,confirmed
11337141,K01649.01,Kepler-1761 b,CONFIRMED,4.04355245,0.984,1.965,416.2,1.75,613.0,33.34,21.2,1,265.0,3871.0,4.744,0.07,0.532,0.573,284.13287,49.142609,14.963,1,confirmed
6705142,K01758.01,,CANDIDATE,5.59728249,0.473,1.795,1407.3,3.28,930.0,176.53,30.8,1,200.0,5610.0,4.551,0.0,0.858,0.953,295.43436,42.166321,15.969,0,candidate
3967760,K01760.01,Kepler-317 b,CONFIRMED,5.52418625,0.492,2.826,491.0,2.25,976.0,214.86,20.7,2,194.0,5334.0,4.372,0.16,1.004,0.865,294.94388,39.032059,15.377,1,confirmed
3967760,K01760.02,Kepler-317 c,CONFIRMED,8.77514782,0.504,3.176,351.9,1.91,837.0,115.84,12.7,2,119.0,5334.0,4.372,0.16,1.004,0.865,294.94388,39.032059,15.377,1,confirmed
7549209,K01518.01,Kepler-875 b,CONFIRMED,27.5071114,0.918,5.907,580.7,2.58,569.0,24.71,30.7,1,48.0,5783.0,4.539,-0.08,0.88,0.977,297.3013,43.141891,15.219,1,confirmed
7663405,K01519.01,Kepler-876 b,CONFIRMED,5.1443645,0.031,2.703,310.7,1.55,923.0,171.63,20.2,2,261.0,5157.0,4.445,0.18,0.904,0.83,283.47818,43.383781,15.369,1,confirmed
9765975,K01520.01,Kepler-877 b,CONFIRMED,18.45848388,0.832,3.3703,535.3,2.5,632.0,37.81,41.5,1,73.0,5311.0,4.419,0.14,0.948,0.859,289.85913,46.522671,14.516,1,confirmed
9818462,K01521.01,Kepler-878 b,CONFIRMED,25.9421582,0.577,4.045,569.7,1.95,501.0,14.85,31.6,1,50.0,5167.0,4.585,0.16,0.796,0.891,285.2962,46.603439,14.817,1,confirmed
6803202,K00177.01,Kepler-1711 b,CONFIRMED,21.06075303,0.176,5.2472,301.2,1.78,669.0,47.39,54.4,1,65.0,5706.0,4.382,0.0,1.034,0.94,298.17722,42.237041,13.182,1,confirmed
5299459,K01576.02,Kepler-307 c,CONFIRMED,13.08424286,0.701,3.0401,662.0,2.71,739.0,70.51,51.2,3,102.0,5511.0,4.426,0.2,0.987,0.947,297.79514,40.417709,14.072,1,confirmed
9651668,K00183.01,Kepler-423 b,CONFIRMED,2.684328541,0.076,2.69382,18136.5,12.73,1265.0,603.57,2833.1,1,501.0,5561.0,4.411,-0.1,0.956,0.859,292.85574,46.391178,14.29,1,confirmed
5299459,K01576.03,,CANDIDATE,23.3397956,0.4757,1.923,125.1,1.23,653.0,43.02,4.5,3,,5671.0,4.36,0.16,1.084,0.983,297.79514,40.417709,14.072,0,candidate
12506770,K01577.01,Kepler-895 b,CONFIRMED,2.806243488,0.043,1.6271,599.6,1.41,771.0,83.53,22.4,1,472.0,4153.0,4.684,-0.22,0.581,0.595,289.29065,51.40889,15.988,1,confirmed
11337372,K01650.01,Kepler-920 b,CONFIRMED,6.53194024,0.83,3.3351,771.9,3.09,907.0,159.66,39.6,2,129.0,5301.0,4.391,0.16,0.977,0.856,284.29694,49.15868,15.28,1,confirmed
11337833,K01651.01,Kepler-921 b,CONFIRMED,51.3011844,0.003,5.359,498.9,2.07,492.0,13.86,19.6,1,21.0,6032.0,4.508,-0.18,0.929,1.014,284.61621,49.190811,14.739,1,confirmed
11547505,K01655.01,Kepler-922 b,CONFIRMED,0.938466959,0.054,1.3015,217.4,1.58,1876.0,2919.17,54.4,1,1135.0,5499.0,4.323,0.12,1.087,0.906,284.73145,49.533192,13.757,1,confirmed
4471747,K01656.01,,CANDIDATE,51.3901452,0.946,5.995,494.0,3.62,570.0,24.98,15.4,1,17.0,6074.0,4.284,0.16,1.292,1.173,293.62592,39.50631,15.03,0,candidate
11502867,K00195.01,Kepler-426 b,CONFIRMED,3.217518511,0.638,2.11481,14319.4,11.38,1185.0,464.73,1287.4,1,413.0,5720.0,4.473,-0.22,0.903,0.882,289.43463,49.4734,14.835,1,confirmed
9909735,K01779.01,Kepler-318 b,CONFIRMED,4.66271902,0.485,2.757,1630.6,3.86,1039.0,274.98,28.2,2,233.0,5729.0,4.514,0.21,0.939,1.051,298.48282,46.793621,13.297,1,confirmed
9909735,K01779.02,Kepler-318 c,CONFIRMED,11.8150174,0.875,2.834,1003.0,3.48,762.0,79.66,10.5,2,85.0,5729.0,4.514,0.21,0.939,1.051,298.48282,46.793621,13.297,1,confirmed
11551692,K01781.01,Kepler-411 c,CONFIRMED,7.834433676,0.714,2.89,2018.1,3.47,689.0,53.33,246.6,3,135.0,4920.0,4.62,0.07,0.72,0.822,287.60559,49.523258,12.231,1,confirmed
11551692,K01781.02,Kepler-411 b,CONFIRMED,3.005156911,0.844,2.0747,691.6,2.2,949.0,191.27,115.1,3,342.0,4920.0,4.62,0.07,0.72,0.822,287.60559,49.523258,12.231,1,confirmed
12266636,K01522.01,Kepler-879 b,CONFIRMED,33.3856176,0.562,5.0361,553.2,2.48,580.0,26.73,37.1,2,39.0,5833.0,4.407,-0.04,1.022,0.974,295.80658,50.909801,14.264,1,confirmed
7869917,K01525.01,Kepler-880 b,CONFIRMED,7.71467686,0.899,4.5871,233.9,4.65,1622.0,1636.72,33.3,2,180.0,6900.0,3.843,0.0,2.599,1.714,281.97125,43.672771,12.082,1,confirmed
9824805,K01526.01,Kepler-881 b,CONFIRMED,4.4444826,0.941,3.686,163.0,1.71,1217.0,518.45,18.0,1,302.0,6240.0,4.426,-0.02,1.079,1.135,288.99258,46.67075,15.216,1,confirmed
7939330,K01581.01,Kepler-896 c,CONFIRMED,29.5422566,0.959,13.902,879.9,3.15,515.0,16.56,39.5,2,46.0,5510.0,4.572,-0.16,0.803,0.877,282.43918,43.734482,15.481,1,confirmed
7939330,K01581.02,Kepler-896 b,CONFIRMED,144.551628,0.887,16.599,1035.2,3.06,303.0,1.99,27.1,2,10.0,5510.0,4.572,-0.16,0.803,0.877,282.43918,43.734482,15.481,1,confirmed
4918309,K01582.01,,CANDIDATE,186.4361811,0.921,5.774,4347.0,11.32,353.0,3.66,66.5,1,8.0,5393.0,4.132,0.18,1.37,0.926,290.12857,40.021832,15.402,0,candidate
12602568,K01583.01,Kepler-897 b,CONFIRMED,8.04727721,0.937,5.159,486.0,2.33,855.0,126.56,36.1,1,166.0,5840.0,4.553,-0.24,0.849,0.942,290.58685,51.69582,15.068,1,confirmed
9941066,K01584.01,Kepler-898 b,CONFIRMED,5.87063416,0.642,2.5736,505.6,1.44,616.0,33.99,23.2,1,230.0,4166.0,4.66,-0.06,0.612,0.624,286.58539,46.87093,15.961,1,confirmed
5972334,K00191.01,Kepler-487 b,CONFIRMED,15.358767771,0.487,4.1223,14638.1,10.89,662.0,45.46,812.6,4,71.0,5422.0,4.484,0.02,0.887,0.874,295.28723,41.221958,14.991,1,confirmed
4650733,K01659.01,Kepler-1762 b,CONFIRMED,29.5390897,0.213,4.139,403.3,2.51,714.0,61.49,18.8,1,42.0,6572.0,4.365,0.07,1.238,1.298,290.49316,39.785519,15.111,1,confirmed
4830605,K01660.01,,CANDIDATE,35.6364022,0.654,4.888,452.6,1.99,537.0,19.62,15.7,1,35.0,5926.0,4.532,-0.2,0.887,0.978,290.24103,39.96801,15.614,0,candidate
12120943,K01458.01,,CANDIDATE,8.98128472,0.294,5.0397,4924.0,7.19,898.0,153.36,76.6,1,126.0,5977.0,4.473,0.21,1.022,1.133,296.57153,50.677849,15.703,0,candidate
7831264,K00171.02,Kepler-116 c,CONFIRMED,13.07141889,0.751,3.0946,251.1,2.47,964.0,203.87,32.0,2,98.0,6122.0,4.173,0.02,1.439,1.123,294.74207,43.536831,13.717,1,confirmed
7768451,K01527.01,,CANDIDATE,192.667139,0.911,5.443,1148.3,3.64,283.0,1.52,26.0,1,7.0,5401.0,4.487,0.0,0.878,0.863,296.6713,43.49839,14.879,0,candidate
7691260,K01528.01,Kepler-882 b,CONFIRMED,3.989544192,0.085,1.591,190.0,0.93,903.0,157.1,26.2,1,341.0,5229.0,4.643,-0.42,0.688,0.765,294.6499,43.33559,14.083,1,confirmed
9821454,K01529.01,Kepler-59 c,CONFIRMED,17.9776037,0.721,4.605,213.9,1.58,752.0,75.61,23.3,2,73.0,6296.0,4.46,-0.26,1.006,1.066,287.03952,46.640129,14.307,1,confirmed
9821454,K01529.02,Kepler-59 b,CONFIRMED,11.8693144,0.73,4.653,101.9,1.09,864.0,131.58,13.9,2,109.0,6296.0,4.46,-0.26,1.006,1.066,287.03952,46.640129,14.307,1,confirmed
11954842,K01530.01,Kepler-883 b,CONFIRMED,12.98494603,0.046,3.4497,257.2,1.64,818.0,105.74,38.4,1,79.0,5948.0,4.384,-0.26,1.025,0.93,286.43365,50.300331,13.029,1,confirmed
5470739,K01585.01,Kepler-899 b,CONFIRMED,19.17893976,0.004,5.144,752.8,2.4,640.0,39.65,34.3,1,68.0,5767.0,4.538,-0.06,0.881,0.979,297.48257,40.680779,15.401,1,confirmed
10022908,K01586.01,Kepler-900 b,CONFIRMED,6.99130452,0.74,2.1568,555.4,1.95,716.0,62.05,36.3,1,157.0,4847.0,4.606,0.36,0.761,0.86,296.17728,46.99902,14.94,1,confirmed
9932970,K01587.01,,CANDIDATE,52.971584,1.259,3.4632,3882.6,29.02,402.0,6.19,51.4,1,27.0,5204.0,4.55,-0.08,0.789,0.808,281.61887,46.814201,15.7,0,candidate
5617854,K01588.01,Kepler-901 b,CONFIRMED,3.517494725,0.742,1.5639,532.8,1.42,704.0,58.08,52.6,1,384.0,4132.0,4.699,-0.3,0.564,0.578,291.15295,40.887489,14.699,1,confirmed
4932442,K01665.01,Kepler-923 b,CONFIRMED,6.93365167,0.904,4.608,119.6,1.7,1104.0,351.27,20.1,2,156.0,5861.0,4.212,0.0,1.304,1.01,294.17108,40.055168,14.042,1,confirmed
4932442,K01665.02,,CANDIDATE,5.91393977,0.0896,0.562,84.0,1.07,1112.0,361.0,2.8,2,,6194.0,4.415,0.21,1.129,1.208,294.17108,40.055168,14.042,0,candidate
5183357,K01669.01,Kepler-924 b,CONFIRMED,61.0373591,0.071,8.378,437.5,3.38,610.0,32.74,40.2,1,22.0,6309.0,4.154,0.28,1.614,1.358,290.66852,40.39772,14.171,1,confirmed
5269467,K01672.01,Kepler-925 b,CONFIRMED,33.8677783,0.787,3.72,894.8,2.31,394.0,5.69,23.8,1,41.0,4564.0,4.593,-0.06,0.691,0.683,290.10654,40.490662,15.81,1,confirmed
5360920,K01675.01,,CANDIDATE,14.62399621,1.209,2.193,1082.0,21.92,681.0,50.91,25.0,1,92.0,5753.0,4.57,-0.3,0.815,0.907,291.33719,40.558201,15.789,0,candidate
11702948,K01465.01,,CANDIDATE,9.771462706,0.946,1.767,6933.2,10.15,799.0,96.39,215.0,1,108.0,5812.0,4.551,-0.2,0.853,0.947,286.14938,49.867512,14.245,0,candidate
9512981,K01466.01,,CANDIDATE,281.5628889,0.0,8.853,21012.0,10.83,214.0,0.49,237.1,1,4.0,4810.0,4.536,0.12,0.776,0.755,284.84988,46.13895,15.962,0,candidate
11764462,K01531.01,Kepler-884 b,CONFIRMED,5.69919592,0.007,2.3906,159.4,1.16,964.0,204.18,35.3,1,235.0,5646.0,4.493,0.12,0.932,0.986,292.58444,49.923161,13.069,1,confirmed
11656246,K01532.01,Kepler-885 b,CONFIRMED,18.11473813,0.896,5.2706,241.5,2.49,830.0,112.43,51.3,1,71.0,6109.0,4.247,0.14,1.36,1.194,288.66156,49.737209,12.841,1,confirmed
7808587,K01533.01,Kepler-886 b,CONFIRMED,6.24145791,0.029,3.0998,163.7,1.6,1111.0,360.09,30.8,1,216.0,5810.0,4.25,0.1,1.259,1.026,286.27176,43.59523,13.939,1,confirmed
4741126,K01534.01,Kepler-887 b,CONFIRMED,20.4222447,0.059,6.22,189.3,1.78,785.0,89.74,34.7,2,65.0,6119.0,4.274,0.1,1.299,1.157,290.09082,39.81699,13.47,1,confirmed
5301750,K01589.01,Kepler-84 b,CONFIRMED,8.72585478,0.911,4.473,446.7,2.86,985.0,222.19,37.7,5,155.0,6036.0,4.326,-0.18,1.131,0.987,298.25204,40.496078,14.764,1,confirmed
5301750,K01589.02,Kepler-84 c,CONFIRMED,12.88291395,0.962,5.676,460.5,3.15,865.0,132.23,33.6,5,103.0,6036.0,4.326,-0.18,1.131,0.987,298.25204,40.496078,14.764,1,confirmed
5301750,K01589.03,Kepler-84 e,CONFIRMED,27.4345973,0.603,5.038,472.6,2.56,672.0,48.29,25.3,5,48.0,6036.0,4.326,-0.18,1.131,0.987,298.25204,40.496078,14.764,1,confirmed
5301750,K01589.04,Kepler-84 d,CONFIRMED,4.22453631,0.823,3.128,159.1,1.6,1254.0,584.24,16.7,5,275.0,6036.0,4.326,-0.18,1.131,0.987,298.25204,40.496078,14.764,1,confirmed
5301750,K01589.05,Kepler-84 f,CONFIRMED,44.5520266,0.689,6.0,362.1,2.29,572.0,25.3,16.7,5,28.0,6036.0,4.326,-0.18,1.131,0.987,298.25204,40.496078,14.764,1,confirmed
5526717,K01677.01,Kepler-926 b,CONFIRMED,52.069002,0.275,3.0089,558.3,2.92,524.0,17.76,25.6,2,24.0,5565.0,4.251,0.32,1.246,1.008,289.67935,40.700459,14.279,1,confirmed
5972334,K00191.02,Kepler-487 d,CONFIRMED,2.418406841,0.018,2.0744,665.4,2.25,1226.0,535.84,69.1,4,426.0,5422.0,4.484,0.02,0.887,0.874,295.28723,41.221958,14.991,1,confirmed
5526717,K01677.02,,CANDIDATE,8.51170088,,2.9,,,,,,2,,,,,,,289.67935,40.700459,14.279,0,candidate
5531953,K01681.01,,CANDIDATE,6.93910337,0.966,2.977,614.7,1.41,445.0,9.28,22.9,4,196.0,3638.0,4.844,-0.14,0.42,0.45,291.285,40.730049,15.855,0,candidate
6034945,K01683.01,Kepler-927 b,CONFIRMED,9.11500269,0.675,4.558,268.3,1.78,906.0,159.34,21.7,1,147.0,5962.0,4.431,0.0,1.028,1.039,289.38351,41.392689,14.63,1,confirmed
8692861,K00172.01,Kepler-69 b,CONFIRMED,13.7223682,0.009,5.1231,571.1,2.23,746.0,73.16,97.9,2,97.0,5637.0,4.399,-0.3,0.943,0.813,293.26093,44.868889,13.749,1,confirmed
9480310,K01470.01,Kepler-1668 b,CONFIRMED,15.43400996,0.707,4.2572,1785.9,4.3,721.0,63.79,59.7,1,58.0,5900.0,4.509,0.07,0.951,1.065,297.35233,46.09594,15.703,1,confirmed
4741126,K01534.02,Kepler-887 c,CONFIRMED,7.63846084,0.405,3.957,71.7,1.12,1089.0,333.3,16.6,2,167.0,6119.0,4.274,0.1,1.299,1.157,290.09082,39.81699,13.47,1,confirmed
11669125,K01535.01,Kepler-888 b,CONFIRMED,70.6981724,0.026,6.632,357.7,1.63,417.0,7.11,37.7,1,18.0,5811.0,4.536,-0.2,0.866,0.94,295.52121,49.738628,13.046,1,confirmed
12159249,K01536.01,Kepler-889 b,CONFIRMED,3.74443645,0.169,2.9191,73.3,1.1,1328.0,736.89,25.4,1,359.0,5876.0,4.269,0.24,1.293,1.132,291.46732,50.75948,12.71,1,confirmed
9872292,K01537.01,,CANDIDATE,10.19154678,0.659,6.165,61.3,1.39,1144.0,404.17,27.6,1,135.0,6212.0,4.049,-0.1,1.684,1.156,281.46173,46.789894,11.74,0,candidate
5542466,K01590.01,,CANDIDATE,12.89006728,0.082,3.555,602.5,1.93,620.0,34.99,23.6,3,82.0,4915.0,4.512,0.16,0.812,0.781,294.36487,40.720879,15.674,0,candidate
4178389,K00185.01,,CANDIDATE,23.210509958,0.954,3.09802,28736.9,21.19,595.0,29.69,958.7,1,48.0,5875.0,4.572,-0.42,0.809,0.895,296.18524,39.26268,14.228,0,candidate
5542466,K01590.02,Kepler-1756 b,CONFIRMED,2.35574505,0.5,1.796,266.9,1.34,1093.0,338.4,17.0,3,421.0,4915.0,4.512,0.16,0.812,0.781,294.36487,40.720879,15.674,1,confirmed
5542466,K01590.03,,CANDIDATE,4.74666128,0.441,2.093,256.8,1.3,865.0,132.4,12.5,3,192.0,4915.0,4.512,0.16,0.812,0.781,294.36487,40.720879,15.674,0,candidate
10028140,K01591.01,Kepler-1757 b,CONFIRMED,19.65639342,0.955,3.226,843.2,2.83,549.0,21.5,25.5,1,55.0,5288.0,4.613,-0.24,0.74,0.828,297.73984,46.94191,15.372,1,confirmed
6049190,K01685.01,Kepler-1764 b,CONFIRMED,70.468171,0.031,6.653,922.4,3.46,511.0,16.17,45.0,1,18.0,6461.0,4.396,-0.14,1.131,1.162,293.87988,41.393822,14.811,1,confirmed
6198999,K01687.01,Kepler-928 b,CONFIRMED,3.93246069,0.416,2.1763,455.5,1.65,894.0,151.31,30.6,1,347.0,4841.0,4.533,0.1,0.779,0.756,289.92072,41.542831,15.32,1,confirmed
6310636,K01688.01,Kepler-929 b,CONFIRMED,0.921030497,0.025,2.6077,101.5,1.62,2362.0,7380.64,27.0,1,1457.0,5843.0,4.069,0.14,1.615,1.115,298.48111,41.615341,14.542,1,confirmed
6616218,K01692.01,Kepler-314 c,CONFIRMED,5.960400011,0.8,2.8617,828.3,2.85,890.0,148.26,126.1,2,104.0,5418.0,4.534,0.28,0.886,0.978,294.6741,42.075581,12.557,1,confirmed
7761545,K01472.01,Kepler-857 b,CONFIRMED,85.3514875,0.052,6.7504,4674.7,6.31,390.0,5.44,142.8,1,17.0,5584.0,4.478,0.14,0.938,0.966,294.63239,43.400471,15.061,1,confirmed
7499398,K01473.01,,CANDIDATE,23.02028478,0.794,3.544,5077.8,7.58,604.0,31.4,97.2,1,45.0,5613.0,4.496,0.32,0.956,1.046,280.36023,43.12368,15.573,0,candidate
12365184,K01474.01,Kepler-419 b,CONFIRMED,69.72646639,0.019,3.7177,4491.2,11.65,613.0,33.3,300.7,1,20.0,6430.0,4.107,0.2,1.731,1.398,295.41788,51.184761,13.005,1,confirmed
4770365,K01475.01,Kepler-1669 c,CONFIRMED,1.609321941,0.016,1.6067,728.5,1.57,958.0,199.28,35.3,3,751.0,4224.0,4.662,-0.2,0.603,0.609,297.43039,39.847839,15.937,1,confirmed
4770365,K01475.02,Kepler-1669 b,CONFIRMED,9.51220046,0.133,2.9497,1169.4,1.99,530.0,18.66,31.9,3,121.0,4224.0,4.662,-0.2,0.603,0.609,297.43039,39.847839,15.937,1,confirmed
4770365,K01475.03,Kepler-1669 d,CONFIRMED,4.72941177,0.236,2.234,434.3,1.22,669.0,47.3,14.6,3,236.0,4224.0,4.662,-0.2,0.603,0.609,297.43039,39.847839,15.937,1,confirmed
10748390,K00003.01,Kepler-3 b,CONFIRMED,4.887803076,0.054,2.36255,4315.8,4.82,800.0,96.67,862.3,1,215.0,4778.0,4.591,0.32,0.763,0.83,297.70935,48.080853,9.174,1,confirmed
11804465,K00020.01,Kepler-12 b,CONFIRMED,4.437962934,0.069,4.69813,16387.6,18.05,1338.0,757.65,3535.6,1,238.0,5953.0,4.175,0.08,1.415,1.093,286.24344,50.040379,13.438,1,confirmed
9663113,K00179.01,Kepler-458 c,CONFIRMED,20.74028645,0.431,10.3939,1023.3,4.24,798.0,95.68,155.3,2,52.0,6226.0,4.264,0.0,1.299,1.129,297.04541,46.328701,13.955,1,confirmed
5289854,K01593.01,Kepler-308 b,CONFIRMED,9.69501146,0.293,2.75,515.2,2.08,833.0,114.06,18.3,2,106.0,5896.0,4.516,-0.1,0.914,1.0,295.78516,40.439548,15.809,1,confirmed
5289854,K01593.02,Kepler-308 c,CONFIRMED,15.3825394,0.015,3.815,550.5,2.14,714.0,61.61,18.4,2,65.0,5896.0,4.516,-0.1,0.914,1.0,295.78516,40.439548,15.809,1,confirmed
10006581,K01595.01,Kepler-902 b,CONFIRMED,40.1097817,0.016,5.2096,732.0,3.11,556.0,22.65,40.3,1,34.0,5509.0,4.265,0.14,1.169,0.918,289.73169,46.953819,14.904,1,confirmed
5972334,K00191.03,,CANDIDATE,0.708621057,0.033,1.5041,187.5,1.2,1846.0,2741.07,30.5,4,1324.0,5422.0,4.484,0.02,0.887,0.874,295.28723,41.221958,14.991,0,candidate
6616218,K01692.02,Kepler-314 b,CONFIRMED,2.46106962,0.575,2.184,84.2,0.84,1195.0,483.09,18.0,2,242.0,5418.0,4.534,0.28,0.886,0.978,294.6741,42.075581,12.557,1,confirmed
7220429,K01700.01,Kepler-931 b,CONFIRMED,8.03753796,0.821,2.9118,286.5,1.54,744.0,72.44,31.1,1,168.0,5044.0,4.511,-0.02,0.804,0.764,297.13263,42.76825,14.471,1,confirmed
12406749,K01476.01,Kepler-1752 b,CONFIRMED,56.3587987,0.906,6.927,2559.6,5.04,419.0,7.29,44.4,1,22.0,5446.0,4.525,-0.2,0.821,0.824,290.85413,51.222809,15.792,1,confirmed
8692861,K00172.02,Kepler-69 c,CONFIRMED,242.467406,0.173,12.808,340.3,1.73,286.0,1.59,23.2,2,6.0,5637.0,4.399,-0.3,0.943,0.813,293.26093,44.868889,13.749,1,confirmed
7811397,K01477.01,,CANDIDATE,169.4976085,0.625,7.77,12192.0,9.06,272.0,1.29,82.8,1,6.0,5270.0,4.592,0.07,0.787,0.9,287.65396,43.505718,15.917,0,candidate
12403119,K01478.01,Kepler-858 b,CONFIRMED,76.13622222,0.044,7.9393,2949.5,4.78,399.0,6.01,339.4,1,16.0,5591.0,4.494,-0.06,0.892,0.904,288.84863,51.209049,12.45,1,confirmed
5475431,K01546.01,,CANDIDATE,0.917568975,0.667,2.0654,15805.0,11.92,1748.0,2197.57,128.1,1,1458.0,5713.0,4.541,0.07,0.893,1.01,298.5137,40.639622,14.456,0,candidate
10027323,K01596.01,Kepler-309 b,CONFIRMED,5.92365747,0.045,2.6302,406.5,0.99,531.0,18.87,26.4,2,178.0,3883.0,4.762,-0.28,0.496,0.518,297.50986,46.961262,15.157,1,confirmed
10027323,K01596.02,Kepler-309 c,CONFIRMED,105.3582299,0.75,3.81,1210.2,1.87,204.0,0.41,22.6,2,11.0,3883.0,4.762,-0.28,0.496,0.518,297.50986,46.961262,15.157,1,confirmed
12019440,K00186.01,Kepler-485 b,CONFIRMED,3.24325988,0.117,3.03318,16450.9,12.91,1243.0,563.17,1586.2,1,413.0,5823.0,4.438,0.1,1.013,1.027,294.99631,50.470058,14.952,1,confirmed
5039228,K01597.01,,CANDIDATE,7.79668781,0.005,4.6699,361.3,2.44,1116.0,366.42,48.5,1,171.0,6521.0,4.352,0.21,1.276,1.334,298.36884,40.173424,12.681,0,candidate
10004738,K01598.01,Kepler-310 c,CONFIRMED,56.4758069,0.862,5.961,1091.8,3.22,417.0,7.14,70.0,3,24.0,5497.0,4.57,0.07,0.839,0.952,288.83936,46.98674,14.279,1,confirmed
10004738,K01598.02,Kepler-310 d,CONFIRMED,92.8747294,0.917,7.474,658.8,2.64,353.0,3.68,37.9,3,16.0,5497.0,4.57,0.07,0.839,0.952,288.83936,46.98674,14.279,1,confirmed
7304449,K01702.01,Kepler-1650 b,CONFIRMED,1.538180949,0.932,1.2635,841.0,1.0,602.0,30.85,47.7,1,852.0,3364.0,4.978,-0.06,0.274,0.26,297.72925,42.86692,15.722,1,confirmed
7386827,K01704.01,Kepler-1765 b,CONFIRMED,10.4188915,0.856,3.0069,670.0,3.17,855.0,126.48,42.1,1,128.0,5692.0,4.36,0.04,1.064,0.946,298.01443,42.957458,14.86,1,confirmed
7522911,K01705.01,Kepler-1670 b,CONFIRMED,20.4998763,0.943,6.501,437.8,2.8,731.0,67.67,21.1,1,67.0,6249.0,4.428,-0.04,1.076,1.13,290.32651,43.12183,15.442,1,confirmed
7626370,K01706.01,Kepler-932 b,CONFIRMED,1.921437488,0.919,1.9046,278.7,1.77,1276.0,626.79,56.7,1,697.0,5238.0,4.472,-0.08,0.851,0.784,296.95206,43.271969,14.131,1,confirmed
7703955,K01707.01,Kepler-315 b,CONFIRMED,96.109323,0.948,9.877,982.3,4.01,409.0,6.59,28.7,2,14.0,5792.0,4.375,-0.26,1.005,0.875,298.0231,43.363522,15.321,1,confirmed
7512982,K01480.01,Kepler-859 b,CONFIRMED,20.38174802,0.295,3.7922,1597.1,3.16,528.0,18.36,46.8,2,67.0,4883.0,4.515,0.18,0.808,0.779,286.74188,43.190102,15.887,1,confirmed
7512982,K01480.02,,CANDIDATE,7.00447892,0.139,2.669,231.4,1.19,754.0,76.26,9.9,2,193.0,4883.0,4.515,0.18,0.808,0.779,286.74188,43.190102,15.887,0,candidate
9597806,K01481.01,Kepler-860 b,CONFIRMED,5.101375725,0.027,2.595,894.6,2.84,1050.0,287.28,55.1,1,220.0,5869.0,4.479,-0.04,0.954,1.001,295.57727,46.254742,15.455,1,confirmed
5283458,K01547.01,,CANDIDATE,30.69395532,0.001,2.9512,18121.0,13.72,614.0,33.69,196.6,1,27.0,6137.0,4.46,-0.06,1.018,1.086,294.2009,40.455959,15.673,0,candidate
8053552,K01549.01,,CANDIDATE,29.481061268,0.983,3.6636,11870.9,16.61,571.0,25.1,332.0,1,47.0,5631.0,4.41,-0.46,0.901,0.762,299.05585,43.897202,15.135,0,candidate
9663113,K00179.02,Kepler-458 b,CONFIRMED,572.376632,0.712,24.42,1743.4,5.8,264.0,1.15,78.6,2,4.0,6226.0,4.264,0.0,1.299,1.129,297.04541,46.328701,13.955,1,confirmed
10004738,K01598.03,Kepler-310 b,CONFIRMED,13.93068791,0.912,2.312,186.5,1.4,665.0,46.19,14.9,3,93.0,5497.0,4.57,0.07,0.839,0.952,288.83936,46.98674,14.279,1,confirmed
5474613,K01599.01,Kepler-1659 c,CONFIRMED,20.4074846,0.986,8.839,363.4,2.9,660.0,44.8,24.5,2,69.0,5823.0,4.472,0.06,0.972,1.02,298.37384,40.61842,14.802,1,confirmed
5438757,K01601.01,Kepler-903 b,CONFIRMED,10.35078415,0.79,6.253,273.1,1.97,842.0,119.01,36.5,2,131.0,5534.0,4.338,0.14,1.08,0.926,288.77103,40.664181,14.659,1,confirmed
5438757,K01601.02,Kepler-903 c,CONFIRMED,62.9224936,0.928,11.64,417.8,2.75,462.0,10.73,28.7,2,19.0,5534.0,4.338,0.14,1.08,0.926,288.77103,40.664181,14.659,1,confirmed
7750419,K01708.01,,CANDIDATE,32.7737631,0.971,3.416,564.5,5.0,686.0,52.22,21.7,1,43.0,5640.0,4.076,0.12,1.534,1.023,290.88232,43.47176,14.758,0,candidate
5972334,K00191.04,Kepler-487 c,CONFIRMED,38.6520796,0.038,5.607,566.5,2.07,487.0,13.28,24.8,4,24.0,5422.0,4.484,0.02,0.887,0.874,295.28723,41.221958,14.991,1,confirmed
7815744,K01710.01,Kepler-933 b,CONFIRMED,14.20442616,0.011,3.898,800.6,1.9,602.0,31.1,26.7,1,49.0,5350.0,4.647,-0.56,0.678,0.758,289.56866,43.538609,15.469,1,confirmed
7955580,K01711.01,Kepler-934 b,CONFIRMED,55.673582,0.274,3.778,765.1,2.19,384.0,5.16,22.7,1,22.0,4998.0,4.53,0.14,0.808,0.806,290.28845,43.755322,15.061,1,confirmed
8230616,K01713.01,Kepler-316 c,CONFIRMED,6.82778157,0.336,2.3726,545.8,1.34,577.0,26.31,32.2,2,188.0,4198.0,4.689,-0.32,0.574,0.587,290.82602,44.184109,15.224,1,confirmed
7898352,K01486.01,Kepler-302 c,CONFIRMED,127.2824442,0.827,7.1545,8088.6,12.04,392.0,5.61,148.1,2,11.0,5733.0,4.281,0.06,1.183,0.974,294.31699,43.629341,15.505,1,confirmed
11402995,K00173.01,Kepler-481 b,CONFIRMED,10.06083238,0.672,4.5718,460.2,2.58,899.0,154.16,86.4,1,130.0,5705.0,4.297,0.0,1.14,0.939,291.90704,49.262051,13.844,1,confirmed
7898352,K01486.02,Kepler-302 b,CONFIRMED,30.1837021,0.011,5.879,974.9,3.65,634.0,38.2,37.9,2,41.0,5733.0,4.281,0.06,1.183,0.974,294.31699,43.629341,15.505,1,confirmed
7984047,K01552.01,,CANDIDATE,77.63424586,0.113,4.1002,16612.0,9.4,325.0,2.65,185.5,1,14.0,4812.0,4.548,0.02,0.755,0.734,298.92593,43.75037,15.915,0,candidate
7951018,K01553.01,Kepler-890 b,CONFIRMED,52.75878505,0.344,6.6517,5805.8,8.76,540.0,20.08,265.4,1,26.0,6228.0,4.413,0.21,1.137,1.221,288.43576,43.763489,15.182,1,confirmed
7747425,K01952.04,Kepler-341 e,CONFIRMED,42.4729078,0.361,7.253,334.0,2.03,539.0,19.93,22.8,4,30.0,5616.0,4.327,0.14,1.111,0.957,289.86157,43.472771,14.601,1,confirmed
9892816,K01955.01,Kepler-342 b,CONFIRMED,15.17026921,0.917,4.3311,224.8,2.47,905.0,158.23,45.4,4,90.0,6297.0,4.26,0.14,1.369,1.247,292.67807,46.726711,13.147,1,confirmed
9892816,K01955.02,Kepler-342 d,CONFIRMED,39.4576228,0.967,9.557,244.8,2.8,658.0,44.26,41.6,4,33.0,6297.0,4.26,0.14,1.369,1.247,292.67807,46.726711,13.147,1,confirmed
9836149,K01958.01,Kepler-66 b,CONFIRMED,17.8159689,0.911,3.6765,776.8,3.12,699.0,56.48,22.5,1,75.0,5964.0,4.484,-0.22,0.933,0.968,293.98157,46.687752,15.2,1,confirmed
4813563,K01959.01,Kepler-1026 b,CONFIRMED,36.5157639,0.787,3.6577,861.3,2.55,425.0,7.71,34.7,1,31.0,4847.0,4.54,0.14,0.781,0.772,283.60526,39.997978,14.254,1,confirmed
2985767,K02032.01,Kepler-1063 b,CONFIRMED,14.07969236,0.544,1.375,169.5,2.08,931.0,177.81,26.2,1,94.0,5821.0,4.097,0.14,1.547,1.092,290.52676,38.142979,12.261,1,confirmed
2304320,K02033.01,Kepler-1064 b,CONFIRMED,16.54081386,0.688,2.5996,370.0,1.57,570.0,24.87,32.8,1,80.0,5064.0,4.572,0.0,0.769,0.806,291.74164,37.688938,13.755,1,confirmed
3657758,K02034.01,Kepler-1065 b,CONFIRMED,3.609313059,0.408,1.7752,1375.1,3.26,1092.0,336.16,35.0,2,242.0,5668.0,4.545,-0.02,0.868,0.963,294.51126,38.790501,15.54,1,confirmed
9790806,K02035.01,Kepler-1066 b,CONFIRMED,1.93155546,0.861,1.614,504.9,2.25,1290.0,655.43,8.6,1,552.0,5461.0,4.552,0.14,0.858,0.957,298.86658,46.502239,13.007,1,confirmed
6382217,K02036.01,Kepler-353 c,CONFIRMED,8.41100305,0.905,2.4553,755.6,1.8,472.0,11.71,27.6,2,162.0,3757.0,4.718,0.18,0.539,0.552,296.85663,41.758179,15.773,1,confirmed
5375194,K01825.01,Kepler-964 b,CONFIRMED,13.52252364,0.216,3.987,690.6,2.11,652.0,42.82,22.4,1,77.0,5338.0,4.557,0.0,0.816,0.875,295.30008,40.556591,13.895,1,confirmed
6468138,K01826.01,Kepler-965 b,CONFIRMED,134.2520474,0.001,9.0636,832.1,3.43,393.0,5.63,57.2,1,9.0,5818.0,4.276,0.02,1.2,0.991,298.51532,41.891201,13.35,1,confirmed
10019708,K00199.01,Kepler-490 b,CONFIRMED,3.268695042,0.065,3.45188,10091.4,16.91,1597.0,1539.0,1429.9,2,413.0,5927.0,4.046,0.14,1.691,1.161,295.02567,46.956001,14.879,1,confirmed
11875734,K01828.01,Kepler-966 b,CONFIRMED,99.7468804,0.828,6.804,1287.0,3.94,391.0,5.55,45.6,1,11.0,5620.0,4.363,-0.32,0.974,0.797,297.27057,50.121811,14.422,1,confirmed
7046804,K00205.01,Kepler-492 b,CONFIRMED,11.720123999,0.623,3.0039,9763.3,7.94,660.0,44.89,707.3,1,111.0,5215.0,4.564,-0.16,0.77,0.792,295.49667,42.537891,14.518,1,confirmed
7449136,K01890.01,Kepler-1002 b,CONFIRMED,4.33643506,0.641,4.1445,108.5,1.75,1453.0,1054.56,48.0,1,312.0,6180.0,4.133,0.12,1.603,1.275,293.0795,43.073711,11.704,1,confirmed
8680979,K01891.01,Kepler-330 c,CONFIRMED,15.95541913,0.314,3.9851,762.6,2.18,573.0,25.54,39.0,2,82.0,4891.0,4.516,0.16,0.805,0.776,288.44739,44.801682,15.261,1,confirmed
8680979,K01891.02,Kepler-330 b,CONFIRMED,8.25980352,0.161,2.928,298.4,1.35,714.0,61.43,18.3,2,154.0,4891.0,4.516,0.16,0.805,0.776,288.44739,44.801682,15.261,1,confirmed
9030537,K01892.01,Kepler-1674 b,CONFIRMED,62.5613879,0.842,5.907,1372.6,3.54,417.0,7.13,35.0,1,21.0,5662.0,4.56,-0.12,0.84,0.937,294.8161,45.306122,15.5,1,confirmed
6949061,K01960.01,Kepler-343 b,CONFIRMED,8.96847034,0.558,4.4073,234.3,2.17,1024.0,259.95,38.2,2,145.0,5808.0,4.185,0.14,1.374,1.054,291.96069,42.43301,14.128,1,confirmed
7269493,K01961.01,Kepler-1027 b,CONFIRMED,1.907810683,0.41,1.8707,120.5,0.91,1268.0,609.28,40.9,2,703.0,5435.0,4.578,0.07,0.824,0.937,287.57117,42.813919,12.852,1,confirmed
5513648,K01962.01,,CANDIDATE,32.85862571,0.955,3.1483,162.8,2.31,691.0,53.85,36.4,1,31.0,5899.0,4.135,-0.12,1.414,0.995,284.23398,40.79454,10.77,0,candidate
7887791,K01964.01,,CANDIDATE,2.229326354,0.249,1.9946,49.1,0.6,1273.0,621.53,24.6,1,603.0,5587.0,4.525,-0.06,0.865,0.914,290.7037,43.607208,10.687,0,candidate
11657891,K01965.01,Kepler-1028 b,CONFIRMED,2.514628496,0.247,1.6239,228.4,1.27,1217.0,517.89,33.3,1,526.0,5662.0,4.56,-0.12,0.84,0.937,289.59308,49.781158,14.325,1,confirmed
6305192,K00219.01,Kepler-494 b,CONFIRMED,8.025118521,0.454,5.3694,3120.4,7.79,1093.0,336.73,373.0,1,169.0,6002.0,4.196,0.0,1.369,1.073,297.21408,41.66404,14.153,1,confirmed
6382217,K02036.02,Kepler-353 b,CONFIRMED,5.79529495,0.714,2.272,334.3,1.05,534.0,19.23,14.8,2,219.0,3757.0,4.718,0.18,0.539,0.552,296.85663,41.758179,15.773,1,confirmed
9634821,K02037.01,Kepler-1995 b,CONFIRMED,73.7578875,0.714,2.69,1836.9,4.28,375.0,4.66,20.2,3,15.0,5029.0,4.429,0.48,0.93,0.847,284.34274,46.316551,15.213,1,confirmed
9634821,K02037.03,,CANDIDATE,8.56267266,0.335,1.53,608.1,2.26,768.0,82.22,15.2,3,132.0,5029.0,4.429,0.48,0.93,0.847,284.34274,46.316551,15.213,0,candidate
8950568,K02038.01,Kepler-85 b,CONFIRMED,8.30537702,0.489,3.751,365.6,1.69,809.0,101.43,28.5,4,158.0,5435.0,4.495,-0.02,0.873,0.87,290.97342,45.290321,14.779,1,confirmed
3326377,K01830.01,Kepler-967 b,CONFIRMED,13.22714056,0.013,3.2861,812.0,2.22,638.0,39.1,51.8,2,100.0,5180.0,4.548,0.0,0.8,0.825,286.55807,38.405369,14.443,1,confirmed
11601584,K01831.01,Kepler-324 c,CONFIRMED,51.8098276,0.273,6.343,1025.4,2.6,410.0,6.71,56.8,4,17.0,5191.0,4.53,0.08,0.826,0.844,286.47147,49.649021,14.122,1,confirmed
11601584,K01831.02,Kepler-324 b,CONFIRMED,4.38536428,0.335,2.5126,198.5,1.15,935.0,180.22,25.9,4,240.0,5191.0,4.53,0.08,0.826,0.844,286.47147,49.649021,14.122,1,confirmed
11601584,K01831.03,Kepler-324 d,CONFIRMED,34.205785079,0.319,5.1691,183.2,1.1,471.0,11.67,11.6,4,27.0,5191.0,4.53,0.08,0.826,0.844,286.47147,49.649021,14.122,1,confirmed
11601584,K01831.04,Kepler-324 e,CONFIRMED,13.97945055,0.924,1.2325,356.1,1.97,635.0,38.44,17.1,4,71.0,5191.0,4.53,0.08,0.826,0.844,286.47147,49.649021,14.122,1,confirmed
8689793,K01893.01,Kepler-1003 b,CONFIRMED,3.554856338,0.331,2.1004,232.9,1.29,1157.0,425.04,40.8,1,377.0,6068.0,4.565,-0.5,0.831,0.931,292.02045,44.876221,14.053,1,confirmed
11673802,K01894.01,Kepler-1004 b,CONFIRMED,5.28790754,0.474,8.5274,343.9,7.1,1661.0,1802.31,90.6,1,255.0,4994.0,3.433,0.08,3.818,1.441,297.35928,49.79755,13.427,1,confirmed
4263293,K01895.01,Kepler-331 b,CONFIRMED,8.45746636,0.209,2.2906,1320.3,1.87,540.0,20.08,21.8,3,164.0,4347.0,4.73,-0.84,0.524,0.537,291.83432,39.307362,15.862,1,confirmed
4263293,K01895.02,Kepler-331 c,CONFIRMED,17.28116957,0.206,2.829,1562.8,2.04,425.0,7.75,20.3,3,81.0,4347.0,4.73,-0.84,0.524,0.537,291.83432,39.307362,15.862,1,confirmed
4263293,K01895.03,Kepler-331 d,CONFIRMED,32.1340014,0.256,2.691,1262.0,1.84,346.0,3.39,11.8,3,40.0,4347.0,4.73,-0.84,0.524,0.537,291.83432,39.307362,15.862,1,confirmed
5695524,K01897.01,Kepler-1774 b,CONFIRMED,59.7711433,0.899,4.843,574.5,3.17,522.0,17.53,38.5,1,23.0,6214.0,4.382,-0.02,1.122,1.101,288.57443,40.988659,13.952,1,confirmed
6205897,K01967.01,Kepler-1029 b,CONFIRMED,4.417692516,0.971,2.323,279.2,1.57,790.0,92.16,35.1,1,302.0,4766.0,4.645,-0.24,0.664,0.723,292.13297,41.547539,14.31,1,confirmed
7948784,K01968.01,Kepler-1778 b,CONFIRMED,10.08744556,0.921,2.9884,568.1,3.15,942.0,186.14,39.9,1,130.0,6310.0,4.417,-0.06,1.095,1.143,287.36127,43.738781,15.079,1,confirmed
9244756,K01969.01,Kepler-1779 b,CONFIRMED,16.34355902,0.716,5.474,829.4,3.26,730.0,67.34,34.0,1,84.0,5730.0,4.394,0.16,1.056,1.008,300.41751,45.605518,15.017,1,confirmed
9650808,K01970.01,Kepler-344 b,CONFIRMED,21.96401646,0.483,2.7509,693.4,2.57,643.0,40.41,26.9,2,63.0,5774.0,4.447,-0.1,0.958,0.937,292.49963,46.324409,15.378,1,confirmed
9650808,K01970.02,Kepler-344 c,CONFIRMED,125.602323,0.065,7.105,925.7,2.89,360.0,3.95,23.3,2,10.0,5774.0,4.447,-0.1,0.958,0.937,292.49963,46.324409,15.378,1,confirmed
8950568,K02038.02,Kepler-85 c,CONFIRMED,12.51353325,0.596,4.301,430.8,1.88,706.0,58.69,30.0,4,103.0,5435.0,4.495,-0.02,0.873,0.87,290.97342,45.290321,14.779,1,confirmed
8950568,K02038.03,Kepler-85 d,CONFIRMED,17.9134215,0.832,4.364,197.8,1.39,626.0,36.38,11.4,4,65.0,5435.0,4.495,-0.02,0.873,0.87,290.97342,45.290321,14.779,1,confirmed
8950568,K02038.04,Kepler-85 e,CONFIRMED,25.2149143,0.599,5.76,174.1,1.19,559.0,23.05,9.9,4,53.0,5435.0,4.495,-0.02,0.873,0.87,290.97342,45.290321,14.779,1,confirmed
8804845,K02039.01,Kepler-1067 c,CONFIRMED,5.42586901,0.1,2.5342,259.0,1.48,973.0,211.66,26.1,2,250.0,5594.0,4.489,0.16,0.934,0.981,285.38742,45.049049,14.305,1,confirmed
10480915,K02040.01,Kepler-1785 b,CONFIRMED,19.58561177,0.964,1.755,532.9,3.09,666.0,46.51,27.1,1,57.0,5618.0,4.401,0.0,0.996,0.911,295.79218,47.600101,14.18,1,confirmed
11709244,K01832.01,Kepler-325 b,CONFIRMED,4.544436472,0.731,1.8141,879.3,3.0,1017.0,253.48,42.5,3,299.0,5445.0,4.458,0.16,0.937,0.919,289.83542,49.82563,15.009,1,confirmed
11709244,K01832.02,Kepler-325 c,CONFIRMED,12.76220558,0.955,2.0688,653.8,3.18,721.0,63.86,17.4,3,95.0,5445.0,4.458,0.16,0.937,0.919,289.83542,49.82563,15.009,1,confirmed
11709244,K01832.03,Kepler-325 d,CONFIRMED,38.7149617,0.691,3.441,694.8,2.62,498.0,14.55,16.2,3,34.0,5445.0,4.458,0.16,0.937,0.919,289.83542,49.82563,15.009,1,confirmed
11853878,K01833.01,Kepler-968 b,CONFIRMED,3.69298623,0.775,1.7744,763.3,1.74,745.0,72.66,33.9,3,287.0,4402.0,4.682,-0.58,0.572,0.575,285.60254,50.112041,14.265,1,confirmed
5728139,K00206.01,Kepler-433 b,CONFIRMED,5.334082429,0.045,6.2226,4676.5,13.08,1495.0,1180.64,653.4,1,253.0,6332.0,4.016,0.04,1.905,1.373,297.59366,40.977268,14.463,1,confirmed
7668663,K01898.01,Kepler-1005 b,CONFIRMED,6.4980147,0.92,2.4384,190.9,1.87,1026.0,262.18,41.2,1,200.0,5727.0,4.328,0.0,1.104,0.946,286.28601,43.320461,13.25,1,confirmed
7047922,K01899.01,Kepler-1006 b,CONFIRMED,19.76169247,0.924,3.9097,392.5,2.81,791.0,92.38,35.3,2,68.0,6327.0,4.327,-0.14,1.175,1.064,295.75412,42.537479,14.563,1,confirmed
9353314,K01900.01,Kepler-1007 b,CONFIRMED,5.18498961,0.021,2.1397,430.1,1.15,652.0,42.62,36.4,1,261.0,4325.0,4.68,-0.64,0.56,0.547,295.90656,45.80912,14.744,1,confirmed
3629967,K01901.01,Kepler-1775 b,CONFIRMED,85.6542476,0.012,6.866,476.0,3.56,522.0,17.51,36.6,1,16.0,5818.0,4.065,0.24,1.647,1.149,286.40231,38.738541,13.34,1,confirmed
9347009,K01971.01,Kepler-1030 b,CONFIRMED,19.32945602,0.009,3.794,935.5,2.26,529.0,18.57,26.8,1,67.0,5026.0,4.604,0.21,0.763,0.875,293.68192,45.817558,15.719,1,confirmed
11253711,K01972.01,,CANDIDATE,17.79108667,0.654,2.662,414.2,2.88,830.0,112.09,39.8,2,75.0,5855.0,4.148,-0.26,1.34,0.92,296.08975,48.955372,13.8,0,candidate
4917596,K01973.01,Kepler-1032 b,CONFIRMED,3.290114076,0.203,1.5151,645.3,1.49,802.0,97.96,30.3,1,408.0,4484.0,4.654,-0.56,0.594,0.58,289.93085,40.097752,15.753,1,confirmed
11046458,K00214.01,Kepler-424 b,CONFIRMED,3.311864148,0.905,1.4049,5976.5,9.06,1116.0,365.94,448.2,1,319.0,5461.0,4.499,0.44,0.937,1.012,298.62488,48.57745,14.256,1,confirmed
9111849,K02042.01,,CANDIDATE,63.0732241,0.746,5.397,671.3,17.8,1077.0,317.78,30.0,1,23.0,6234.0,3.209,0.56,6.354,2.382,298.75018,45.4664,13.089,0,candidate
7132798,K00220.01,Kepler-119 b,CONFIRMED,2.422084188,0.058,2.5613,1871.8,3.55,1213.0,511.66,423.7,2,551.0,5598.0,4.565,-0.1,0.83,0.928,295.94641,42.65892,14.236,1,confirmed
3448130,K02043.01,Kepler-1786 b,CONFIRMED,78.5461106,0.044,8.689,658.7,3.55,501.0,14.85,35.6,1,18.0,5808.0,4.172,0.14,1.397,1.058,292.5878,38.52203,14.087,1,confirmed
9656252,K02044.01,Kepler-1068 b,CONFIRMED,16.92342126,0.515,4.1864,1125.3,3.4,702.0,57.37,40.8,1,70.0,5786.0,4.465,0.16,0.99,1.044,294.64816,46.392361,15.818,1,confirmed
6026438,K02045.01,Kepler-354 b,CONFIRMED,5.47665801,0.788,2.5482,648.0,2.01,741.0,71.0,32.1,3,188.0,4650.0,4.589,-0.04,0.706,0.704,285.75146,41.33564,15.549,1,confirmed
9471268,K01835.01,Kepler-326 c,CONFIRMED,4.580346161,0.384,2.097,308.3,1.38,889.0,147.56,49.8,3,268.0,5103.0,4.558,0.04,0.789,0.82,294.32553,46.002251,13.693,1,confirmed
9471268,K01835.02,Kepler-326 b,CONFIRMED,2.248288213,0.004,2.0361,263.2,1.25,1127.0,380.75,59.7,3,596.0,5103.0,4.558,0.04,0.789,0.82,294.32553,46.002251,13.693,1,confirmed
9471268,K01835.03,Kepler-326 d,CONFIRMED,6.76690759,0.648,1.7062,249.3,1.31,781.0,87.79,29.7,3,169.0,5103.0,4.558,0.04,0.789,0.82,294.32553,46.002251,13.693,1,confirmed
10657406,K01837.01,Kepler-969 b,CONFIRMED,34.1732156,0.815,4.7679,635.0,2.37,465.0,11.09,38.9,2,42.0,5201.0,4.573,0.36,0.834,0.948,288.3725,47.933559,13.733,1,confirmed
5526527,K01838.01,Kepler-970 b,CONFIRMED,16.7364755,0.9,2.151,1147.0,2.73,464.0,10.99,9.9,1,80.0,4334.0,4.618,-0.06,0.653,0.646,289.62524,40.708729,14.786,1,confirmed
8766650,K01904.01,Kepler-1008 b,CONFIRMED,12.43929428,0.663,3.176,254.3,1.3,627.0,36.57,24.9,1,104.0,4987.0,4.531,-0.08,0.773,0.742,296.54752,44.941929,13.395,1,confirmed
10328393,K01905.01,Kepler-332 b,CONFIRMED,7.62635494,0.237,2.4168,296.1,1.21,703.0,57.89,32.5,3,176.0,4955.0,4.61,-0.1,0.721,0.774,286.66296,47.4137,14.017,1,confirmed
11773328,K01906.01,,CANDIDATE,8.710442022,0.935,0.9425,1196.4,3.61,760.0,78.75,42.6,1,156.0,5416.0,4.575,-0.04,0.809,0.9,296.62347,49.979172,14.816,0,candidate
7094486,K01907.01,Kepler-1009 b,CONFIRMED,11.35010642,0.035,2.2792,1221.0,1.75,403.0,6.25,38.3,1,116.0,3597.0,4.734,0.4,0.514,0.522,282.85992,42.66576,15.278,1,confirmed
7289577,K01974.01,Kepler-1780 b,CONFIRMED,109.4450597,0.149,3.792,1269.6,3.04,340.0,3.14,30.1,1,11.0,5403.0,4.5,0.0,0.868,0.868,294.08392,42.809589,14.937,1,confirmed
8543100,K01975.01,Kepler-1033 b,CONFIRMED,7.56052209,0.022,3.8573,659.8,2.4,914.0,164.9,34.6,1,170.0,5895.0,4.503,-0.02,0.94,1.026,283.84515,44.609089,15.986,1,confirmed
2693736,K01976.01,Kepler-1034 b,CONFIRMED,12.12401737,0.029,3.3091,788.4,2.37,675.0,48.98,40.1,1,114.0,5094.0,4.469,0.16,0.87,0.813,286.11536,37.966999,15.09,1,confirmed
9412760,K01977.01,Kepler-345 c,CONFIRMED,9.38740646,0.946,1.6165,384.6,1.69,575.0,25.83,22.3,2,138.0,4500.0,4.656,-0.02,0.646,0.71,295.22879,45.97102,14.028,1,confirmed
9412760,K01977.02,Kepler-345 b,CONFIRMED,7.41556471,0.434,1.973,150.4,0.79,622.0,35.37,11.8,2,175.0,4500.0,4.656,-0.02,0.646,0.71,295.22879,45.97102,14.028,1,confirmed
6026438,K02045.02,Kepler-354 d,CONFIRMED,24.2101973,0.45,4.046,458.0,1.5,451.0,9.8,14.1,3,41.0,4650.0,4.589,-0.04,0.706,0.704,285.75146,41.33564,15.549,1,confirmed
10663396,K02046.01,Kepler-1069 b,CONFIRMED,23.8990075,0.153,15.955,293.4,3.26,823.0,108.3,61.5,1,30.0,5511.0,3.914,0.1,1.93,1.115,290.97934,47.988998,13.153,1,confirmed
11457726,K02047.01,Kepler-1070 b,CONFIRMED,6.22161107,0.838,3.4117,165.0,1.59,1101.0,348.15,29.0,1,215.0,6277.0,4.417,-0.02,1.097,1.148,293.19537,49.316502,13.977,1,confirmed
8956206,K02048.01,Kepler-1071 b,CONFIRMED,6.17998508,0.175,2.1094,750.5,2.12,814.0,104.06,29.0,2,217.0,5149.0,4.551,-0.02,0.791,0.811,293.05801,45.248821,15.801,1,confirmed
9649706,K02049.01,Kepler-1072 b,CONFIRMED,1.569066598,0.097,2.7803,147.2,1.68,1849.0,2763.39,48.7,1,859.0,5821.0,4.172,0.12,1.395,1.054,292.04437,46.329029,13.93,1,confirmed
5856571,K01839.01,Kepler-971 b,CONFIRMED,9.59068586,0.359,3.452,544.6,3.93,1087.0,329.34,40.0,2,113.0,5476.0,3.904,-0.56,1.673,0.819,284.09457,41.182819,13.237,1,confirmed
7765528,K01840.01,Kepler-972 b,CONFIRMED,7.03932913,0.956,3.514,836.7,4.67,1060.0,298.33,48.6,2,187.0,5846.0,4.278,0.14,1.24,1.064,295.8287,43.425491,14.915,1,confirmed
11760231,K01841.01,Kepler-973 b,CONFIRMED,49.6075771,0.764,2.9575,626.7,2.12,402.0,6.17,44.9,1,28.0,5187.0,4.592,0.0,0.774,0.858,290.16525,49.923859,13.218,1,confirmed
7779077,K01842.01,Kepler-1770 b,CONFIRMED,16.84183355,0.688,2.6194,822.1,3.08,699.0,56.43,23.6,1,78.0,5602.0,4.404,0.1,1.009,0.941,299.25031,43.410439,14.306,1,confirmed
6046540,K00200.01,Kepler-74 b,CONFIRMED,7.340714946,0.568,2.9987,8510.5,14.31,1155.0,421.03,856.3,1,184.0,6056.0,4.191,0.36,1.498,1.268,293.09253,41.355518,14.412,1,confirmed
5706966,K01908.01,Kepler-333 b,CONFIRMED,12.55111099,0.519,3.1293,494.1,1.34,480.0,12.56,33.2,2,107.0,4213.0,4.669,-0.2,0.598,0.609,292.28607,40.913589,14.731,1,confirmed
3762468,K00208.01,Kepler-493 b,CONFIRMED,3.003879547,0.338,3.2848,8538.0,10.96,1438.0,1011.87,80.8,1,354.0,6311.0,4.398,0.21,1.172,1.253,295.30753,38.881641,14.996,1,confirmed
5706966,K01908.02,Kepler-333 c,CONFIRMED,24.0884178,0.376,3.952,387.2,1.16,386.0,5.26,21.0,2,52.0,4213.0,4.669,-0.2,0.598,0.609,292.28607,40.913589,14.731,1,confirmed
10130039,K01909.01,Kepler-334 c,CONFIRMED,12.75800092,0.011,4.1828,187.9,1.49,822.0,107.96,41.7,3,106.0,5782.0,4.34,-0.02,1.095,0.957,287.14066,47.115189,12.776,1,confirmed
10130039,K01909.02,Kepler-334 b,CONFIRMED,5.47033376,0.074,3.1441,112.0,1.15,1090.0,334.27,32.7,3,231.0,5782.0,4.34,-0.02,1.095,0.957,287.14066,47.115189,12.776,1,confirmed
9518318,K01978.01,Kepler-346 b,CONFIRMED,6.51112385,0.882,1.6919,695.1,3.09,1008.0,243.67,38.4,2,209.0,6032.0,4.465,-0.02,1.001,1.065,288.0119,46.117611,15.214,1,confirmed
9518318,K01978.02,Kepler-346 c,CONFIRMED,23.85163321,0.88,2.4453,833.7,3.37,654.0,43.19,28.6,2,54.0,6032.0,4.465,-0.02,1.001,1.065,288.0119,46.117611,15.214,1,confirmed
7273277,K01979.01,Kepler-1035 b,CONFIRMED,2.714078374,0.868,1.3115,143.5,1.38,1301.0,675.86,36.8,1,493.0,5815.0,4.461,0.12,0.992,1.038,289.04221,42.882488,12.987,1,confirmed
11769890,K01980.01,Kepler-1036 b,CONFIRMED,122.8799543,0.872,7.835,717.7,2.7,326.0,2.66,41.9,1,11.0,5413.0,4.51,0.0,0.861,0.875,295.18164,49.945782,13.8,1,confirmed
6862721,K01982.01,Kepler-1781 b,CONFIRMED,4.88753111,0.147,2.034,679.6,2.45,1003.0,239.11,17.4,1,272.0,5568.0,4.499,0.44,0.957,1.053,291.71146,42.341499,15.768,1,confirmed
12301181,K02059.01,Kepler-1076 b,CONFIRMED,6.14728341,0.188,2.7645,119.7,0.79,770.0,83.18,26.8,2,221.0,4997.0,4.598,0.0,0.746,0.806,287.59009,51.06057,12.906,1,confirmed
9279354,K02060.01,Kepler-1788 b,CONFIRMED,2.800111267,0.806,1.0237,706.7,2.13,956.0,197.81,33.5,1,482.0,4786.0,4.579,-0.2,0.704,0.686,291.22433,45.778091,15.229,1,confirmed
6774880,K02062.01,Kepler-1077 b,CONFIRMED,34.3511339,0.88,4.4408,599.4,2.75,576.0,26.1,28.8,1,37.0,6091.0,4.487,-0.14,0.967,1.045,291.03363,42.26786,14.998,1,confirmed
3937519,K00221.01,Kepler-495 b,CONFIRMED,3.413036353,0.046,2.61366,3868.7,6.62,1200.0,490.24,480.7,2,398.0,5392.0,4.314,0.18,1.087,0.888,285.93069,39.098141,14.622,1,confirmed
7449541,K02063.01,Kepler-1078 b,CONFIRMED,3.00725068,0.897,4.4302,285.8,1.56,1122.0,373.99,30.0,1,455.0,5667.0,4.587,-0.36,0.781,0.873,293.20059,43.050041,15.62,1,confirmed
5080636,K01843.01,Kepler-974 b,CONFIRMED,4.194496867,0.863,1.7807,660.7,1.57,577.0,26.2,45.0,2,245.0,3706.0,4.747,0.26,0.522,0.555,285.01309,40.220749,14.404,1,confirmed
5080636,K01843.02,,CANDIDATE,6.35585682,0.912,1.55,176.6,0.86,503.0,15.1,9.2,2,154.0,3706.0,4.747,0.26,0.522,0.555,285.01309,40.220749,14.404,0,candidate
3338885,K01845.01,Kepler-975 b,CONFIRMED,1.970340203,0.859,1.7901,403.2,3.97,1599.0,1540.07,56.3,2,675.0,4883.0,3.972,0.56,1.667,0.951,290.54855,38.495281,14.438,1,confirmed
3338885,K01845.02,Kepler-975 c,CONFIRMED,5.05821338,1.004,1.132,748.3,10.69,1168.0,439.8,43.2,2,237.0,4883.0,3.972,0.56,1.667,0.951,290.54855,38.495281,14.438,1,confirmed
6776401,K01847.01,Kepler-977 b,CONFIRMED,26.85323647,0.01,4.4557,965.8,2.65,544.0,20.77,53.3,1,51.0,5329.0,4.455,-0.14,0.869,0.786,291.5162,42.248192,14.812,1,confirmed
10130039,K01909.03,Kepler-334 d,CONFIRMED,25.0985083,0.814,2.7727,167.6,1.59,656.0,43.84,21.3,3,50.0,5782.0,4.34,-0.02,1.095,0.957,287.14066,47.115189,12.776,1,confirmed
8226050,K01910.01,Kepler-1010 b,CONFIRMED,34.2685741,0.677,4.8251,699.3,2.44,477.0,12.2,38.2,2,37.0,5083.0,4.468,0.18,0.872,0.815,289.19263,44.149319,14.685,1,confirmed
9965957,K01911.01,Kepler-1011 b,CONFIRMED,5.75321539,0.921,1.7948,733.8,3.14,920.0,169.44,31.8,1,186.0,5445.0,4.51,0.48,0.929,1.017,297.40155,46.824001,15.196,1,confirmed
9704384,K01913.01,Kepler-1012 b,CONFIRMED,5.50860699,0.879,3.0788,203.9,1.49,934.0,179.62,38.2,1,241.0,5448.0,4.489,0.0,0.883,0.877,289.29626,46.457951,13.317,1,confirmed
8426567,K01914.01,Kepler-1013 b,CONFIRMED,18.93055119,0.583,3.372,684.0,4.41,766.0,81.42,26.2,1,69.0,5015.0,3.987,0.36,1.643,0.955,290.24805,44.435242,14.417,1,confirmed
10094670,K01984.01,Kepler-1677 b,CONFIRMED,22.06402,0.941,4.1,388.7,2.67,712.0,60.81,31.5,1,47.0,6232.0,4.432,0.07,1.09,1.174,298.49329,47.013039,13.698,1,confirmed
8142942,K01985.01,Kepler-1782 b,CONFIRMED,5.756245244,0.888,1.071,623.6,2.24,773.0,84.16,45.5,1,235.0,4931.0,4.605,0.0,0.734,0.794,280.92612,44.087929,13.708,1,confirmed
8257205,K01986.01,Kepler-1038 b,CONFIRMED,148.4601819,0.808,5.499,1532.1,3.61,285.0,1.56,33.7,2,9.0,5159.0,4.548,0.16,0.821,0.868,298.97217,44.132381,14.839,1,confirmed
9044228,K01988.01,Kepler-1039 b,CONFIRMED,0.934885365,0.731,1.4083,270.4,3.21,2080.0,4435.29,57.8,1,1432.0,4777.0,3.909,0.56,1.795,0.953,298.3266,45.31551,14.145,1,confirmed
7265298,K02051.01,Kepler-355 c,CONFIRMED,25.7626846,0.327,6.908,619.5,2.66,633.0,37.99,38.0,2,47.0,5739.0,4.381,0.14,1.069,1.002,285.79947,42.811779,15.087,1,confirmed
7265298,K02051.02,Kepler-355 b,CONFIRMED,11.0317836,0.405,4.753,182.3,1.45,840.0,117.67,14.1,2,105.0,5739.0,4.381,0.14,1.069,1.002,285.79947,42.811779,15.087,1,confirmed
7132798,K00220.02,Kepler-119 c,CONFIRMED,4.12511935,0.253,2.877,114.7,0.88,1016.0,252.18,21.6,2,298.0,5598.0,4.565,-0.1,0.83,0.928,295.94641,42.65892,14.236,1,confirmed
3248501,K02052.01,,CANDIDATE,4.22464216,0.913,1.403,987.0,4.31,1279.0,631.55,7.7,1,248.0,6343.0,4.408,0.07,1.14,1.213,294.69772,38.364159,15.341,0,candidate
2307415,K02053.01,Kepler-356 c,CONFIRMED,13.12162167,0.807,3.6138,196.9,1.99,913.0,164.48,32.7,2,97.0,6140.0,4.265,0.0,1.277,1.094,292.42108,37.682819,12.992,1,confirmed
7430034,K01848.01,Kepler-978 b,CONFIRMED,49.6220669,0.939,7.222,505.5,3.33,546.0,20.99,47.6,1,28.0,5938.0,4.331,0.16,1.184,1.097,286.71072,43.043449,13.429,1,confirmed
9735426,K01849.01,Kepler-979 b,CONFIRMED,8.08801663,0.744,1.8334,952.9,2.94,792.0,92.93,46.1,1,168.0,5269.0,4.494,0.14,0.874,0.87,300.37128,46.408279,14.624,1,confirmed
8826168,K01850.01,Kepler-980 b,CONFIRMED,11.55103848,0.493,3.3601,402.8,2.17,845.0,120.76,49.8,1,116.0,5907.0,4.395,0.0,1.058,1.014,294.61301,45.060169,14.138,1,confirmed
10464050,K01851.01,Kepler-981 b,CONFIRMED,4.469754641,0.494,1.813,553.9,2.26,1103.0,350.69,37.1,1,304.0,5988.0,4.507,-0.12,0.934,1.021,289.2489,47.650101,14.769,1,confirmed
9763348,K01852.01,Kepler-982 b,CONFIRMED,15.77382794,0.035,4.957,313.6,2.72,955.0,196.14,30.4,1,86.0,6283.0,4.129,-0.06,1.531,1.15,288.41769,46.590431,13.205,1,confirmed
9101496,K01915.01,Kepler-335 b,CONFIRMED,6.56226483,0.643,4.0144,260.8,3.07,1290.0,654.67,41.2,2,203.0,5878.0,4.005,0.24,1.812,1.212,296.06433,45.428619,13.996,1,confirmed
6037581,K01916.01,Kepler-336 d,CONFIRMED,20.67876365,0.665,4.6395,323.9,2.42,749.0,74.36,42.6,3,64.0,5865.0,4.266,0.16,1.272,1.088,290.23764,41.331379,13.598,1,confirmed
10723750,K00209.01,Kepler-117 c,CONFIRMED,50.79034648,0.058,10.8474,5671.1,10.6,612.0,33.12,508.8,2,29.0,6163.0,4.185,-0.06,1.406,1.102,288.79303,48.04023,14.274,1,confirmed
6037581,K01916.02,Kepler-336 c,CONFIRMED,9.59993246,0.063,4.3206,271.2,2.08,967.0,206.91,52.0,3,142.0,5865.0,4.266,0.16,1.272,1.088,290.23764,41.331379,13.598,1,confirmed
6037581,K01916.03,Kepler-336 b,CONFIRMED,2.0248205,0.248,2.55,63.3,1.01,1625.0,1652.5,20.2,3,621.0,5865.0,4.266,0.16,1.272,1.088,290.23764,41.331379,13.598,1,confirmed
10779233,K01989.01,Kepler-1040 b,CONFIRMED,201.118319,0.001,10.328,584.8,2.28,300.0,1.92,34.7,1,7.0,5646.0,4.447,0.0,0.954,0.929,283.11377,48.13139,13.328,1,confirmed
11614617,K01990.01,Kepler-1041 b,CONFIRMED,24.7577652,0.896,6.998,458.7,2.44,644.0,40.74,37.6,1,55.0,6106.0,4.487,-0.16,0.966,1.043,293.88177,49.683151,14.49,1,confirmed
11450414,K01992.01,Kepler-347 b,CONFIRMED,12.7983174,0.738,6.401,336.6,2.88,908.0,160.33,38.2,3,107.0,5592.0,4.115,0.16,1.451,1.0,289.19958,49.305721,14.513,1,confirmed
4736569,K01996.01,Kepler-1042 b,CONFIRMED,10.13200555,0.03,3.1683,911.6,1.67,574.0,25.66,37.6,2,116.0,4777.0,4.689,-1.08,0.561,0.561,288.66891,39.824009,15.629,1,confirmed
10384798,K01997.01,Kepler-1043 b,CONFIRMED,38.505224,0.654,5.941,695.2,2.45,532.0,18.98,35.5,1,36.0,5974.0,4.504,-0.42,0.881,0.904,281.66299,47.568581,14.777,1,confirmed
2307415,K02053.02,Kepler-356 b,CONFIRMED,4.6126736,0.755,3.0643,133.2,1.6,1294.0,663.8,34.3,2,293.0,6140.0,4.265,0.0,1.277,1.094,292.42108,37.682819,12.992,1,confirmed
3128552,K02055.01,Kepler-1073 b,CONFIRMED,8.67890312,0.203,3.5317,540.6,2.56,905.0,158.43,37.4,4,126.0,5509.0,4.308,0.16,1.116,0.924,294.15271,38.23304,14.523,1,confirmed
10134152,K02056.01,Kepler-1787 b,CONFIRMED,39.3135699,0.006,5.0137,500.1,2.07,540.0,20.04,33.8,1,33.0,6060.0,4.509,-0.22,0.925,1.008,289.06433,47.11742,14.476,1,confirmed
9573685,K02057.01,Kepler-1074 b,CONFIRMED,5.94565516,0.229,2.1604,401.2,1.12,568.0,24.71,28.5,1,227.0,3974.0,4.7,-0.06,0.564,0.581,284.47653,46.252579,15.026,1,confirmed
10329835,K02058.01,Kepler-1075 b,CONFIRMED,1.52373073,0.942,1.4796,364.7,1.26,818.0,105.95,34.1,1,881.0,3746.0,4.736,0.0,0.51,0.516,287.50116,47.469269,15.313,1,confirmed
6849046,K00201.01,Kepler-491 b,CONFIRMED,4.225384543,0.074,2.82038,7563.0,9.0,1111.0,360.46,1457.8,1,313.0,5574.0,4.403,0.42,1.054,1.025,287.13058,42.350151,14.014,1,confirmed
8804397,K01853.01,Kepler-983 b,CONFIRMED,60.0853848,0.79,7.007,432.2,2.4,485.0,13.07,51.7,1,19.0,6028.0,4.459,0.21,1.047,1.149,285.10406,45.008171,13.43,1,confirmed
9662811,K01854.01,Kepler-984 b,CONFIRMED,43.0343364,0.882,6.571,541.6,2.5,484.0,13.01,50.0,1,27.0,5550.0,4.476,0.0,0.911,0.906,296.95886,46.394131,13.534,1,confirmed
11570749,K01856.01,,CANDIDATE,46.2991052,0.025,5.2481,854.9,4.33,592.0,29.04,55.0,1,31.0,5396.0,4.035,-0.06,1.507,0.898,297.07861,49.502079,14.082,0,candidate
11297236,K01857.01,Kepler-1771 b,CONFIRMED,88.6440015,0.724,7.82,625.5,2.51,391.0,5.51,57.6,1,15.0,5661.0,4.471,0.0,0.934,0.941,292.0134,49.019119,13.748,1,confirmed
10074466,K01917.01,Kepler-1776 b,CONFIRMED,35.01190875,0.927,2.868,436.7,2.97,603.0,31.35,34.0,1,39.0,5872.0,4.332,0.1,1.153,1.041,291.53439,47.0425,13.624,1,confirmed
8218379,K01920.01,Kepler-1014 b,CONFIRMED,16.57099265,0.55,2.9052,644.9,2.03,614.0,33.53,40.9,2,78.0,5483.0,4.589,-0.22,0.779,0.865,285.12204,44.1106,14.64,1,confirmed
7755636,K01921.01,Kepler-1015 b,CONFIRMED,16.00496657,0.013,6.5047,377.5,3.71,1040.0,276.53,49.8,1,84.0,6384.0,4.029,0.12,1.904,1.412,292.75732,43.42691,12.818,1,confirmed
9411166,K01922.01,Kepler-1016 b,CONFIRMED,1.954525966,0.673,2.0944,392.8,2.38,1540.0,1331.18,43.1,3,687.0,5741.0,4.331,0.16,1.136,1.01,294.61365,45.984619,15.356,1,confirmed
9411166,K01922.02,,CANDIDATE,15.09521323,,3.41,,,,,,3,,,,,,,294.61365,45.984619,15.356,0,candidate
4989057,K01923.01,Kepler-1017 b,CONFIRMED,7.23400381,0.032,2.165,453.3,1.78,831.0,112.48,34.3,1,141.0,5411.0,4.523,0.0,0.85,0.879,283.46936,40.13261,14.139,1,confirmed
9834040,K01998.01,Kepler-1044 b,CONFIRMED,6.77408984,0.026,2.6215,520.3,2.5,1058.0,295.82,33.6,1,198.0,6246.0,4.433,0.07,1.092,1.18,293.14447,46.666241,15.368,1,confirmed
6152974,K00216.01,Kepler-118 c,CONFIRMED,20.172024672,0.334,3.1488,5368.1,6.24,564.0,24.0,226.8,2,65.0,5064.0,4.474,0.18,0.864,0.811,299.21317,41.424831,14.711,1,confirmed
8802693,K02000.01,Kepler-1045 b,CONFIRMED,26.41044199,0.674,3.0715,991.1,2.45,512.0,16.27,31.2,1,52.0,5448.0,4.613,-0.38,0.734,0.815,284.18329,45.0741,15.593,1,confirmed
6061773,K02001.01,Kepler-1783 b,CONFIRMED,8.27745764,0.261,2.713,197.2,2.46,1088.0,331.35,17.3,1,166.0,5129.0,3.884,-0.16,1.781,0.887,297.02109,41.377171,13.115,1,confirmed
10024701,K02002.01,Kepler-1046 b,CONFIRMED,14.37504582,0.927,3.208,251.1,2.05,786.0,90.16,15.7,1,76.0,5931.0,4.403,0.0,1.053,1.023,296.75574,46.998291,13.286,1,confirmed
2579043,K02064.01,,CANDIDATE,6.31219171,0.018,4.9377,403.7,2.17,1096.0,342.04,35.6,1,215.0,6322.0,4.426,-0.12,1.075,1.124,292.13525,37.889622,14.959,0,candidate
3239671,K02066.01,Kepler-1678 b,CONFIRMED,147.97391,0.034,6.854,1267.1,3.33,329.0,2.78,26.4,1,9.0,5578.0,4.44,0.0,0.95,0.905,292.59164,38.399658,14.904,1,confirmed
9304101,K02067.01,Kepler-1079 b,CONFIRMED,13.24503482,0.498,4.4078,156.1,1.77,887.0,146.31,35.7,1,99.0,5636.0,4.147,0.12,1.39,0.988,299.5495,45.769749,12.584,1,confirmed
11360571,K02069.01,Kepler-1080 b,CONFIRMED,77.2550726,0.837,10.214,589.5,3.7,548.0,21.37,44.0,1,17.0,6564.0,4.255,-0.16,1.356,1.212,296.46448,49.182907,13.754,1,confirmed
6035124,K02071.01,Kepler-1081 b,CONFIRMED,3.85690686,0.466,2.0808,127.8,0.93,972.0,210.44,24.3,1,347.0,5272.0,4.574,0.12,0.813,0.902,289.44452,41.31776,13.746,1,confirmed
8160953,K01858.01,Kepler-985 b,CONFIRMED,116.3311739,0.032,7.025,1586.3,3.26,323.0,2.59,31.5,2,12.0,5354.0,4.533,0.0,0.835,0.868,290.14432,44.04995,14.767,1,confirmed
8160953,K01858.02,,CANDIDATE,86.049055,0.2597,29.28,429.9,2.06,410.0,6.68,8.0,2,,5733.0,4.432,0.07,0.997,0.981,290.14432,44.04995,14.767,0,candidate
4157325,K01860.01,Kepler-416 b,CONFIRMED,6.31943553,0.775,3.3422,581.1,2.71,986.0,223.15,61.0,4,182.0,5670.0,4.397,0.06,1.022,0.949,291.55695,39.227291,14.028,1,confirmed
4157325,K01860.02,Kepler-416 c,CONFIRMED,12.20951755,0.779,4.1808,538.1,2.61,791.0,92.68,45.5,4,90.0,5670.0,4.397,0.06,1.022,0.949,291.55695,39.227291,14.028,1,confirmed
4157325,K01860.03,Kepler-416 d,CONFIRMED,3.07644709,0.708,2.6326,216.7,1.61,1253.0,583.25,29.3,4,337.0,5670.0,4.397,0.06,1.022,0.949,291.55695,39.227291,14.028,1,confirmed
9955598,K01925.01,Kepler-409 b,CONFIRMED,68.958447,0.821,3.128,123.3,1.11,402.0,6.17,30.0,1,18.0,5455.0,4.497,0.06,0.888,0.902,293.6792,46.85276,9.439,1,confirmed
10723750,K00209.02,Kepler-117 b,CONFIRMED,18.79591276,0.695,7.5235,2431.4,7.39,852.0,124.64,282.3,2,67.0,6163.0,4.185,-0.06,1.406,1.102,288.79303,48.04023,14.274,1,confirmed
5770074,K01928.01,Kepler-1675 b,CONFIRMED,63.0380366,0.021,7.3702,658.7,2.59,465.0,11.1,53.1,1,19.0,5798.0,4.411,0.0,1.019,0.976,283.80954,41.041241,13.605,1,confirmed
10136549,K01929.01,Kepler-337 c,CONFIRMED,9.69315023,0.734,5.6725,141.8,1.89,1017.0,253.08,45.1,2,140.0,5683.0,4.108,0.1,1.472,1.014,290.06049,47.16396,12.727,1,confirmed
12154526,K02004.01,Kepler-1047 b,CONFIRMED,56.1886436,0.873,6.5272,346.2,2.56,503.0,15.13,35.6,3,25.0,5700.0,4.327,0.34,1.176,1.071,288.64627,50.788979,13.351,1,confirmed
6665512,K02005.01,Kepler-1048 b,CONFIRMED,6.92101452,0.771,4.3591,529.7,1.48,619.0,34.85,39.9,1,193.0,4461.0,4.661,-0.6,0.585,0.571,281.89835,42.165791,14.832,1,confirmed
10525027,K02006.01,Kepler-1049 b,CONFIRMED,3.27344784,0.44,1.7292,262.5,0.81,625.0,36.05,34.0,1,408.0,3758.0,4.769,0.0,0.496,0.528,287.34674,47.772961,14.22,1,confirmed
11069176,K02007.01,Kepler-1050 b,CONFIRMED,15.3789014,0.359,4.662,185.1,2.94,1039.0,275.53,17.6,2,90.0,5817.0,3.877,0.18,2.153,1.276,282.92499,48.626389,13.127,1,confirmed
10005758,K01783.01,Kepler-1662 b,CONFIRMED,134.4785189,0.924,5.9288,4033.5,10.52,412.0,6.81,149.9,2,9.0,5791.0,4.185,0.02,1.336,0.996,289.34143,46.988239,13.929,1,confirmed
10158418,K01784.01,,CANDIDATE,5.007414194,0.926,1.3584,4413.9,8.8,1114.0,363.75,196.6,1,214.0,5957.0,4.417,0.0,1.042,1.034,297.64606,47.167488,13.592,0,candidate
5864975,K01787.01,Kepler-950 b,CONFIRMED,98.7179332,0.588,6.593,7320.0,6.99,360.0,3.97,124.4,1,10.0,5808.0,4.583,-0.46,0.786,0.871,287.95657,41.130329,15.7,1,confirmed
2975770,K01788.01,Kepler-951 b,CONFIRMED,71.52543938,0.066,5.9189,5904.3,5.76,340.0,3.15,111.3,2,8.0,4855.0,4.542,0.12,0.778,0.769,287.73755,38.114559,14.521,1,confirmed
3648437,K01861.01,,CANDIDATE,17.50441726,0.006,4.2585,725.4,3.56,824.0,108.78,47.5,1,74.0,5815.0,4.16,-0.18,1.329,0.933,292.16617,38.739052,13.926,0,candidate
7877496,K00202.01,Kepler-412 b,CONFIRMED,1.72086129,0.725,2.0243,10184.5,13.25,1647.0,1743.61,1654.9,1,773.0,5742.0,4.297,0.26,1.215,1.068,286.11032,43.680962,14.309,1,confirmed
7286173,K01862.01,Kepler-986 b,CONFIRMED,56.4349933,0.019,4.7381,580.0,2.37,465.0,11.04,47.7,1,25.0,5534.0,4.381,0.0,1.001,0.88,293.09399,42.896431,13.668,1,confirmed
11126381,K01863.01,Kepler-1673 b,CONFIRMED,33.7888028,0.078,5.496,649.2,2.71,611.0,33.01,36.0,1,30.0,6202.0,4.436,-0.02,1.062,1.122,285.66711,48.719559,13.631,1,confirmed
4149450,K01864.01,Kepler-1772 b,CONFIRMED,3.215109385,0.954,4.365,158.0,1.54,1155.0,421.21,53.3,1,418.0,5541.0,4.472,0.12,0.934,0.942,289.43811,39.270359,13.405,1,confirmed
10136549,K01929.02,Kepler-337 b,CONFIRMED,3.29276797,0.663,4.8069,80.7,1.39,1458.0,1068.95,40.8,2,383.0,5683.0,4.108,0.1,1.472,1.014,290.06049,47.16396,12.727,1,confirmed
5511081,K01930.01,Kepler-338 b,CONFIRMED,13.72710334,0.025,7.3419,199.2,2.38,1005.0,241.58,62.5,4,74.0,5951.0,4.017,-0.08,1.693,1.086,282.97897,40.784351,12.119,1,confirmed
5511081,K01930.02,Kepler-338 c,CONFIRMED,24.3110031,0.146,8.7682,184.4,2.3,831.0,112.64,48.9,4,43.0,5951.0,4.017,-0.08,1.693,1.086,282.97897,40.784351,12.119,1,confirmed
5511081,K01930.03,Kepler-338 d,CONFIRMED,44.4304059,0.025,10.306,238.5,2.61,680.0,50.42,50.5,4,22.0,5951.0,4.017,-0.08,1.693,1.086,282.97897,40.784351,12.119,1,confirmed
5511081,K01930.04,Kepler-338 e,CONFIRMED,9.34145925,0.455,6.18,81.7,1.56,1143.0,403.44,29.4,4,101.0,5951.0,4.017,-0.08,1.693,1.086,282.97897,40.784351,12.119,1,confirmed
10978763,K01931.01,Kepler-339 b,CONFIRMED,4.97760447,0.474,2.5719,287.3,1.75,1023.0,258.91,27.5,3,272.0,5353.0,4.358,0.16,1.023,0.87,293.35172,48.444641,14.531,1,confirmed
11069176,K02007.02,Kepler-1050 c,CONFIRMED,21.1285655,0.36,3.852,176.7,2.88,935.0,180.55,12.5,2,58.0,5817.0,3.877,0.18,2.153,1.276,282.92499,48.626389,13.127,1,confirmed
6152974,K00216.02,Kepler-118 b,CONFIRMED,7.51854537,0.13,2.845,286.7,1.42,784.0,89.41,19.4,2,173.0,5064.0,4.474,0.18,0.864,0.811,299.21317,41.424831,14.711,1,confirmed
2449431,K02009.01,,CANDIDATE,86.7490807,0.003,9.179,547.1,2.23,398.0,5.94,35.7,1,14.0,5579.0,4.419,0.0,0.97,0.901,292.77399,37.797691,13.82,0,candidate
5631630,K02010.01,Kepler-1051 b,CONFIRMED,25.96190067,0.02,6.2732,350.3,3.25,850.0,123.11,37.5,1,43.0,6369.0,4.088,0.06,1.729,1.337,295.15811,40.898849,13.2,1,confirmed
6504954,K01790.01,Kepler-952 b,CONFIRMED,130.3543929,0.675,6.474,5128.7,7.7,369.0,4.36,103.7,1,9.0,5970.0,4.463,0.1,1.015,1.089,285.37195,41.993912,15.254,1,confirmed
9410930,K00196.01,Kepler-41 b,CONFIRMED,1.855557556,0.554,2.35672,10570.1,10.05,1436.0,1004.89,1853.8,1,725.0,5657.0,4.441,-0.08,0.947,0.903,294.51324,45.98164,14.465,1,confirmed
5731623,K01793.01,,CANDIDATE,3.261759866,0.949,1.7593,3876.1,8.01,1262.0,599.54,190.4,1,352.0,6131.0,4.497,-0.24,0.945,1.023,298.31674,40.996101,15.28,0,candidate
10676014,K01797.01,Kepler-954 b,CONFIRMED,16.78175788,0.502,3.7386,908.0,2.25,545.0,20.82,118.8,1,63.0,4925.0,4.588,0.0,0.742,0.778,295.85938,47.93951,12.971,1,confirmed
9520838,K01866.01,Kepler-987 b,CONFIRMED,105.3035093,0.027,6.214,1362.2,3.18,351.0,3.58,40.6,1,13.0,5534.0,4.515,0.0,0.875,0.914,289.41107,46.130852,14.986,1,confirmed
8167996,K01867.01,Kepler-327 b,CONFIRMED,2.549562652,0.047,1.6999,495.1,1.11,682.0,50.9,43.7,3,526.0,3716.0,4.74,0.04,0.506,0.513,292.64236,44.087669,15.018,1,confirmed
8167996,K01867.02,Kepler-327 d,CONFIRMED,13.96950181,0.901,1.5871,1110.0,2.04,387.0,5.29,37.0,3,89.0,3716.0,4.74,0.04,0.506,0.513,292.64236,44.087669,15.018,1,confirmed
8167996,K01867.03,Kepler-327 c,CONFIRMED,5.21230171,0.187,2.098,430.0,1.04,537.0,19.7,29.3,3,235.0,3716.0,4.74,0.04,0.506,0.513,292.64236,44.087669,15.018,1,confirmed
6773862,K01868.01,Kepler-988 b,CONFIRMED,17.76076524,0.627,1.6679,1287.2,1.93,368.0,4.34,42.6,1,76.0,3826.0,4.744,-0.06,0.516,0.54,290.7084,42.237251,15.22,1,confirmed
10978763,K01931.02,Kepler-339 d,CONFIRMED,10.55840479,0.31,3.366,194.2,1.41,796.0,94.94,14.6,3,119.0,5353.0,4.358,0.16,1.023,0.87,293.35172,48.444641,14.531,1,confirmed
10602291,K00210.01,,CANDIDATE,20.92735802,0.991,3.4256,8091.0,17.36,735.0,69.08,263.5,1,64.0,6126.0,4.358,-0.12,1.109,1.021,292.78235,47.800629,14.877,0,candidate
10978763,K01931.03,Kepler-339 c,CONFIRMED,6.98800953,0.024,3.103,193.2,1.39,914.0,164.86,17.1,3,179.0,5353.0,4.358,0.16,1.023,0.87,293.35172,48.444641,14.531,1,confirmed
5202905,K01932.01,Kepler-340 c,CONFIRMED,22.8245144,0.279,6.617,322.7,3.36,946.0,189.46,15.9,2,48.0,6642.0,4.057,-0.02,1.846,1.421,295.93347,40.300571,12.345,1,confirmed
9072190,K01933.01,Kepler-1018 b,CONFIRMED,49.1011093,0.52,6.341,845.6,3.28,498.0,14.57,39.7,1,27.0,5393.0,4.299,0.2,1.11,0.895,283.59668,45.407879,15.041,1,confirmed
5384079,K02011.01,Kepler-348 b,CONFIRMED,7.05675145,0.631,2.0261,130.0,1.68,1196.0,483.95,25.2,2,181.0,6388.0,4.244,0.1,1.402,1.259,297.25504,40.54837,12.556,1,confirmed
9839821,K02012.01,Kepler-1052 b,CONFIRMED,34.8536903,0.493,5.333,767.7,2.4,522.0,17.62,27.0,2,35.0,5818.0,4.554,-0.22,0.848,0.937,295.34271,46.602261,14.876,1,confirmed
4056616,K02013.01,Kepler-1053 b,CONFIRMED,2.41434868,0.221,1.2701,191.0,0.97,953.0,195.08,30.0,1,553.0,4507.0,4.573,0.18,0.724,0.715,291.41864,39.127419,13.156,1,confirmed
8492026,K02016.01,Kepler-1054 b,CONFIRMED,4.30656389,0.894,4.1107,257.0,1.95,1177.0,453.2,39.8,1,163.0,6108.0,4.466,0.07,1.03,1.132,290.60114,44.556381,14.136,1,confirmed
11017901,K01800.01,Kepler-447 b,CONFIRMED,7.794302043,1.06,1.1081,3387.4,16.51,882.0,142.82,159.2,1,139.0,5494.0,4.405,0.07,0.982,0.893,285.26859,48.560009,12.394,1,confirmed
5088591,K01801.01,Kepler-955 b,CONFIRMED,14.5324483,0.001,3.13,1355.9,3.11,664.0,46.06,16.5,1,94.0,5345.0,4.473,-0.12,0.86,0.802,288.47144,40.269791,14.625,1,confirmed
11298298,K01802.01,Kepler-956 b,CONFIRMED,5.248667607,0.847,1.917,601.2,2.84,1056.0,293.42,59.5,1,258.0,5807.0,4.437,0.1,1.012,1.021,292.53082,49.06171,13.345,1,confirmed
10187159,K01870.01,Kepler-989 b,CONFIRMED,7.96431492,0.189,1.5342,746.0,2.44,805.0,99.42,44.3,1,168.0,5185.0,4.44,0.16,0.91,0.831,281.58292,47.233631,14.425,1,confirmed
9758089,K01871.01,Kepler-1996 c,CONFIRMED,92.7297248,0.857,6.83,1257.5,2.81,276.0,1.38,43.3,2,13.0,4580.0,4.641,0.08,0.675,0.748,285.25366,46.582191,14.897,1,confirmed
10619192,K00203.01,Kepler-17 b,CONFIRMED,1.485710994,0.105,2.2874,20823.9,14.48,1562.0,1404.81,1176.6,1,724.0,5624.0,4.432,0.3,1.018,1.021,298.39526,47.81501,14.141,1,confirmed
9883311,K01872.01,,CANDIDATE,30.5231459,1.06,2.7286,2212.3,11.26,506.0,15.46,38.7,1,44.0,5518.0,4.585,-0.2,0.79,0.885,288.31332,46.771431,15.841,0,candidate
4939346,K01873.01,Kepler-328 c,CONFIRMED,71.3116598,0.035,8.813,2138.0,4.94,475.0,12.01,43.4,2,12.0,6194.0,4.445,0.07,1.069,1.161,295.8093,40.008511,15.674,1,confirmed
4242147,K01934.01,,CANDIDATE,28.78270955,0.002,3.451,864.5,2.11,443.0,9.09,40.1,1,50.0,4774.0,4.58,0.12,0.745,0.77,284.96967,39.360291,14.649,0,candidate
10190777,K01937.01,Kepler-1019 b,CONFIRMED,1.411230023,0.851,1.4325,388.2,1.71,1164.0,436.04,89.3,1,942.0,4575.0,4.564,0.18,0.737,0.726,283.71753,47.204449,13.59,1,confirmed
9651234,K01938.01,Kepler-1020 b,CONFIRMED,96.9151707,0.541,6.065,862.8,2.37,325.0,2.64,53.4,1,15.0,5162.0,4.559,0.0,0.791,0.826,292.67255,46.377419,14.031,1,confirmed
7045496,K01939.01,Kepler-1021 b,CONFIRMED,13.47472742,0.025,2.5995,729.6,1.96,634.0,38.21,25.3,1,98.0,5395.0,4.615,-0.34,0.734,0.821,295.2049,42.559681,15.164,1,confirmed
8750043,K02017.01,Kepler-1055 b,CONFIRMED,2.29503515,0.16,1.654,172.1,1.18,1304.0,681.51,11.6,1,581.0,5637.0,4.482,-0.06,0.909,0.914,290.48676,44.932621,13.09,1,confirmed
9973109,K02018.01,Kepler-1056 b,CONFIRMED,27.495634,0.664,4.858,483.3,2.11,590.0,28.66,24.7,2,43.0,5657.0,4.401,-0.48,0.911,0.762,299.526,46.899261,14.55,1,confirmed
6226290,K02019.01,Kepler-1057 b,CONFIRMED,14.08826442,0.133,4.1847,889.4,2.66,724.0,64.97,34.2,1,97.0,5853.0,4.529,-0.1,0.895,0.99,297.45215,41.558128,15.624,1,confirmed
9595827,K00217.01,Kepler-71 b,CONFIRMED,3.905081685,0.131,2.8213,21340.5,12.78,1046.0,282.59,1315.8,1,341.0,5543.0,4.54,0.21,0.887,0.997,294.86551,46.285851,15.127,1,confirmed
9349482,K02020.01,Kepler-1058 b,CONFIRMED,110.9643706,0.729,12.831,1283.2,2.11,239.0,0.77,42.1,1,13.0,4441.0,4.695,-0.86,0.546,0.538,294.59579,45.875031,15.498,1,confirmed
4349442,K01803.01,,CANDIDATE,4.539297295,0.83,1.9455,798.1,2.34,830.0,112.09,50.3,3,290.0,4914.0,4.61,-0.04,0.724,0.783,286.63553,39.488621,13.26,0,candidate
4644952,K01805.01,Kepler-319 c,CONFIRMED,6.94135824,0.871,1.8899,825.0,2.96,876.0,139.05,43.1,3,189.0,5527.0,4.491,-0.08,0.88,0.875,288.81195,39.77066,13.828,1,confirmed
2987027,K00197.01,Kepler-489 b,CONFIRMED,17.276296682,0.085,3.94738,10458.0,7.31,538.0,19.88,871.4,1,78.0,4941.0,4.599,0.0,0.738,0.79,290.83313,38.184349,14.018,1,confirmed
4644952,K01805.02,Kepler-319 d,CONFIRMED,31.7821117,0.17,3.856,570.2,2.08,528.0,18.32,21.6,3,44.0,5527.0,4.491,-0.08,0.88,0.875,288.81195,39.77066,13.828,1,confirmed
4644952,K01805.03,Kepler-319 b,CONFIRMED,4.36273233,0.732,2.2375,341.6,1.76,1023.0,258.7,25.6,3,296.0,5527.0,4.491,-0.08,0.88,0.875,288.81195,39.77066,13.828,1,confirmed
8978528,K01874.01,Kepler-329 c,CONFIRMED,18.6848377,0.405,3.7965,1251.5,1.93,402.0,6.16,41.2,2,69.0,4156.0,4.712,-0.44,0.545,0.559,299.26804,45.227428,15.434,1,confirmed
8978528,K01874.02,Kepler-329 b,CONFIRMED,7.41634701,0.476,2.1362,505.5,1.24,547.0,21.1,20.6,2,183.0,4156.0,4.712,-0.44,0.545,0.559,299.26804,45.227428,15.434,1,confirmed
9967771,K01875.01,Kepler-990 b,CONFIRMED,9.91724268,0.786,3.2241,457.9,2.85,903.0,157.41,38.8,2,94.0,5539.0,4.244,0.14,1.207,0.932,297.9382,46.881401,14.498,1,confirmed
11622600,K01876.01,Kepler-991 b,CONFIRMED,82.5341188,0.033,4.8556,1895.4,2.45,260.0,1.08,40.1,1,15.0,4316.0,4.678,-0.44,0.58,0.584,297.09067,49.626572,15.187,1,confirmed
10454632,K01877.01,Kepler-992 b,CONFIRMED,20.16037858,0.941,4.13,343.6,1.75,510.0,16.03,35.1,1,66.0,4975.0,4.614,0.02,0.724,0.818,284.4303,47.641781,13.389,1,confirmed
10005788,K01940.01,Kepler-1022 b,CONFIRMED,10.99470891,0.265,1.5929,884.7,1.71,512.0,16.24,32.7,2,125.0,4302.0,4.661,-0.44,0.586,0.573,289.35202,46.973728,15.389,1,confirmed
10005788,K01940.02,,CANDIDATE,6.73679732,,2.36,,,,,,2,,,,,,,289.35202,46.973728,15.389,0,candidate
10656508,K00211.01,,CANDIDATE,124.03589939,0.075,4.8472,7690.0,11.13,413.0,6.88,190.1,1,10.0,5822.0,4.244,0.14,1.28,1.047,287.97031,47.972099,14.989,0,candidate
2832589,K01942.01,Kepler-1978 b,CONFIRMED,10.84969477,0.55,3.474,1122.1,2.67,676.0,49.3,43.5,2,124.0,5251.0,4.592,-0.04,0.778,0.869,286.00674,38.009541,15.409,1,confirmed
2438513,K01944.01,Kepler-1777 b,CONFIRMED,12.18420006,0.746,2.5014,499.3,2.59,819.0,106.52,23.3,2,113.0,5771.0,4.374,0.06,1.068,0.984,290.32867,37.72311,13.982,1,confirmed
6356207,K02021.01,Kepler-1059 b,CONFIRMED,3.76417012,0.287,2.0111,558.4,1.7,908.0,160.99,27.2,1,301.0,5063.0,4.617,-0.14,0.728,0.813,289.22021,41.706478,15.484,1,confirmed
8564674,K02022.01,Kepler-349 b,CONFIRMED,5.92972237,0.048,2.518,412.1,1.92,972.0,210.95,8.9,2,225.0,5741.0,4.492,0.16,0.956,1.035,293.67648,44.615582,14.746,1,confirmed
8564674,K02022.02,Kepler-349 c,CONFIRMED,12.2476121,0.116,3.209,402.7,1.9,763.0,80.29,6.8,2,103.0,5741.0,4.492,0.16,0.956,1.035,293.67648,44.615582,14.746,1,confirmed
8578780,K02023.01,Kepler-1784 b,CONFIRMED,13.59051547,0.232,3.784,621.9,2.4,724.0,64.8,27.7,1,103.0,5442.0,4.409,0.1,0.974,0.887,297.95416,44.66748,15.15,1,confirmed
4544907,K02024.01,Kepler-1060 b,CONFIRMED,46.8776724,0.834,10.041,539.8,2.62,484.0,13.01,37.5,1,32.0,5504.0,4.418,0.2,0.993,0.943,286.02518,39.630932,14.632,1,confirmed
7761918,K01808.01,Kepler-1769 b,CONFIRMED,89.1935737,0.015,4.0104,868.3,3.81,483.0,12.83,43.5,1,16.0,6071.0,4.239,-0.06,1.295,1.061,294.74332,43.461208,12.487,1,confirmed
8240797,K01809.01,Kepler-321 c,CONFIRMED,13.09390911,0.86,2.2805,398.7,2.2,752.0,75.58,62.2,2,103.0,5772.0,4.487,0.1,0.956,1.022,294.45386,44.145973,12.706,1,confirmed
8240797,K01809.02,Kepler-321 b,CONFIRMED,4.915385452,0.484,2.7757,225.5,1.46,1042.0,279.43,65.6,2,271.0,5772.0,4.487,0.1,0.956,1.022,294.45386,44.145973,12.706,1,confirmed
9455325,K01813.01,Kepler-958 b,CONFIRMED,9.76785911,0.916,2.1649,585.4,2.54,749.0,74.48,54.1,1,137.0,5371.0,4.513,0.0,0.852,0.864,287.25668,46.066769,13.766,1,confirmed
3098810,K01878.01,Kepler-1773 b,CONFIRMED,40.80957343,0.949,3.158,436.1,3.44,623.0,35.68,39.3,1,33.0,6183.0,4.301,0.26,1.3,1.241,286.22324,38.258171,12.988,1,confirmed
8367644,K01879.01,Kepler-993 b,CONFIRMED,22.08551599,0.656,2.1727,3157.4,3.34,352.0,3.63,48.5,1,49.0,3828.0,4.712,0.3,0.565,0.6,292.61411,44.394661,15.967,1,confirmed
10332883,K01880.01,Kepler-994 b,CONFIRMED,1.151166776,0.029,1.0907,578.4,1.28,957.0,199.25,83.7,1,1163.0,3951.0,4.73,-0.16,0.535,0.561,289.07224,47.40707,14.44,1,confirmed
9305831,K00204.01,Kepler-44 b,CONFIRMED,3.246732048,0.475,3.0535,6998.2,12.4,1459.0,1072.7,775.0,1,415.0,5763.0,4.15,0.26,1.457,1.093,300.10236,45.762138,14.678,1,confirmed
11656918,K01945.01,Kepler-1023 b,CONFIRMED,62.1385979,0.699,4.2938,886.3,5.14,524.0,17.88,36.1,2,23.0,5123.0,3.992,0.2,1.621,0.941,289.02975,49.769711,14.52,1,confirmed
11656918,K01945.02,,CANDIDATE,17.1181036,0.4346,1.29,167.7,1.22,654.0,43.25,6.1,2,,5576.0,4.515,0.3,0.929,1.031,289.02975,49.769711,14.52,0,candidate
10844890,K01946.01,,CANDIDATE,8.29482811,0.932,2.7437,559.5,2.76,876.0,139.38,38.1,1,137.0,5773.0,4.478,-0.04,0.939,0.967,283.34427,48.223911,14.469,0,candidate
4636578,K02025.01,Kepler-350 c,CONFIRMED,17.84850835,0.849,5.8919,391.2,3.29,888.0,146.82,43.5,3,73.0,6188.0,4.152,-0.08,1.465,1.111,285.41962,39.706108,13.781,1,confirmed
4636578,K02025.02,Kepler-350 d,CONFIRMED,26.1363443,0.187,6.613,362.2,2.8,782.0,88.29,38.1,3,52.0,6188.0,4.152,-0.08,1.465,1.111,285.41962,39.706108,13.781,1,confirmed
4636578,K02025.03,Kepler-350 b,CONFIRMED,11.1895709,0.541,5.3,143.3,1.81,1037.0,273.37,19.9,3,111.0,6188.0,4.152,-0.08,1.465,1.111,285.41962,39.706108,13.781,1,confirmed
11923284,K02026.01,Kepler-1061 b,CONFIRMED,2.757977384,0.875,2.1489,211.0,1.69,1332.0,744.97,22.5,1,487.0,5919.0,4.435,-0.08,1.0,0.994,296.23001,50.27523,13.263,1,confirmed
5621125,K01814.01,Kepler-959 b,CONFIRMED,14.80075082,0.367,5.762,501.4,17.38,1912.0,3158.09,54.0,1,94.0,6327.0,3.092,0.56,7.663,2.646,292.17117,40.811378,12.538,1,confirmed
9872283,K01815.01,Kepler-960 b,CONFIRMED,3.126861192,0.603,1.1926,794.6,5.12,1391.0,886.72,94.6,2,427.0,4854.0,3.939,0.56,1.749,0.97,281.45718,46.746471,13.884,1,confirmed
8624520,K01816.01,,CANDIDATE,10.240611361,0.786,0.9617,2958.0,3.9,656.0,43.85,72.0,1,133.0,5227.0,4.623,-0.94,0.64,0.628,291.68329,44.75164,15.408,0,candidate
7870032,K01818.01,Kepler-961 b,CONFIRMED,16.87725775,0.516,3.7917,818.4,2.54,642.0,40.09,43.1,1,79.0,5497.0,4.512,0.0,0.872,0.901,282.03549,43.631271,14.101,1,confirmed
9597058,K01819.01,Kepler-962 b,CONFIRMED,12.05705659,0.548,2.3462,523.9,1.96,689.0,53.26,20.8,1,108.0,5365.0,4.537,0.0,0.834,0.873,295.31314,46.237492,13.576,1,confirmed
4035640,K01881.01,Kepler-995 b,CONFIRMED,28.26727385,0.01,4.5839,1160.2,2.93,517.0,16.84,42.1,1,46.0,5132.0,4.457,0.16,0.886,0.82,284.61572,39.131039,14.907,1,confirmed
6205228,K01882.01,Kepler-996 b,CONFIRMED,3.770590654,0.24,2.029,314.4,2.13,1272.0,619.65,37.1,1,353.0,5714.0,4.274,0.14,1.208,0.999,291.91281,41.533611,14.668,1,confirmed
11758544,K01883.01,Kepler-997 b,CONFIRMED,2.7073064,0.007,3.4378,69.5,1.36,1709.0,2012.12,31.7,1,496.0,6045.0,4.069,0.02,1.629,1.133,289.23337,49.938931,11.894,1,confirmed
4851530,K01884.01,,CANDIDATE,23.11707222,0.807,3.9948,2407.5,4.37,548.0,21.26,61.2,2,40.0,5275.0,4.505,-0.3,0.796,0.739,295.9024,39.918362,15.462,0,candidate
4851530,K01884.02,,CANDIDATE,4.77502117,0.518,1.7087,451.4,1.73,926.0,174.23,16.7,2,174.0,5275.0,4.505,-0.3,0.796,0.739,295.9024,39.918362,15.462,0,candidate
3118797,K01950.01,Kepler-1024 b,CONFIRMED,66.4159789,0.371,7.061,2053.2,3.44,376.0,4.71,33.6,1,17.0,5383.0,4.603,-0.22,0.759,0.851,291.95099,38.251701,15.983,1,confirmed
7747425,K01952.01,Kepler-341 c,CONFIRMED,8.0103929,0.045,4.2713,294.1,1.88,940.0,184.38,34.6,4,166.0,5616.0,4.327,0.14,1.111,0.957,289.86157,43.472771,14.601,1,confirmed
6300348,K00212.01,,CANDIDATE,5.69590202,0.049,3.5661,4921.1,6.61,1043.0,279.61,391.2,1,121.0,6106.0,4.497,-0.24,0.94,1.013,296.1398,41.60318,14.858,0,candidate
7747425,K01952.02,Kepler-341 d,CONFIRMED,27.6666375,0.519,6.315,324.0,2.04,622.0,35.27,24.4,4,46.0,5616.0,4.327,0.14,1.111,0.957,289.86157,43.472771,14.601,1,confirmed
7747425,K01952.03,Kepler-341 b,CONFIRMED,5.19559398,0.054,3.748,116.0,1.18,1085.0,327.78,16.0,4,240.0,5616.0,4.327,0.14,1.111,0.957,289.86157,43.472771,14.601,1,confirmed
7102316,K02028.01,Kepler-351 c,CONFIRMED,57.2488518,0.022,6.083,1455.6,3.19,431.0,8.17,29.8,3,23.0,5642.0,4.542,-0.14,0.846,0.91,286.4527,42.657879,15.99,1,confirmed
7102316,K02028.02,Kepler-351 b,CONFIRMED,37.0551726,0.884,5.439,1028.8,3.19,498.0,14.59,23.2,3,37.0,5642.0,4.542,-0.14,0.846,0.91,286.4527,42.657879,15.99,1,confirmed
9489524,K02029.01,Kepler-352 c,CONFIRMED,16.33269981,0.893,2.174,300.4,1.61,591.0,28.76,17.5,4,80.0,5208.0,4.563,-0.14,0.772,0.796,299.89651,46.051971,12.957,1,confirmed
9489524,K02029.02,Kepler-352 b,CONFIRMED,10.05550267,0.061,2.951,147.7,0.92,694.0,54.96,13.6,4,136.0,5208.0,4.563,-0.14,0.772,0.796,299.89651,46.051971,12.957,1,confirmed
5940165,K02031.01,Kepler-1062 b,CONFIRMED,9.30413878,0.488,1.9254,637.3,1.67,583.0,27.35,24.2,1,111.0,4458.0,4.611,-0.16,0.658,0.645,283.89941,41.221611,14.796,1,confirmed
8277797,K01820.01,Kepler-322 c,CONFIRMED,4.33722007,0.053,2.4973,358.5,1.63,996.0,231.86,47.9,2,309.0,5390.0,4.499,0.06,0.876,0.883,281.34882,44.295238,13.53,1,confirmed
8277797,K01820.02,Kepler-322 b,CONFIRMED,1.653889476,0.226,1.7242,124.4,0.97,1373.0,838.03,22.3,2,756.0,5390.0,4.499,0.06,0.876,0.883,281.34882,44.295238,13.53,1,confirmed
5124667,K01822.01,Kepler-1672 b,CONFIRMED,150.8783198,0.022,8.6797,659.9,4.37,423.0,7.56,70.6,1,9.0,5504.0,3.999,0.3,1.737,1.099,297.94016,40.278629,12.443,1,confirmed
2989404,K01824.01,Kepler-323 c,CONFIRMED,3.553831111,0.74,3.1029,191.8,1.62,1292.0,658.37,77.4,2,377.0,6015.0,4.37,-0.12,1.081,0.998,291.38223,38.127468,12.722,1,confirmed
2989404,K01824.02,Kepler-323 b,CONFIRMED,1.6783263,0.91,2.5123,146.3,1.57,1659.0,1797.15,76.1,2,727.0,6015.0,4.37,-0.12,1.081,0.998,291.38223,38.127468,12.722,1,confirmed
11413812,K01885.01,Kepler-998 b,CONFIRMED,5.65378163,0.439,1.9483,366.8,1.82,1020.0,256.14,37.8,1,234.0,5988.0,4.507,-0.12,0.934,1.021,296.75415,49.20874,14.377,1,confirmed
9549648,K01886.01,Kepler-999 b,CONFIRMED,5.99185827,0.905,1.7215,186.3,2.75,1355.0,796.76,32.1,1,223.0,6157.0,4.049,-0.02,1.695,1.173,299.66046,46.198421,12.239,1,confirmed
10063802,K01888.01,Kepler-1000 b,CONFIRMED,120.0183551,0.58,11.637,886.0,4.54,473.0,11.84,46.1,1,12.0,6469.0,4.253,0.44,1.467,1.406,286.68552,47.098221,13.256,1,confirmed
11074178,K01889.01,Kepler-1001 b,CONFIRMED,14.30517579,0.924,4.535,863.4,3.05,693.0,54.59,37.5,2,74.0,5741.0,4.555,-0.16,0.846,0.938,286.27386,48.61871,15.338,1,confirmed
11074178,K01889.02,Kepler-1001 c,CONFIRMED,9.18189122,0.971,4.343,363.6,2.17,804.0,98.61,18.2,2,116.0,5741.0,4.555,-0.16,0.846,0.938,286.27386,48.61871,15.338,1,confirmed
11030475,K02248.04,,CANDIDATE,2.64622742,0.478,1.407,155.5,0.99,1082.0,324.38,8.4,4,380.0,5167.0,4.555,-0.04,0.787,0.812,292.23993,48.51157,15.498,0,candidate
5942808,K02250.01,Kepler-1814 b,CONFIRMED,2.935362067,0.86,1.5043,1052.6,3.15,1022.0,258.48,38.0,2,281.0,4922.0,4.505,0.2,0.823,0.79,285.21667,41.282429,15.622,1,confirmed
6206214,K02252.01,Kepler-1158 b,CONFIRMED,13.53953595,0.219,4.389,134.2,2.32,1079.0,320.19,21.8,1,98.0,6109.0,3.985,0.2,1.997,1.406,292.23395,41.575211,13.628,1,confirmed
8959839,K02253.01,Kepler-1159 b,CONFIRMED,22.7082375,0.032,3.503,298.8,1.72,677.0,49.67,22.0,1,61.0,6170.0,4.472,-0.16,0.992,1.063,294.26633,45.204311,14.574,1,confirmed
7672097,K02255.01,Kepler-1160 b,CONFIRMED,7.97033985,0.107,2.6675,490.8,1.81,839.0,116.77,23.5,1,166.0,5774.0,4.567,-0.3,0.818,0.907,287.87939,43.364071,15.833,1,confirmed
5599774,K02337.01,Kepler-1195 b,CONFIRMED,8.49640437,0.628,2.2128,834.0,2.14,702.0,57.43,21.8,1,120.0,5093.0,4.586,-0.38,0.709,0.707,284.3511,40.852982,15.888,1,confirmed
8099138,K02338.01,Kepler-1196 b,CONFIRMED,66.1843646,0.877,5.155,560.5,2.72,436.0,8.57,21.3,1,20.0,5640.0,4.447,0.14,0.978,0.977,292.36957,43.910809,14.862,1,confirmed
7033233,K02339.01,Kepler-1197 b,CONFIRMED,2.032318856,0.009,1.1596,287.5,1.12,1011.0,247.21,20.4,2,660.0,4670.0,4.635,0.06,0.682,0.761,291.66928,42.59071,15.13,1,confirmed
7033233,K02339.02,,CANDIDATE,65.18703725,,5.44,,,,,,2,,,,,,,291.66928,42.59071,15.13,0,candidate
6383785,K00239.02,Kepler-501 c,CONFIRMED,3.62275506,0.007,2.7868,180.6,1.62,1304.0,683.84,22.3,2,343.0,5794.0,4.282,0.14,1.216,1.032,297.20154,41.730209,14.762,1,confirmed
9411412,K02101.01,Kepler-1096 b,CONFIRMED,2.892216772,0.806,1.3596,360.5,1.31,794.0,93.66,23.9,1,466.0,4229.0,4.655,-0.12,0.615,0.625,294.70938,45.969501,15.068,1,confirmed
7008211,K02102.01,Kepler-1097 b,CONFIRMED,187.746606,0.015,5.885,1583.0,2.95,267.0,1.2,20.2,1,6.0,5303.0,4.55,-0.4,0.753,0.734,281.59415,42.596409,15.206,1,confirmed
7620413,K02103.01,Kepler-1098 b,CONFIRMED,2.543063763,0.215,2.8473,152.0,1.26,1319.0,716.3,26.5,2,532.0,5579.0,4.389,0.14,1.029,0.945,295.50269,43.232792,14.736,1,confirmed
4545187,K00223.01,Kepler-121 b,CONFIRMED,3.177414601,0.786,1.5262,1134.3,2.65,997.0,233.26,113.7,2,421.0,5303.0,4.63,-0.38,0.708,0.785,286.16205,39.678001,14.708,1,confirmed
10854546,K02104.01,Kepler-1099 b,CONFIRMED,2.168451063,0.207,1.458,466.9,2.41,1558.0,1389.18,45.5,1,623.0,6153.0,4.382,0.02,1.109,1.077,288.74994,48.277168,15.141,1,confirmed
11774991,K02173.01,Kepler-367 b,CONFIRMED,37.8154157,0.533,4.662,286.4,1.21,401.0,6.09,22.4,2,38.0,4856.0,4.624,0.0,0.705,0.79,297.29242,49.981628,12.879,1,confirmed
11774991,K02173.02,Kepler-367 c,CONFIRMED,53.5783052,0.769,5.194,224.9,1.16,357.0,3.82,15.4,2,27.0,4856.0,4.624,0.0,0.705,0.79,297.29242,49.981628,12.879,1,confirmed
8261920,K02174.01,,CANDIDATE,6.69332825,0.952,2.311,781.8,2.44,609.0,32.54,23.4,4,195.0,4245.0,4.641,0.0,0.637,0.649,300.24222,44.141399,15.673,0,candidate
8261920,K02174.02,Kepler-1802 c,CONFIRMED,33.1362861,0.791,4.163,825.2,2.05,357.0,3.86,16.3,4,37.0,4245.0,4.641,0.0,0.637,0.649,300.24222,44.141399,15.673,1,confirmed
8261920,K02174.03,Kepler-1802 b,CONFIRMED,7.72513619,0.954,2.042,382.2,1.71,581.0,26.91,10.5,4,84.0,4245.0,4.641,0.0,0.637,0.649,300.24222,44.141399,15.673,1,confirmed
9112931,K02256.01,Kepler-1161 b,CONFIRMED,10.71253475,0.72,2.7186,1198.6,2.02,485.0,13.09,31.2,1,105.0,4175.0,4.715,-0.46,0.544,0.561,299.07709,45.440639,15.813,1,confirmed
9071593,K02257.01,Kepler-1162 b,CONFIRMED,32.5635249,0.371,5.418,578.3,2.05,490.0,13.63,24.1,2,44.0,5225.0,4.505,0.14,0.859,0.861,283.29214,45.434109,15.48,1,confirmed
8126558,K02259.01,Kepler-1815 b,CONFIRMED,12.19140405,0.091,1.8832,665.8,2.46,763.0,80.01,19.4,1,111.0,5516.0,4.399,-0.06,0.967,0.856,300.1705,43.98497,15.364,1,confirmed
11811193,K02260.01,Kepler-1163 b,CONFIRMED,6.11784972,0.391,3.458,60.5,1.05,1211.0,509.24,25.8,1,218.0,6226.0,4.247,0.02,1.333,1.143,290.23584,50.03009,12.168,1,confirmed
3734418,K02261.01,Kepler-1164 b,CONFIRMED,3.97599629,0.331,2.2029,206.0,1.11,936.0,181.47,27.3,2,335.0,5143.0,4.561,-0.06,0.778,0.803,287.52963,38.894508,14.11,1,confirmed
8681734,K02340.01,Kepler-1198 b,CONFIRMED,7.68478504,0.045,2.447,274.1,1.47,830.0,112.06,21.4,1,170.0,5344.0,4.469,0.14,0.907,0.884,288.83401,44.838249,14.776,1,confirmed
10212441,K02342.01,Kepler-1199 b,CONFIRMED,15.0447098,0.022,5.823,97.9,1.51,931.0,177.24,23.4,2,89.0,5798.0,4.025,-0.4,1.525,0.899,293.72586,47.24704,13.037,1,confirmed
6119141,K02343.01,,CANDIDATE,29.0726293,0.682,2.516,439.6,2.32,614.0,33.69,20.9,1,45.0,5799.0,4.37,-0.12,1.042,0.928,290.37512,41.43375,14.409,0,candidate
8247771,K02344.01,Kepler-1200 b,CONFIRMED,1.118547814,0.221,1.5534,234.8,0.98,1174.0,447.97,21.7,1,1192.0,4496.0,4.65,0.06,0.658,0.725,296.60342,44.129261,15.793,1,confirmed
8165946,K02105.01,Kepler-1100 b,CONFIRMED,6.42199919,0.281,2.6192,161.6,1.25,1000.0,236.21,25.4,1,209.0,5985.0,4.468,-0.04,0.981,1.03,291.87134,44.087379,13.862,1,confirmed
12017109,K02106.01,Kepler-1679 b,CONFIRMED,9.75374033,0.295,2.348,430.8,1.87,813.0,103.3,18.9,1,139.0,5806.0,4.528,-0.04,0.899,0.996,293.90057,50.427052,15.158,1,confirmed
9225395,K02107.01,Kepler-1101 b,CONFIRMED,81.3153052,0.013,5.807,715.5,2.55,393.0,5.64,20.7,1,15.0,5325.0,4.39,0.12,0.975,0.852,294.56937,45.671261,15.111,1,confirmed
10709622,K02108.01,Kepler-1102 b,CONFIRMED,51.3283527,0.582,9.357,692.3,3.06,546.0,21.06,34.7,1,28.0,6119.0,4.353,-0.1,1.119,1.027,281.32257,48.066502,14.955,1,confirmed
11499228,K02109.01,Kepler-1103 b,CONFIRMED,19.7919389,0.954,3.787,383.7,2.58,736.0,69.48,22.8,1,50.0,6285.0,4.441,-0.18,1.039,1.084,287.38208,49.452389,14.09,1,confirmed
9022166,K02175.01,Kepler-368 b,CONFIRMED,26.8475962,0.457,10.068,254.1,3.2,800.0,96.89,39.2,2,27.0,5508.0,3.897,0.1,1.988,1.136,291.88004,45.387932,12.848,1,confirmed
10965588,K02177.01,Kepler-1132 b,CONFIRMED,62.8917493,0.632,6.831,791.0,2.5,384.0,5.13,22.6,1,19.0,5052.0,4.48,0.16,0.855,0.805,286.36746,48.423931,15.481,1,confirmed
10670119,K02179.01,Kepler-369 c,CONFIRMED,14.87149773,0.018,2.4076,944.9,1.59,391.0,5.51,27.3,2,74.0,3825.0,4.749,0.07,0.524,0.561,293.67422,47.908459,15.673,1,confirmed
10670119,K02179.02,Kepler-369 b,CONFIRMED,2.732767897,0.748,1.1102,613.1,1.42,687.0,52.68,27.0,2,407.0,3825.0,4.749,0.07,0.524,0.561,293.67422,47.908459,15.673,1,confirmed
8491277,K00234.01,Kepler-498 b,CONFIRMED,9.61375316,0.604,4.654,797.9,3.27,931.0,177.26,108.6,1,142.0,5997.0,4.364,0.02,1.11,1.037,290.35815,44.518749,14.283,1,confirmed
3734418,K02261.02,,CANDIDATE,6.6254781,0.2113,2.358,122.0,0.9,828.0,111.18,2.7,2,,5211.0,4.5,-0.04,0.832,0.799,287.52963,38.894508,14.11,0,candidate
8613535,K02263.01,Kepler-1165 c,CONFIRMED,29.9685917,0.282,6.678,309.5,1.91,644.0,40.76,26.5,3,47.0,6249.0,4.428,-0.04,1.076,1.13,286.97128,44.708302,14.456,1,confirmed
12256520,K02264.01,Kepler-1166 b,CONFIRMED,33.2407985,0.231,4.675,341.9,1.51,486.0,13.17,20.4,2,38.0,5382.0,4.571,0.1,0.827,0.928,290.34851,50.902851,14.477,1,confirmed
5629538,K02345.01,Kepler-1201 b,CONFIRMED,15.18727049,0.839,4.509,292.5,1.94,789.0,91.56,21.4,1,73.0,6136.0,4.414,-0.36,1.005,0.956,294.61481,40.833172,14.724,1,confirmed
8561231,K02346.01,Kepler-1202 b,CONFIRMED,28.6853212,0.922,6.307,689.1,2.69,547.0,21.09,23.8,1,44.0,5726.0,4.559,-0.18,0.838,0.93,292.29062,44.653252,15.658,1,confirmed
8235924,K02347.01,Kepler-1203 b,CONFIRMED,0.588001053,0.403,1.1451,297.4,0.99,1188.0,473.45,50.9,1,2275.0,3814.0,4.687,0.24,0.57,0.576,292.77338,44.178131,14.934,1,confirmed
6941084,K02348.01,Kepler-1204 b,CONFIRMED,85.7357202,0.033,7.625,747.7,2.94,448.0,9.54,20.8,1,17.0,6096.0,4.397,-0.04,1.077,1.054,289.4415,42.498131,15.301,1,confirmed
6200235,K02350.01,Kepler-1205 b,CONFIRMED,1.078389713,0.846,1.3394,300.5,1.98,1667.0,1817.38,23.6,1,1239.0,5325.0,4.384,0.14,0.985,0.857,290.27969,41.515049,15.143,1,confirmed
11460462,K02110.01,Kepler-1104 b,CONFIRMED,5.03728033,0.96,2.0619,76.3,1.55,1321.0,720.22,20.9,1,269.0,6387.0,4.271,0.2,1.381,1.306,294.46854,49.33102,12.189,1,confirmed
8612275,K02111.01,Kepler-360 b,CONFIRMED,3.289726319,0.052,2.3274,234.9,1.37,1116.0,367.18,27.0,2,407.0,5463.0,4.492,0.16,0.91,0.937,286.28473,44.781551,14.866,1,confirmed
8612275,K02111.02,Kepler-360 c,CONFIRMED,7.18644594,0.892,1.4972,402.0,2.19,860.0,129.48,23.8,2,172.0,5463.0,4.492,0.16,0.91,0.937,286.28473,44.781551,14.866,1,confirmed
7207061,K02113.01,Kepler-417 c,CONFIRMED,15.94248453,0.022,3.4894,1093.7,2.62,616.0,34.06,34.3,2,73.0,5376.0,4.576,-0.02,0.806,0.897,293.82431,42.779701,15.886,1,confirmed
4545187,K00223.02,Kepler-121 c,CONFIRMED,41.0081117,0.878,4.376,1004.5,2.64,425.0,7.72,43.9,2,28.0,5303.0,4.63,-0.38,0.708,0.785,286.16205,39.678001,14.708,1,confirmed
7286911,K02180.01,Kepler-1133 b,CONFIRMED,11.55562042,0.874,1.6758,441.5,2.11,703.0,57.75,22.7,1,117.0,5420.0,4.555,0.14,0.85,0.945,293.32242,42.86747,14.816,1,confirmed
8591173,K02181.01,Kepler-1804 b,CONFIRMED,12.2885046,0.632,2.807,342.1,3.22,913.0,164.61,12.0,1,111.0,5109.0,3.96,0.1,1.671,0.929,301.34286,44.672211,14.414,1,confirmed
6962109,K02182.01,Kepler-1134 b,CONFIRMED,17.13263125,0.298,3.0555,850.2,2.31,611.0,32.91,26.4,1,66.0,5477.0,4.578,-0.16,0.794,0.876,295.56799,42.478298,15.842,1,confirmed
5706595,K02183.01,Kepler-370 c,CONFIRMED,19.0231361,0.698,3.431,401.6,2.04,647.0,41.5,19.7,3,70.0,5569.0,4.459,0.14,0.954,0.955,292.17114,40.916309,15.198,1,confirmed
5706595,K02183.02,Kepler-370 b,CONFIRMED,4.57948235,0.055,3.106,207.1,1.35,1040.0,276.82,20.0,3,285.0,5569.0,4.459,0.14,0.954,0.955,292.17114,40.916309,15.198,1,confirmed
10489345,K02266.01,Kepler-1167 b,CONFIRMED,1.003931703,0.023,1.4361,491.1,1.6,1419.0,962.58,25.2,1,858.0,4949.0,4.552,-0.18,0.741,0.715,298.30273,47.694031,15.942,1,confirmed
10329469,K02271.01,Kepler-1168 b,CONFIRMED,55.8224775,0.031,5.457,879.6,2.13,379.0,4.85,23.7,1,22.0,5162.0,4.611,-0.18,0.736,0.817,287.2977,47.455441,15.624,1,confirmed
9654875,K02272.01,,CANDIDATE,1.34145255,0.68,7.502,26.6,1.31,3015.0,19568.74,31.2,1,1006.0,7495.0,3.926,-0.1,2.389,1.754,294.15366,46.309681,12.783,0,candidate
9717943,K02273.01,Kepler-1169 b,CONFIRMED,6.11010439,0.284,2.314,59.7,0.93,1125.0,378.84,11.8,1,218.0,6213.0,4.387,0.36,1.195,1.27,294.91156,46.491459,12.716,1,confirmed
8026752,K00240.01,Kepler-502 b,CONFIRMED,4.286866229,0.757,4.4726,1321.9,4.14,1217.0,517.66,167.3,1,316.0,6228.0,4.441,-0.08,1.049,1.107,291.08014,43.860199,14.982,1,confirmed
1872821,K02351.01,Kepler-1828 b,CONFIRMED,10.27380957,0.125,3.252,352.8,1.68,799.0,96.27,19.2,1,126.0,5806.0,4.528,-0.04,0.899,0.996,292.42758,37.320808,14.909,1,confirmed
8013439,K02352.01,Kepler-381 c,CONFIRMED,13.39155154,0.539,3.391,48.9,1.58,1180.0,459.23,24.5,3,95.0,6197.0,3.837,-0.32,2.188,1.198,285.1828,43.831078,10.421,1,confirmed
8013439,K02352.02,Kepler-381 b,CONFIRMED,5.62904396,0.237,3.7295,39.5,1.39,1576.0,1459.41,32.2,3,237.0,6197.0,3.837,-0.32,2.188,1.198,285.1828,43.831078,10.421,1,confirmed
8013439,K02352.03,Kepler-381 d,CONFIRMED,8.2562857,0.816,2.0378,37.3,1.49,1387.0,874.56,18.2,3,140.0,6197.0,3.837,-0.32,2.188,1.198,285.1828,43.831078,10.421,1,confirmed
7207061,K02113.02,Kepler-417 b,CONFIRMED,12.33087921,0.011,3.0664,872.2,2.34,671.0,47.99,28.3,2,88.0,5376.0,4.576,-0.02,0.806,0.897,293.82431,42.779701,15.886,1,confirmed
6921944,K02114.01,Kepler-1105 b,CONFIRMED,4.421566535,0.869,2.1229,684.0,2.19,729.0,66.94,31.9,1,307.0,4299.0,4.604,0.38,0.697,0.713,281.11176,42.45491,15.18,1,confirmed
9532052,K02115.01,Kepler-67 b,CONFIRMED,15.72585941,0.122,3.8284,1313.1,2.69,602.0,31.13,32.7,1,70.0,5332.0,4.597,-0.22,0.755,0.824,294.15332,46.166439,16.144,1,confirmed
8164012,K02116.01,Kepler-1106 b,CONFIRMED,1.252753881,0.4,2.1472,200.0,2.44,2199.0,5545.35,40.5,1,1069.0,5907.0,4.041,0.16,1.705,1.165,291.1452,44.062538,14.69,1,confirmed
4140813,K02117.01,Kepler-1795 b,CONFIRMED,13.36019864,0.534,2.788,699.9,1.84,520.0,17.3,21.3,1,103.0,4500.0,4.638,0.28,0.688,0.768,286.47934,39.269958,15.637,1,confirmed
8611781,K02185.01,Kepler-1135 b,CONFIRMED,76.957056,0.638,9.551,367.1,2.09,451.0,9.81,26.5,1,17.0,5878.0,4.363,-0.24,1.041,0.912,286.00296,44.756592,14.353,1,confirmed
3097926,K02186.01,,CANDIDATE,14.97974335,0.93,4.126,1211.8,3.79,620.0,34.95,33.2,1,72.0,5062.0,4.481,0.14,0.853,0.803,285.90848,38.212719,15.549,0,candidate
10518424,K02188.02,,CANDIDATE,6.7445683,0.1199,3.813,86.6,0.86,983.0,220.68,6.8,2,,6106.0,4.496,-0.34,0.923,0.974,283.75385,47.796951,15.319,0,candidate
5730445,K02189.01,,CANDIDATE,33.35859852,0.937,2.286,1825.9,4.44,459.0,10.46,32.2,1,30.0,5009.0,4.515,0.0,0.799,0.763,298.07474,40.94899,15.253,0,candidate
5601258,K02191.01,Kepler-1805 b,CONFIRMED,8.84784273,0.047,2.0572,460.2,1.15,479.0,12.48,21.1,1,120.0,3867.0,4.718,0.1,0.552,0.581,285.08655,40.898998,14.911,1,confirmed
7960980,K02274.01,Kepler-1170 b,CONFIRMED,9.98970266,0.005,3.7,988.4,2.48,705.0,58.26,24.1,1,62.0,5265.0,4.58,0.14,0.81,0.91,292.16858,43.779671,15.909,1,confirmed
8107225,K00235.01,Kepler-499 b,CONFIRMED,5.63252508,0.455,2.1448,634.4,2.04,844.0,119.75,70.9,1,241.0,5216.0,4.58,0.14,0.804,0.896,295.10995,43.915211,14.353,1,confirmed
3458028,K02276.01,Kepler-1171 b,CONFIRMED,1.442592305,0.207,2.9698,166.0,2.67,2700.0,12557.23,27.1,1,742.0,7216.0,3.983,-0.36,2.043,1.462,294.95892,38.591572,11.558,1,confirmed
3342794,K02278.01,Kepler-376 c,CONFIRMED,14.17222858,0.869,2.6297,246.8,2.39,873.0,137.33,24.5,2,94.0,5845.0,4.2,-0.02,1.314,0.998,291.60718,38.410389,13.776,1,confirmed
3342794,K02278.02,Kepler-376 b,CONFIRMED,4.92031063,0.242,4.046,81.0,1.18,1242.0,562.99,17.7,2,272.0,5845.0,4.2,-0.02,1.314,0.998,291.60718,38.410389,13.776,1,confirmed
5716932,K02358.01,Kepler-1830 b,CONFIRMED,56.4931698,0.707,8.704,411.9,4.43,681.0,50.79,31.8,1,19.0,6160.0,3.976,0.24,2.046,1.443,295.1391,40.979061,13.524,1,confirmed
11288051,K00241.01,Kepler-124 c,CONFIRMED,13.82142084,0.904,3.985,765.2,2.2,560.0,23.15,75.3,3,76.0,4983.0,4.66,-0.44,0.651,0.715,286.75278,49.064911,14.139,1,confirmed
11566256,K02361.01,Kepler-1831 b,CONFIRMED,5.78387049,0.227,1.3966,413.3,2.07,1051.0,288.69,20.7,1,236.0,6063.0,4.476,0.07,1.012,1.117,295.30255,49.589119,15.049,1,confirmed
8495415,K02362.02,Kepler-1208 b,CONFIRMED,11.08507658,0.819,1.751,771.8,2.5,665.0,46.17,17.7,2,96.0,5080.0,4.538,0.0,0.793,0.792,291.88126,44.555729,15.938,1,confirmed
4055304,K02119.01,Kepler-1107 b,CONFIRMED,0.571038347,0.876,1.1267,242.1,1.65,1897.0,3069.59,38.2,1,2340.0,5132.0,4.457,0.16,0.886,0.82,291.04993,39.14167,14.098,1,confirmed
4857213,K02120.01,Kepler-1680 b,CONFIRMED,8.77425786,0.917,2.2245,239.6,1.75,771.0,83.63,22.3,1,154.0,5146.0,4.445,0.2,0.905,0.832,297.07465,39.933849,13.714,1,confirmed
9415108,K02121.01,Kepler-1108 b,CONFIRMED,4.51005082,0.115,2.1533,294.8,1.74,1063.0,301.74,21.5,1,299.0,5362.0,4.352,0.16,1.032,0.873,296.04233,45.985142,14.979,1,confirmed
4262581,K02122.01,Kepler-1109 b,CONFIRMED,37.6468519,0.008,6.344,427.4,5.37,787.0,90.85,31.0,1,34.0,5443.0,3.74,0.26,2.652,1.41,291.64624,39.396629,14.288,1,confirmed
8591693,K02123.01,Kepler-1796 b,CONFIRMED,29.4557841,0.018,3.451,533.8,2.19,598.0,30.3,26.6,1,45.0,6036.0,4.491,-0.16,0.949,1.018,301.54297,44.60561,14.385,1,confirmed
4833421,K00232.01,Kepler-122 c,CONFIRMED,12.466004437,0.209,5.0066,2232.1,5.65,897.0,152.76,304.6,5,109.0,6038.0,4.284,-0.16,1.191,0.995,291.11188,39.949108,14.247,1,confirmed
8282651,K02193.01,Kepler-1136 b,CONFIRMED,2.361724472,0.009,1.2167,587.0,1.53,922.0,170.59,34.6,2,569.0,4478.0,4.615,-0.22,0.651,0.637,284.10779,44.245811,15.658,1,confirmed
3548044,K02194.01,Kepler-371 b,CONFIRMED,34.7630543,0.731,4.309,293.7,1.75,554.0,22.23,24.0,3,39.0,5670.0,4.387,-0.36,0.95,0.802,292.32645,38.657581,13.865,1,confirmed
11401767,K02195.01,Kepler-372 c,CONFIRMED,20.0545282,0.939,7.173,305.4,2.63,755.0,76.97,26.9,3,70.0,6056.0,4.332,0.16,1.209,1.147,291.2562,49.258949,14.881,1,confirmed
10909127,K02200.01,Kepler-1138 b,CONFIRMED,3.17059731,0.793,1.6686,325.4,1.69,1080.0,321.28,20.1,1,325.0,5431.0,4.563,0.12,0.843,0.945,285.89923,48.307301,15.353,1,confirmed
3661886,K02279.01,Kepler-377 c,CONFIRMED,27.0142622,0.009,5.385,287.6,2.0,677.0,49.65,25.5,2,40.0,5949.0,4.303,0.0,1.184,1.027,295.422,38.735691,13.86,1,confirmed
3661886,K02279.02,Kepler-377 b,CONFIRMED,12.50945798,0.626,3.479,155.3,1.54,875.0,138.54,16.0,2,83.0,5949.0,4.303,0.0,1.184,1.027,295.422,38.735691,13.86,1,confirmed
2439243,K02280.01,Kepler-1172 b,CONFIRMED,26.0203329,0.704,4.965,1164.4,4.53,675.0,49.09,23.7,1,42.0,5624.0,4.218,0.04,1.244,0.931,290.47452,37.766602,15.889,1,confirmed
9221517,K02281.01,Kepler-1173 b,CONFIRMED,0.769854899,0.705,1.0243,109.6,0.93,1650.0,1756.8,28.7,2,1736.0,5173.0,4.55,0.16,0.822,0.874,293.1311,45.663551,13.829,1,confirmed
6751874,K02282.01,Kepler-1174 b,CONFIRMED,6.89226333,0.061,2.4921,214.4,2.13,1156.0,422.14,22.4,1,194.0,5862.0,4.148,0.16,1.463,1.097,281.83145,42.298908,14.207,1,confirmed
10863608,K02368.01,Kepler-1210 b,CONFIRMED,8.07127043,0.271,2.393,318.2,1.53,856.0,126.94,16.9,1,159.0,5766.0,4.517,-0.32,0.853,0.874,292.83215,48.21936,15.553,1,confirmed
5602588,K02369.01,Kepler-1211 b,CONFIRMED,11.01819178,0.883,4.635,545.7,2.64,840.0,117.97,22.0,3,92.0,6075.0,4.486,-0.12,0.969,1.048,285.72079,40.85696,15.832,1,confirmed
11288051,K00241.02,Kepler-124 d,CONFIRMED,30.9505927,0.958,5.394,301.4,1.51,428.0,7.91,23.2,3,36.0,4983.0,4.66,-0.44,0.651,0.715,286.75278,49.064911,14.139,1,confirmed
5602588,K02369.02,,CANDIDATE,6.3143447,0.0584,2.796,191.4,1.34,1012.0,247.53,6.4,3,,6075.0,4.486,-0.12,0.969,1.048,285.72079,40.85696,15.832,0,candidate
5385304,K02370.01,,CANDIDATE,78.7327023,0.956,5.041,495.8,7.76,761.0,79.13,19.1,1,16.0,6715.0,3.754,0.02,2.763,1.581,297.5582,40.541309,13.003,0,candidate
11462341,K02124.01,,CANDIDATE,42.3375799,0.947,4.924,354.8,1.45,311.0,2.21,18.1,1,33.0,4132.0,4.682,-0.2,0.581,0.593,295.28854,49.379791,14.275,0,candidate
9405595,K02125.01,Kepler-1797 b,CONFIRMED,23.3593589,0.94,5.389,570.1,2.98,684.0,51.68,25.9,1,59.0,6244.0,4.46,-0.2,1.009,1.069,292.46429,45.968288,15.347,1,confirmed
3546060,K02126.01,Kepler-1110 b,CONFIRMED,9.69310837,0.534,2.734,1130.7,2.12,609.0,32.4,30.4,1,121.0,4818.0,4.639,-0.68,0.618,0.607,291.80801,38.6227,15.914,1,confirmed
4144576,K02202.01,Kepler-1139 b,CONFIRMED,0.813166357,0.06,1.4122,173.5,1.14,1693.0,1945.44,34.8,1,1643.0,5237.0,4.5,0.3,0.887,0.907,287.94562,39.230572,14.113,1,confirmed
8494542,K02204.01,Kepler-1807 b,CONFIRMED,10.86062378,0.261,2.2874,189.6,2.09,1108.0,356.24,20.7,1,122.0,6455.0,4.125,-0.36,1.496,1.087,291.54941,44.52729,13.957,1,confirmed
9992325,K02205.01,Kepler-1140 b,CONFIRMED,24.08632177,0.802,2.236,1041.7,2.78,500.0,14.78,18.0,1,29.0,4973.0,4.537,-0.08,0.768,0.741,281.69397,46.946449,15.464,1,confirmed
11073656,K02206.01,,CANDIDATE,1.834277283,0.381,1.7499,286.5,1.64,1459.0,1068.36,24.8,1,471.0,5751.0,4.458,-0.02,0.958,0.962,285.96802,48.67905,15.198,0,candidate
9945370,K02285.01,Kepler-1175 b,CONFIRMED,37.9456138,0.263,4.093,1032.9,2.79,515.0,16.61,24.0,1,36.0,5861.0,4.546,-0.2,0.865,0.957,289.1427,46.812889,15.939,1,confirmed
8973129,K02286.01,Kepler-1176 b,CONFIRMED,24.1738244,0.251,3.056,532.6,2.21,595.0,29.69,21.5,1,57.0,5468.0,4.427,0.14,0.968,0.913,297.91974,45.274158,15.056,1,confirmed
12505654,K02353.01,Kepler-1829 b,CONFIRMED,5.186737262,0.825,0.8023,712.7,2.4,860.0,129.37,25.7,1,256.0,5230.0,4.594,0.0,0.777,0.873,288.66449,51.498421,14.988,1,confirmed
7215678,K02354.01,,CANDIDATE,1.151244686,1.387,1.272,269.6,40.32,1756.0,2253.09,32.6,1,1159.0,6086.0,4.511,-0.26,0.921,1.003,296.06625,42.768219,14.519,0,candidate
11670125,K02355.01,Kepler-1206 b,CONFIRMED,1.217000383,0.028,1.3285,459.8,1.58,1314.0,707.61,26.5,1,1067.0,4859.0,4.545,-0.02,0.757,0.734,295.93842,49.791142,15.975,1,confirmed
11461844,K02356.01,Kepler-1207 b,CONFIRMED,13.6823798,0.595,4.153,179.6,1.43,802.0,97.74,17.0,1,103.0,6102.0,4.457,0.0,1.026,1.099,295.06424,49.35899,14.5,1,confirmed
7449554,K02357.01,,CANDIDATE,2.42088277,0.227,2.812,223.3,2.27,1616.0,1615.12,20.7,2,536.0,5583.0,4.077,0.16,1.53,1.017,293.20377,43.057011,15.61,0,candidate
9351920,K02129.01,Kepler-1111 b,CONFIRMED,8.79618433,0.05,3.3781,286.3,1.77,938.0,183.26,27.0,1,151.0,6142.0,4.456,0.07,1.046,1.143,295.46338,45.81274,15.159,1,confirmed
2161536,K02130.01,Kepler-1798 b,CONFIRMED,16.85592593,0.038,2.309,871.5,1.7,408.0,6.52,19.5,1,78.0,3967.0,4.674,0.06,0.587,0.593,291.7262,37.5289,15.661,1,confirmed
10549023,K02131.01,Kepler-1112 b,CONFIRMED,14.36270451,0.272,4.564,349.4,2.31,918.0,167.88,26.8,1,72.0,6643.0,4.357,-0.1,1.216,1.235,296.96881,47.751492,14.612,1,confirmed
9661979,K02132.01,Kepler-1681 b,CONFIRMED,69.8956789,0.872,5.276,548.4,3.04,442.0,8.99,21.9,1,15.0,5390.0,4.303,0.2,1.104,0.893,296.69727,46.371712,14.552,1,confirmed
8219268,K02133.01,Kepler-91 b,CONFIRMED,6.24667547,0.877,11.261,396.8,14.93,1902.0,3095.83,63.6,2,214.0,4604.0,2.936,0.3,6.221,1.218,285.67288,44.11673,12.495,1,confirmed
10531955,K02208.01,Kepler-1141 b,CONFIRMED,2.344512589,0.803,1.4116,58.9,0.97,1471.0,1106.25,21.9,1,563.0,5821.0,4.328,0.04,1.132,0.995,290.54364,47.725887,12.589,1,confirmed
4833421,K00232.02,Kepler-122 b,CONFIRMED,5.766165573,0.017,3.8314,364.8,2.27,1159.0,426.48,65.6,5,227.0,6038.0,4.284,-0.16,1.191,0.995,291.11188,39.949108,14.247,1,confirmed
8168187,K02209.01,Kepler-1142 b,CONFIRMED,18.3027235,0.742,8.262,186.7,2.72,902.0,156.71,24.7,2,76.0,5528.0,3.892,-0.3,1.839,0.962,292.71445,44.082329,14.31,1,confirmed
4142847,K02210.01,Kepler-1143 b,CONFIRMED,2.888904439,0.77,1.6043,402.2,1.68,976.0,215.06,23.7,2,457.0,4895.0,4.589,0.16,0.759,0.817,287.30283,39.289688,15.195,1,confirmed
10203349,K02212.01,Kepler-1144 b,CONFIRMED,17.14648756,0.918,4.2354,440.3,3.64,811.0,102.24,28.3,1,68.0,5559.0,4.127,0.14,1.412,0.974,290.04327,47.25798,14.941,1,confirmed
9718066,K02287.01,Kepler-378 b,CONFIRMED,16.09227518,0.932,2.1072,128.5,0.98,503.0,15.15,18.1,2,83.0,4657.0,4.641,0.02,0.67,0.748,294.94858,46.438641,12.485,1,confirmed
3440978,K02288.01,,CANDIDATE,38.103908,0.987,3.837,961.1,4.08,456.0,10.22,20.3,1,35.0,5250.0,4.522,-0.36,0.771,0.721,290.703,38.567032,15.469,0,candidate
3867615,K02289.01,Kepler-379 c,CONFIRMED,62.7843981,0.272,4.81,325.0,2.28,530.0,18.7,21.1,2,13.0,6053.0,4.279,0.06,1.26,1.098,295.70111,38.945831,13.358,1,confirmed
12121570,K02290.01,Kepler-1816 b,CONFIRMED,91.500873,0.032,4.842,704.8,1.82,310.0,2.18,22.6,1,14.0,5051.0,4.628,-0.24,0.706,0.786,296.85101,50.698929,14.447,1,confirmed
8410415,K02291.01,Kepler-1817 b,CONFIRMED,44.2993483,0.614,4.298,797.9,2.68,463.0,10.85,23.2,1,28.0,5316.0,4.459,0.16,0.915,0.878,282.03329,44.478008,15.115,1,confirmed
7987866,K02363.01,Kepler-1832 b,CONFIRMED,3.13877646,0.436,1.6663,174.1,0.97,1022.0,257.32,20.2,1,423.0,5242.0,4.556,-0.54,0.722,0.684,299.85184,43.732182,14.364,1,confirmed
9532710,K02364.01,,CANDIDATE,5.24242029,0.863,6.413,334.9,3.86,1367.0,825.0,20.1,1,122.0,5383.0,3.824,-0.64,1.829,0.813,294.3847,46.157841,15.83,0,candidate
11560897,K02365.01,Kepler-430 b,CONFIRMED,35.9682692,0.883,2.839,269.7,2.95,674.0,48.68,21.0,2,40.0,5883.0,4.149,0.2,1.529,1.205,292.80865,49.579441,13.848,1,confirmed
11342416,K02366.01,Kepler-1209 b,CONFIRMED,25.3690868,0.845,4.746,110.1,1.67,755.0,76.9,21.6,1,45.0,6126.0,4.224,0.14,1.406,1.212,287.5849,49.154789,12.476,1,confirmed
9086251,K02367.01,Kepler-1833 b,CONFIRMED,6.89213244,0.541,1.725,82.0,1.35,1177.0,454.45,17.3,1,195.0,6164.0,4.227,0.38,1.446,1.286,290.87137,45.410301,12.618,1,confirmed
4254466,K02134.01,Kepler-1113 b,CONFIRMED,42.3006282,0.269,4.372,507.9,2.54,558.0,22.94,23.8,1,31.0,5852.0,4.353,0.14,1.129,1.048,289.40671,39.33884,14.766,1,confirmed
9904006,K02135.01,Kepler-361 c,CONFIRMED,55.1866213,0.225,9.133,375.5,2.47,568.0,24.56,36.2,3,18.0,6178.0,4.269,-0.04,1.267,1.085,296.80344,46.74115,13.573,1,confirmed
9364609,K02137.01,Kepler-1114 b,CONFIRMED,14.97436238,0.092,2.4461,265.4,1.28,631.0,37.53,24.9,1,90.0,5311.0,4.532,-0.18,0.8,0.796,299.23694,45.834702,13.747,1,confirmed
7457296,K02213.01,Kepler-1145 b,CONFIRMED,3.97076603,0.775,1.814,349.2,1.6,958.0,198.43,23.9,1,342.0,5178.0,4.521,-0.26,0.778,0.732,295.30817,43.044411,15.443,1,confirmed
10328458,K02214.01,Kepler-1146 b,CONFIRMED,2.352273912,0.095,1.7389,318.6,1.29,1019.0,255.03,20.4,1,570.0,4816.0,4.608,0.24,0.748,0.836,286.71661,47.425629,15.848,1,confirmed
4248120,K02216.01,Kepler-1808 b,CONFIRMED,23.34036251,0.25,2.054,615.1,2.21,601.0,30.94,18.2,1,56.0,5530.0,4.425,-0.34,0.892,0.773,287.29251,39.383221,15.23,1,confirmed
9580992,K02217.01,,CANDIDATE,37.8034121,0.968,4.641,678.1,2.95,460.0,10.57,20.2,1,35.0,5329.0,4.572,0.1,0.819,0.912,288.64252,46.21566,15.191,0,candidate
8321314,K02293.01,Kepler-1683 b,CONFIRMED,15.03366411,0.01,3.272,374.9,1.7,669.0,47.32,22.2,1,88.0,5523.0,4.526,0.16,0.891,0.972,298.45013,44.284012,14.837,1,confirmed
6934986,K02294.01,,CANDIDATE,131.485184,0.578,5.294,557.8,3.03,400.0,6.08,19.4,1,11.0,5765.0,4.236,0.0,1.242,0.968,287.1532,42.421612,14.895,0,candidate
4049901,K02295.01,,CANDIDATE,16.2908527,0.105,3.176,44.1,0.52,622.0,35.48,14.5,1,86.0,5425.0,4.549,-0.22,0.797,0.822,289.54514,39.164429,11.671,0,candidate
11498128,K02296.01,Kepler-1177 b,CONFIRMED,106.247882,0.586,13.78,397.4,2.01,377.0,4.75,24.0,1,12.0,5679.0,4.435,0.0,0.972,0.938,286.67145,49.406288,14.552,1,confirmed
8041216,K00237.01,Kepler-500 b,CONFIRMED,8.508333104,0.004,3.4559,646.5,2.6,909.0,161.66,93.4,1,158.0,5767.0,4.396,0.0,1.03,0.963,295.95135,43.852051,14.176,1,confirmed
11824786,K02371.01,Kepler-1212 b,CONFIRMED,12.94123564,0.028,4.636,328.8,1.7,795.0,94.29,22.1,1,101.0,6119.0,4.497,-0.26,0.938,1.01,296.85342,50.03735,15.012,1,confirmed
12254909,K02372.01,Kepler-1213 b,CONFIRMED,5.349791,0.867,4.279,88.8,1.29,1156.0,422.79,23.3,1,249.0,6074.0,4.368,0.3,1.183,1.197,289.48581,50.94416,13.386,1,confirmed
10798331,K02373.01,,CANDIDATE,147.281212,0.474,7.375,452.8,2.28,353.0,3.69,17.3,1,8.0,5708.0,4.365,0.0,1.054,0.939,292.31467,48.140461,14.685,0,candidate
9364290,K02374.01,Kepler-382 b,CONFIRMED,5.26211833,0.71,3.244,194.5,1.95,1166.0,436.61,20.3,2,254.0,5587.0,4.188,0.14,1.309,0.963,299.13617,45.86993,14.623,1,confirmed
9364290,K02374.02,Kepler-382 c,CONFIRMED,12.1628195,0.971,2.3161,306.3,3.14,882.0,142.77,15.2,2,97.0,5587.0,4.188,0.14,1.309,0.963,299.13617,45.86993,14.623,1,confirmed
5022828,K02138.01,Kepler-1115 b,CONFIRMED,23.5541012,0.536,7.3,95.2,2.33,1381.0,859.63,29.9,1,43.0,9565.0,4.088,0.07,2.286,2.335,294.99176,40.144409,11.98,1,confirmed
8233702,K02140.01,Kepler-1116 b,CONFIRMED,41.6977582,0.018,5.513,684.8,2.26,488.0,13.45,27.7,1,34.0,5730.0,4.545,-0.06,0.87,0.968,291.93365,44.115501,15.265,1,confirmed
11403339,K02143.01,Kepler-1117 b,CONFIRMED,4.79029482,0.46,2.7219,142.0,1.01,938.0,183.02,23.1,1,276.0,5412.0,4.562,0.14,0.843,0.945,292.08478,49.23748,14.102,1,confirmed
8260902,K02144.01,Kepler-1118 b,CONFIRMED,38.6715843,0.773,5.532,599.3,2.45,502.0,15.03,25.2,1,34.0,5432.0,4.42,-0.16,0.913,0.801,299.96567,44.160889,14.94,1,confirmed
8381204,K02145.01,Kepler-1119 b,CONFIRMED,8.32651854,0.782,5.483,267.9,1.8,938.0,182.69,27.2,1,164.0,6057.0,4.45,-0.1,1.0,1.024,297.01913,44.327518,15.06,1,confirmed
12058204,K02218.01,Kepler-373 b,CONFIRMED,5.53533152,0.051,2.793,260.6,1.75,1054.0,292.33,27.5,2,240.0,5588.0,4.331,0.14,1.1,0.946,289.388,50.59705,14.514,1,confirmed
12058204,K02218.02,Kepler-373 c,CONFIRMED,16.7261969,0.496,2.708,194.9,1.56,729.0,66.83,11.6,2,76.0,5588.0,4.331,0.14,1.1,0.946,289.388,50.59705,14.514,1,confirmed
4833421,K00232.03,Kepler-122 d,CONFIRMED,21.58752788,0.009,4.4968,336.8,2.18,747.0,73.42,34.0,5,54.0,6038.0,4.284,-0.16,1.191,0.995,291.11188,39.949108,14.247,1,confirmed
5357545,K02219.01,Kepler-1809 b,CONFIRMED,3.757294695,0.586,0.9269,273.3,1.23,877.0,139.89,23.4,1,359.0,4901.0,4.618,0.04,0.716,0.807,290.26535,40.548649,14.099,1,confirmed
6871071,K02220.01,Kepler-374 c,CONFIRMED,3.2828024,0.159,3.2532,142.5,1.79,1467.0,1093.39,24.4,5,340.0,5640.0,4.087,0.14,1.515,1.024,294.13791,42.370499,14.686,1,confirmed
5342473,K02297.01,Kepler-1818 b,CONFIRMED,4.64495172,0.301,3.366,147.4,1.38,1209.0,504.23,19.8,1,224.0,6047.0,4.343,-0.08,1.129,1.021,284.32852,40.568909,14.338,1,confirmed
9334893,K02298.01,,CANDIDATE,16.6671415,0.444,3.526,175.0,0.7,469.0,11.47,17.9,3,80.0,4729.0,4.726,-1.42,0.525,0.534,288.45605,45.80212,13.831,0,candidate
9963265,K02299.01,Kepler-1819 b,CONFIRMED,16.48686712,1.198,1.431,987.9,27.45,760.0,78.99,22.1,1,67.0,6090.0,4.447,0.21,1.071,1.173,296.56006,46.857479,15.315,1,confirmed
10583761,K02300.01,Kepler-1179 b,CONFIRMED,2.685054445,0.762,1.0473,252.7,1.46,1137.0,395.08,28.9,1,499.0,5266.0,4.484,-0.18,0.829,0.765,284.09763,47.810638,14.077,1,confirmed
7542813,K02302.01,Kepler-1180 b,CONFIRMED,16.8600805,0.682,5.557,273.4,1.71,765.0,80.9,22.4,1,82.0,6205.0,4.419,-0.58,0.973,0.906,295.88751,43.156059,14.989,1,confirmed
12058147,K02072.01,Kepler-1082 b,CONFIRMED,1.54320541,0.217,2.5779,91.2,1.23,1827.0,2636.85,35.2,1,866.0,5866.0,4.2,-0.16,1.282,0.95,289.35867,50.59848,13.38,1,confirmed
8164257,K02073.01,Kepler-357 d,CONFIRMED,49.5004725,0.162,5.772,965.2,2.49,402.0,6.2,27.8,3,28.0,4954.0,4.5,0.18,0.828,0.791,291.2431,44.00872,15.565,1,confirmed
8164257,K02073.02,Kepler-357 b,CONFIRMED,6.47539108,0.486,2.7048,530.6,1.92,793.0,93.41,28.1,3,207.0,4954.0,4.5,0.18,0.828,0.791,291.2431,44.00872,15.565,1,confirmed
8164257,K02073.03,Kepler-357 c,CONFIRMED,16.85825609,0.763,2.0728,759.6,2.51,576.0,26.05,21.8,3,76.0,4954.0,4.5,0.18,0.828,0.791,291.2431,44.00872,15.565,1,confirmed
6774537,K02146.01,Kepler-1120 b,CONFIRMED,2.949029106,0.044,2.0311,358.3,1.48,1027.0,263.92,29.3,1,452.0,4983.0,4.512,0.06,0.807,0.771,290.91449,42.286579,15.333,1,confirmed
10404582,K02147.01,Kepler-362 c,CONFIRMED,37.8658964,0.18,4.782,395.2,2.01,543.0,20.61,25.9,2,37.0,5757.0,4.431,0.14,1.017,1.016,291.77164,47.5299,14.5,1,confirmed
5959753,K00226.01,Kepler-496 b,CONFIRMED,8.30865307,0.333,3.2747,836.1,2.42,747.0,73.53,74.3,1,162.0,5022.0,4.485,0.18,0.849,0.804,291.6409,41.241039,14.817,1,confirmed
6021193,K02148.01,Kepler-363 d,CONFIRMED,11.93205399,0.123,6.205,178.5,1.83,905.0,158.22,32.3,3,90.0,5711.0,4.221,0.48,1.391,1.173,283.19208,41.305389,13.353,1,confirmed
6021193,K02148.02,Kepler-363 c,CONFIRMED,7.54235832,0.318,4.73,132.5,1.59,1054.0,292.19,25.8,3,134.0,5711.0,4.221,0.48,1.391,1.173,283.19208,41.305389,13.353,1,confirmed
6871071,K02220.02,Kepler-374 d,CONFIRMED,5.02818253,0.3,3.526,181.3,2.03,1272.0,620.0,26.1,5,236.0,5640.0,4.087,0.14,1.515,1.024,294.13791,42.370499,14.686,1,confirmed
6871071,K02220.03,Kepler-374 b,CONFIRMED,1.897828815,0.227,2.7114,132.4,1.73,1761.0,2278.95,27.2,5,707.0,5640.0,4.087,0.14,1.515,1.024,294.13791,42.370499,14.686,1,confirmed
6287313,K02221.01,Kepler-1147 b,CONFIRMED,10.62788695,0.473,4.576,326.7,1.87,872.0,136.34,22.6,1,126.0,6082.0,4.445,-0.08,1.014,1.041,292.54752,41.64296,15.401,1,confirmed
9289704,K02222.01,,CANDIDATE,34.135676,0.087,9.12,622.0,13.98,1526.0,1281.86,8.6,1,41.0,7818.0,3.365,0.07,5.555,2.607,295.24734,45.757401,12.963,0,candidate
9278725,K02223.01,Kepler-1148 b,CONFIRMED,1.104462494,0.151,1.0458,469.1,1.6,1397.0,898.79,35.3,1,1211.0,5002.0,4.543,-0.18,0.753,0.723,290.95355,45.719528,15.277,1,confirmed
4458082,K02303.01,Kepler-1181 b,CONFIRMED,4.89336495,0.218,3.485,138.3,1.6,1374.0,842.45,15.9,2,265.0,6688.0,4.304,0.07,1.347,1.336,289.74731,39.523453,13.827,1,confirmed
8042453,K02304.01,Kepler-1182 b,CONFIRMED,11.17392077,0.025,3.307,324.8,1.64,796.0,94.84,21.4,1,123.0,5911.0,4.519,-0.1,0.914,1.006,296.30795,43.82135,15.356,1,confirmed
10874215,K02305.01,Kepler-1820 b,CONFIRMED,31.0325991,0.611,3.476,737.4,2.64,561.0,23.41,17.6,1,34.0,5841.0,4.52,0.07,0.931,1.047,296.71274,48.272308,15.728,1,confirmed
3937519,K00221.02,Kepler-495 c,CONFIRMED,5.89661966,0.039,3.154,144.0,1.28,1000.0,237.1,15.3,2,209.0,5392.0,4.314,0.18,1.087,0.888,285.93069,39.098141,14.622,1,confirmed
8866137,K02074.01,Kepler-1083 b,CONFIRMED,33.4178173,0.913,4.645,1166.8,3.13,448.0,9.56,28.4,1,37.0,5136.0,4.607,-0.12,0.744,0.827,283.16196,45.198311,15.824,1,confirmed
10857519,K02075.01,Kepler-1084 b,CONFIRMED,2.053341891,0.966,2.596,65.5,1.44,1737.0,2154.14,23.2,1,649.0,6084.0,4.204,-0.06,1.358,1.076,290.10196,48.251141,12.217,1,confirmed
9517393,K02076.01,Kepler-1085 c,CONFIRMED,56.7769831,0.703,6.864,884.3,3.21,491.0,13.74,33.6,2,21.0,6063.0,4.476,0.07,1.012,1.117,287.47763,46.141178,15.273,1,confirmed
9351316,K02078.01,Kepler-1086 b,CONFIRMED,18.78429232,0.658,3.1136,1009.5,2.14,433.0,8.3,23.8,2,73.0,4243.0,4.637,0.02,0.641,0.651,295.25116,45.842972,15.561,1,confirmed
6021193,K02148.03,Kepler-363 b,CONFIRMED,3.61460279,0.516,3.227,64.8,1.14,1347.0,776.7,14.9,3,246.0,5711.0,4.221,0.48,1.391,1.173,283.19208,41.305389,13.353,1,confirmed
10617017,K02149.01,Kepler-1121 b,CONFIRMED,13.15140223,0.872,5.439,97.8,1.87,1008.0,243.84,25.5,1,84.0,6154.0,4.12,0.14,1.636,1.287,297.78659,47.88612,12.071,1,confirmed
3229150,K02150.01,Kepler-1979 b,CONFIRMED,18.5084526,1.258,6.596,758.9,29.33,683.0,51.32,30.1,2,74.0,5942.0,4.506,-0.06,0.938,1.028,289.84286,38.309601,15.253,1,confirmed
9641481,K02152.01,Kepler-1122 b,CONFIRMED,42.1918331,0.067,7.083,488.7,2.35,526.0,18.08,25.7,1,33.0,5520.0,4.339,0.16,1.08,0.928,288.28052,46.3409,15.06,1,confirmed
8892157,K02224.01,Kepler-1149 b,CONFIRMED,3.73090026,0.822,2.9095,191.2,1.48,1128.0,383.51,24.0,2,360.0,5709.0,4.489,0.14,0.95,1.014,294.18927,45.151581,14.966,1,confirmed
8892157,K02224.02,,CANDIDATE,86.130534,0.072,3.321,285.2,1.47,391.0,5.55,3.7,2,,5830.0,4.54,-0.14,0.876,0.97,294.18927,45.151581,14.966,0,candidate
11569782,K02225.01,Kepler-1150 b,CONFIRMED,2.787874175,0.153,2.0348,197.4,2.33,1432.0,993.06,22.2,1,480.0,4827.0,3.942,0.56,1.727,0.952,296.72449,49.532711,14.435,1,confirmed
4833421,K00232.04,Kepler-122 e,CONFIRMED,37.9962369,0.023,6.7751,403.7,2.39,618.0,34.55,37.8,5,33.0,6038.0,4.284,-0.16,1.191,0.995,291.11188,39.949108,14.247,1,confirmed
11520459,K02226.01,,CANDIDATE,8.46354384,0.387,1.4078,792.2,2.51,805.0,99.37,26.1,1,138.0,5427.0,4.495,0.07,0.887,0.896,297.52542,49.401451,15.338,0,candidate
7219825,K00238.01,Kepler-123 b,CONFIRMED,17.23232894,0.395,4.5568,509.8,2.79,817.0,105.47,64.1,3,77.0,6086.0,4.274,-0.16,1.216,1.013,296.99863,42.78196,14.061,1,confirmed
3749978,K02308.01,Kepler-1183 b,CONFIRMED,28.5057217,0.695,6.324,755.8,2.55,555.0,22.43,20.8,1,46.0,5712.0,4.534,-0.1,0.87,0.944,292.23242,38.89222,15.778,1,confirmed
10010440,K02309.01,Kepler-1184 b,CONFIRMED,53.5991459,0.658,6.811,523.1,2.49,529.0,18.54,23.1,1,25.0,6319.0,4.447,-0.22,1.032,1.084,291.28207,46.965988,14.953,1,confirmed
11718144,K02310.01,Kepler-1821 b,CONFIRMED,16.4581861,0.108,1.9637,435.8,1.82,644.0,40.61,22.4,1,76.0,5475.0,4.521,0.14,0.884,0.946,294.52545,49.872471,14.64,1,confirmed
4247991,K02311.01,,CANDIDATE,191.86419296,,4.9,,,,,,3,,,,,,,287.24118,39.33276,12.57,0,candidate
4247991,K02311.02,,CANDIDATE,13.72549689,,7.62,,,,,,3,,,,,,,287.24118,39.33276,12.57,0,candidate
10026544,K02312.01,,CANDIDATE,176.331289,0.2455,13.89,109.8,2.38,505.0,15.4,8.4,1,,6146.0,3.8,-0.42,2.251,1.166,297.28317,46.90453,12.982,0,candidate
9473078,K02079.01,Kepler-1087 b,CONFIRMED,0.693842661,0.195,1.6197,49.3,0.83,2161.0,5182.78,28.9,1,1930.0,5457.0,4.239,0.14,1.196,0.903,294.97882,46.00565,12.953,1,confirmed
10864531,K02080.01,Kepler-358 c,CONFIRMED,83.4887405,0.42,6.21,955.4,2.95,411.0,6.76,24.7,2,16.0,5910.0,4.505,-0.02,0.94,1.032,293.23022,48.281368,15.375,1,confirmed
10864531,K02080.02,Kepler-358 b,CONFIRMED,34.0607677,0.786,2.471,818.9,2.96,554.0,22.32,20.5,2,39.0,5910.0,4.505,-0.02,0.94,1.032,293.23022,48.281368,15.375,1,confirmed
2853780,K02081.01,,CANDIDATE,6.2141496,0.403,10.141,183.4,4.27,1506.0,1216.48,53.4,2,218.0,5295.0,3.617,0.02,3.152,1.501,291.72916,38.070019,13.439,0,candidate
9472000,K02082.01,Kepler-1790 b,CONFIRMED,31.5888979,0.194,3.438,360.6,2.59,682.0,51.02,27.3,1,41.0,5866.0,4.175,0.0,1.367,1.02,294.56693,46.075802,14.143,1,confirmed
10253547,K02153.01,Kepler-364 c,CONFIRMED,59.9809868,0.918,7.588,282.4,2.81,568.0,24.58,25.2,2,22.0,6103.0,4.202,0.02,1.383,1.109,281.56995,47.398689,13.66,1,confirmed
10253547,K02153.02,Kepler-364 b,CONFIRMED,25.7457957,0.661,7.073,140.3,1.73,753.0,75.97,19.3,2,52.0,6103.0,4.202,0.02,1.383,1.109,281.56995,47.398689,13.66,1,confirmed
12505076,K02154.01,Kepler-1799 b,CONFIRMED,11.92979348,0.003,6.152,709.3,2.43,770.0,83.04,27.8,1,107.0,5831.0,4.517,0.0,0.921,1.016,288.30869,51.478291,15.844,1,confirmed
6185476,K00227.01,,CANDIDATE,17.65737838,0.8277,3.509,2155.7,2.45,350.0,3.55,117.2,1,60.0,3745.0,4.784,-0.02,0.47,0.49,284.35202,41.519199,14.267,0,candidate
12116380,K02155.01,Kepler-1123 b,CONFIRMED,4.3394569,0.821,2.3652,337.4,2.11,1061.0,300.07,31.6,1,309.0,5330.0,4.366,0.18,1.013,0.869,294.51767,50.670399,14.822,1,confirmed
2556650,K02156.01,Kepler-1124 b,CONFIRMED,2.852348262,0.295,0.7051,1402.9,1.66,621.0,34.95,33.3,1,471.0,3731.0,4.83,-0.28,0.433,0.463,286.59427,37.891258,15.959,1,confirmed
10600955,K02227.01,Kepler-1151 b,CONFIRMED,65.6480892,0.949,5.746,588.7,3.93,485.0,13.04,22.0,1,20.0,5565.0,4.251,0.32,1.246,1.008,292.2478,47.878448,14.872,1,confirmed
4473226,K02229.01,Kepler-1682 b,CONFIRMED,14.83340944,0.399,3.927,783.0,2.54,694.0,54.74,19.1,1,44.0,5570.0,4.471,-0.08,0.904,0.882,293.98358,39.57288,15.707,1,confirmed
2854181,K02232.01,Kepler-1810 b,CONFIRMED,101.1323475,0.057,4.366,1502.9,3.87,380.0,4.91,25.7,2,14.0,5492.0,4.389,0.16,1.016,0.921,291.81302,38.088181,15.331,1,confirmed
10132832,K02313.01,Kepler-1186 b,CONFIRMED,16.07673148,0.108,2.205,488.0,2.14,724.0,64.75,19.3,1,82.0,5957.0,4.498,0.07,0.971,1.083,288.47964,47.101768,15.306,1,confirmed
3219995,K02314.01,Kepler-1187 b,CONFIRMED,18.87058705,0.878,3.4701,588.0,2.67,701.0,56.97,28.5,1,70.0,6103.0,4.496,-0.2,0.949,1.028,286.892,38.31855,14.562,1,confirmed
6062929,K02315.01,Kepler-1822 b,CONFIRMED,22.1334224,0.025,2.049,654.6,1.76,507.0,15.65,16.3,1,60.0,5165.0,4.633,-0.32,0.702,0.782,297.28549,41.305592,15.571,1,confirmed
7504778,K02316.01,Kepler-1188 b,CONFIRMED,17.1369408,0.03,6.416,362.1,2.05,775.0,85.15,25.4,1,81.0,6218.0,4.421,-0.04,1.077,1.114,283.10385,43.148041,15.004,1,confirmed
7219825,K00238.02,Kepler-123 c,CONFIRMED,26.6951944,0.136,4.576,132.6,1.4,706.0,58.81,13.4,3,46.0,6086.0,4.274,-0.16,1.216,1.013,296.99863,42.78196,14.061,1,confirmed
7097965,K02083.01,Kepler-1791 b,CONFIRMED,7.72085047,0.963,1.8264,267.0,2.53,1021.0,257.14,25.0,1,127.0,5887.0,4.29,-0.06,1.177,0.985,284.49033,42.648289,13.516,1,confirmed
4249725,K00222.01,Kepler-120 b,CONFIRMED,6.312508525,0.029,2.7455,1286.0,2.0,575.0,25.94,112.5,2,215.0,4090.0,4.696,-0.18,0.571,0.591,287.89163,39.33913,14.735,1,confirmed
3967326,K02084.01,Kepler-1792 b,CONFIRMED,4.19577385,0.521,2.1557,874.2,3.02,1047.0,283.78,23.3,1,209.0,5229.0,4.378,0.32,1.005,0.878,294.84003,39.085991,15.168,1,confirmed
6768394,K02086.01,Kepler-60 b,CONFIRMED,7.1329472,0.612,4.368,145.0,1.64,1102.0,349.21,27.2,4,188.0,5862.0,4.194,-0.1,1.307,0.973,288.96124,42.265011,13.959,1,confirmed
6768394,K02086.02,Kepler-60 c,CONFIRMED,8.91901228,0.619,4.141,180.6,1.84,1023.0,258.92,29.6,4,150.0,5862.0,4.194,-0.1,1.307,0.973,288.96124,42.265011,13.959,1,confirmed
5211199,K02158.01,Kepler-1800 b,CONFIRMED,4.5620407,0.925,2.8521,81.6,2.82,1533.0,1306.97,22.8,2,287.0,5343.0,3.764,0.08,2.506,1.33,297.65143,40.352551,13.052,1,confirmed
8804455,K02159.01,,CANDIDATE,7.5966998,0.725,3.667,127.5,1.32,964.0,204.34,24.5,2,176.0,5716.0,4.343,0.04,1.091,0.955,285.13831,45.004539,13.482,0,candidate
5546761,K02160.01,Kepler-1125 b,CONFIRMED,17.6700291,0.932,6.693,348.4,2.89,778.0,86.37,25.0,2,61.0,5795.0,4.265,0.16,1.247,1.042,295.48123,40.731979,14.874,1,confirmed
5546761,K02160.02,,CANDIDATE,15.40877383,,3.49,,,,,,2,,,,,,,295.48123,40.731979,14.874,0,candidate
9205938,K02162.01,Kepler-1126 b,CONFIRMED,108.593113,0.007,7.989,338.2,1.68,374.0,4.64,24.3,2,12.0,5678.0,4.409,-0.4,0.921,0.794,285.69199,45.689388,14.033,1,confirmed
10723367,K02236.01,Kepler-375 c,CONFIRMED,19.9865916,0.962,4.391,648.0,4.22,720.0,63.67,21.8,2,68.0,5500.0,4.218,0.14,1.238,0.922,288.61792,48.098412,15.699,1,confirmed
10723367,K02236.02,Kepler-375 b,CONFIRMED,12.12580644,0.805,3.289,327.5,2.5,851.0,123.78,14.0,2,105.0,5500.0,4.218,0.14,1.238,0.922,288.61792,48.098412,15.699,1,confirmed
5005121,K02237.01,Kepler-1811 b,CONFIRMED,76.421501,0.015,7.218,578.4,2.81,455.0,10.11,23.9,1,19.0,5561.0,4.263,0.16,1.19,0.946,289.97934,40.14283,15.165,1,confirmed
4833421,K00232.05,Kepler-122 f,CONFIRMED,56.2590881,0.026,8.114,348.8,2.22,543.0,20.49,29.7,5,22.0,6038.0,4.284,-0.16,1.191,0.995,291.11188,39.949108,14.247,1,confirmed
8229458,K02238.01,Kepler-1152 b,CONFIRMED,1.646801683,0.129,1.1966,284.2,0.86,806.0,99.8,25.2,1,807.0,3810.0,4.753,-0.02,0.513,0.543,290.43402,44.107651,14.634,1,confirmed
10684670,K02317.01,Kepler-1189 b,CONFIRMED,3.78861833,0.183,2.808,143.4,1.23,1158.0,424.17,18.2,1,285.0,5560.0,4.379,0.16,1.04,0.943,298.42633,47.946781,14.285,1,confirmed
11495458,K02318.01,Kepler-1190 b,CONFIRMED,10.45839865,0.009,3.154,306.8,1.25,609.0,32.45,18.6,1,103.0,4641.0,4.557,0.16,0.747,0.734,284.99963,49.47998,14.471,1,confirmed
9003401,K02319.01,Kepler-1823 b,CONFIRMED,21.1033014,0.125,2.059,192.5,1.56,718.0,62.99,21.3,1,62.0,6000.0,4.363,0.06,1.126,1.068,283.75482,45.335178,13.355,1,confirmed
5978559,K02321.01,Kepler-1824 b,CONFIRMED,95.6114617,0.046,7.489,487.4,2.37,421.0,7.45,21.6,2,14.0,6002.0,4.424,0.2,1.081,1.135,296.70724,41.203651,14.71,1,confirmed
8872048,K02323.01,,CANDIDATE,58.35512552,,8.45,,,,,,1,,,,,,,286.07202,45.136711,15.484,0,candidate
7746958,K02324.01,,CANDIDATE,1.204686597,0.328,0.823,233.2,1.55,1711.0,2026.81,10.8,1,1108.0,5780.0,4.438,0.0,1.0,1.0,289.67786,43.458134,11.671,0,candidate
6768394,K02086.03,Kepler-60 d,CONFIRMED,11.8984948,0.836,3.015,130.9,1.69,929.0,176.27,15.9,4,89.0,5862.0,4.194,-0.1,1.307,0.973,288.96124,42.265011,13.959,1,confirmed
6922710,K02087.01,Kepler-1088 b,CONFIRMED,23.1274171,0.737,4.901,157.3,1.44,667.0,46.89,20.9,1,54.0,5865.0,4.393,0.07,1.066,1.024,281.56146,42.4505,11.863,1,confirmed
11348997,K02090.01,Kepler-1089 b,CONFIRMED,5.132486123,0.217,1.4575,908.4,1.69,584.0,27.41,35.4,1,217.0,3879.0,4.707,0.32,0.578,0.619,291.09274,49.19006,15.535,1,confirmed
5705819,K02091.01,Kepler-1793 b,CONFIRMED,8.77997349,0.481,3.2201,755.7,2.12,713.0,61.24,32.7,1,156.0,5191.0,4.597,-0.06,0.764,0.85,291.91287,40.953892,15.789,1,confirmed
6696580,K02092.01,Kepler-359 c,CONFIRMED,57.6896212,0.924,5.118,1626.6,5.14,512.0,16.19,30.2,3,20.0,6228.0,4.441,-0.08,1.049,1.107,293.29364,42.19635,15.886,1,confirmed
11358389,K02163.01,Kepler-365 b,CONFIRMED,10.66489514,0.308,3.159,292.6,1.76,865.0,132.15,25.3,3,125.0,6014.0,4.436,-0.04,1.021,1.037,295.62659,49.130428,14.651,1,confirmed
7204981,K02164.01,Kepler-1127 b,CONFIRMED,5.1233204,0.308,2.7466,286.2,1.65,994.0,231.12,25.1,1,255.0,5364.0,4.394,0.14,0.982,0.872,293.21738,42.720711,15.162,1,confirmed
3847907,K00229.01,Kepler-497 b,CONFIRMED,3.573202801,0.053,2.88,2975.0,5.81,1210.0,507.91,362.1,1,378.0,5646.0,4.37,0.22,1.08,0.996,290.76587,38.927959,14.72,1,confirmed
4370527,K02166.01,Kepler-1128 b,CONFIRMED,61.6174528,0.091,3.816,1350.7,3.36,424.0,7.67,19.5,1,14.0,5480.0,4.485,0.24,0.931,0.966,293.06335,39.40345,15.722,1,confirmed
6041734,K02167.01,Kepler-1129 b,CONFIRMED,24.3398202,0.928,3.891,777.3,5.09,737.0,69.79,27.8,3,47.0,5596.0,4.105,0.14,1.466,0.998,291.60449,41.309361,15.28,1,confirmed
5125347,K02241.01,Kepler-1812 b,CONFIRMED,7.16520428,0.142,1.705,433.8,2.31,1034.0,270.34,17.6,1,181.0,6174.0,4.417,0.1,1.103,1.162,298.08453,40.283249,15.302,1,confirmed
9336200,K02242.01,Kepler-1153 b,CONFIRMED,1.755843555,0.893,1.9425,386.0,1.94,1343.0,771.02,25.1,1,765.0,5569.0,4.566,-0.08,0.829,0.928,289.14722,45.86618,15.758,1,confirmed
4770617,K02243.01,Kepler-1154 b,CONFIRMED,5.18560081,0.012,4.054,252.6,2.34,1314.0,705.79,27.6,3,261.0,6172.0,4.198,0.16,1.471,1.25,297.47711,39.877239,14.806,1,confirmed
4454934,K02245.01,Kepler-1155 b,CONFIRMED,33.4698571,0.876,4.749,370.7,2.45,609.0,32.52,23.2,1,43.0,5912.0,4.342,-0.14,1.094,0.96,288.82059,39.52282,14.74,1,confirmed
9458343,K02246.01,Kepler-1156 b,CONFIRMED,11.89520436,0.067,3.433,184.3,1.33,787.0,90.77,22.3,1,113.0,5649.0,4.411,0.0,0.992,0.923,288.92401,46.057629,14.152,1,confirmed
7120108,K02325.01,Kepler-1825 b,CONFIRMED,1.025857984,0.779,0.8069,270.7,1.57,1520.0,1264.7,36.0,1,1302.0,5123.0,4.501,0.14,0.847,0.828,292.51398,42.65176,14.413,1,confirmed
10730703,K02327.01,Kepler-1191 b,CONFIRMED,5.60013327,0.046,2.6508,329.2,1.73,952.0,194.26,22.8,2,236.0,5288.0,4.391,0.18,0.978,0.858,291.65778,48.009312,15.378,1,confirmed
8007644,K02328.01,Kepler-1192 b,CONFIRMED,25.2034128,0.168,4.515,697.1,2.42,600.0,30.62,22.3,1,56.0,5831.0,4.517,0.0,0.921,1.016,282.14056,43.89658,15.684,1,confirmed
11192235,K02329.01,Kepler-1826 b,CONFIRMED,1.615357809,0.931,1.1435,499.6,1.37,806.0,99.32,31.2,1,822.0,3821.0,4.755,-0.28,0.486,0.49,292.76993,48.89962,15.655,1,confirmed
6383785,K00239.01,Kepler-501 b,CONFIRMED,5.640676975,0.033,2.8354,1453.3,4.59,1125.0,379.36,145.9,2,242.0,5794.0,4.282,0.14,1.216,1.032,297.20154,41.730209,14.762,1,confirmed
6696580,K02092.02,Kepler-359 b,CONFIRMED,25.5638626,0.85,4.685,1124.9,4.0,671.0,47.94,31.6,3,42.0,6228.0,4.441,-0.08,1.049,1.107,293.29364,42.19635,15.886,1,confirmed
6525946,K02093.01,,CANDIDATE,6.78341325,0.665,3.5437,501.2,20.75,2628.0,11295.61,35.3,3,168.0,5096.0,2.435,-1.52,8.769,0.763,292.95416,41.934799,15.357,0,candidate
4249725,K00222.02,Kepler-120 c,CONFIRMED,12.7945474,0.18,3.4197,816.7,1.6,455.0,10.1,54.1,2,94.0,4090.0,4.696,-0.18,0.571,0.591,287.89163,39.33913,14.735,1,confirmed
8505920,K02094.01,Kepler-1090 c,CONFIRMED,42.4269647,0.962,5.907,632.4,3.44,496.0,14.33,26.0,2,33.0,5330.0,4.366,0.18,1.013,0.869,295.66287,44.525841,15.001,1,confirmed
7918992,K02095.01,Kepler-1091 b,CONFIRMED,1.434745129,0.108,1.862,200.7,1.5,1664.0,1813.0,28.4,1,933.0,5806.0,4.4,0.16,1.064,1.037,299.78546,43.67075,14.691,1,confirmed
6041734,K02167.02,,CANDIDATE,6.95787,0.1686,4.537,182.3,1.39,1047.0,284.4,1.8,3,,6240.0,4.406,-0.38,1.025,0.975,291.60449,41.309361,15.28,0,candidate
11308499,K02168.01,Kepler-366 b,CONFIRMED,3.28192056,0.223,2.917,191.0,1.6,1326.0,728.9,24.5,2,407.0,5859.0,4.335,0.16,1.162,1.064,296.85205,49.084438,14.842,1,confirmed
11308499,K02168.02,Kepler-366 c,CONFIRMED,12.51610549,0.023,4.853,263.0,1.87,848.0,122.54,22.6,2,101.0,5859.0,4.335,0.16,1.162,1.064,296.85205,49.084438,14.842,1,confirmed
9006186,K02169.01,Kepler-1130 b,CONFIRMED,5.45298742,0.879,2.1328,86.0,0.92,904.0,158.12,21.0,4,245.0,5450.0,4.563,0.1,0.842,0.944,285.20749,45.38435,12.404,1,confirmed
9006186,K02169.02,Kepler-1130 c,CONFIRMED,3.26662733,0.623,2.056,59.9,0.68,1072.0,312.85,18.6,4,393.0,5450.0,4.563,0.1,0.842,0.944,285.20749,45.38435,12.404,1,confirmed
7802719,K02247.01,Kepler-1157 b,CONFIRMED,4.45743267,0.175,2.3226,175.7,0.79,732.0,67.7,20.8,1,300.0,4487.0,4.644,-0.44,0.612,0.601,283.12103,43.525639,14.374,1,confirmed
11030475,K02248.01,Kepler-1813 b,CONFIRMED,2.81814715,0.305,1.763,278.6,1.3,1059.0,298.2,16.5,4,472.0,5167.0,4.555,-0.04,0.787,0.812,292.23993,48.51157,15.498,1,confirmed
11030475,K02248.02,,CANDIDATE,9.4907638,0.3638,2.713,197.4,1.05,704.0,58.01,7.3,4,,5290.0,4.604,-0.22,0.746,0.821,292.23993,48.51157,15.498,0,candidate
11030475,K02248.03,,CANDIDATE,0.76196247,0.322,1.282,190.2,1.08,1638.0,1710.11,18.3,4,1643.0,5167.0,4.555,-0.04,0.787,0.812,292.23993,48.51157,15.498,0,candidate
12401863,K02331.01,Kepler-1193 b,CONFIRMED,2.832647249,0.374,2.306,114.7,1.37,1453.0,1054.98,27.5,1,473.0,5865.0,4.266,0.16,1.272,1.088,288.14478,51.27562,13.467,1,confirmed
5534941,K02332.01,Kepler-1827 b,CONFIRMED,3.70063251,0.71,5.408,68.6,1.24,1329.0,737.02,29.8,1,362.0,5423.0,4.105,0.08,1.404,0.915,292.25247,40.792721,13.024,1,confirmed
11121752,K02333.01,Kepler-380 b,CONFIRMED,3.93083997,0.222,2.932,101.4,1.2,1317.0,711.45,22.0,2,340.0,6038.0,4.284,-0.16,1.191,0.995,282.39462,48.75914,13.652,1,confirmed
11121752,K02333.02,Kepler-380 c,CONFIRMED,7.63008196,0.628,2.78,124.0,1.39,1056.0,293.67,18.6,2,163.0,6038.0,4.284,-0.16,1.191,0.995,282.39462,48.75914,13.652,1,confirmed
2990873,K02335.01,Kepler-1194 b,CONFIRMED,16.22378479,0.413,2.5462,262.3,1.51,676.0,49.35,20.6,1,85.0,5547.0,4.46,0.0,0.925,0.9,291.69955,38.145271,14.129,1,confirmed
9307509,K02096.01,Kepler-1794 b,CONFIRMED,9.76293284,0.499,3.064,553.2,1.94,703.0,57.59,23.6,1,137.0,5052.0,4.503,0.02,0.816,0.773,300.61969,45.788921,15.246,1,confirmed
10158729,K02097.01,Kepler-1092 b,CONFIRMED,58.601926,0.392,5.522,396.4,2.06,508.0,15.8,19.1,1,19.0,6250.0,4.44,-0.22,1.019,1.038,297.72314,47.112659,14.649,1,confirmed
6105462,K02098.01,Kepler-1093 b,CONFIRMED,25.0823402,0.865,6.423,244.6,2.26,776.0,85.76,30.5,2,40.0,6429.0,4.241,-0.46,1.262,1.011,284.978,41.420158,13.838,1,confirmed
3120355,K02099.01,Kepler-1094 b,CONFIRMED,78.0998908,0.528,8.422,656.9,3.37,480.0,12.52,23.8,1,19.0,5779.0,4.238,0.16,1.284,1.039,292.30124,38.26704,14.999,1,confirmed
6047072,K02100.01,Kepler-1095 b,CONFIRMED,4.27103727,0.02,2.2759,180.4,1.22,1108.0,356.54,24.6,1,316.0,5984.0,4.521,-0.2,0.906,0.993,293.26245,41.36512,14.553,1,confirmed
9006186,K02169.03,Kepler-1130 d,CONFIRMED,4.27226421,0.744,2.113,48.9,0.64,981.0,218.63,13.7,4,277.0,5450.0,4.563,0.1,0.842,0.944,285.20749,45.38435,12.404,1,confirmed
9006186,K02169.04,,CANDIDATE,2.19251903,0.616,1.845,18.1,0.37,1225.0,533.25,6.6,4,524.0,5450.0,4.563,0.1,0.842,0.944,285.20749,45.38435,12.404,0,candidate
11410904,K02171.01,Kepler-1131 b,CONFIRMED,3.53232429,0.299,2.765,224.2,1.43,1159.0,427.65,12.8,1,384.0,5761.0,4.492,0.14,0.956,1.035,295.65149,49.261292,14.972,1,confirmed
4173026,K02172.01,Kepler-1801 b,CONFIRMED,10.44087398,0.914,3.743,821.5,3.41,829.0,111.52,22.2,2,103.0,5738.0,4.426,-0.06,0.981,0.936,295.164,39.201408,15.104,1,confirmed
10471621,K02554.01,,CANDIDATE,39.7557642,1.219,1.958,621.8,13.72,325.0,2.64,10.2,2,33.0,4405.0,4.732,-1.1,0.511,0.513,292.37979,47.644611,15.439,0,candidate
10471621,K02554.02,,CANDIDATE,10.27127527,0.046,3.029,343.5,0.94,510.0,16.02,17.5,2,128.0,4405.0,4.732,-1.1,0.511,0.513,292.37979,47.644611,15.439,0,candidate
5350244,K02555.01,Kepler-1276 b,CONFIRMED,12.5722897,0.252,4.765,86.5,1.09,886.0,145.82,12.4,1,107.0,6084.0,4.319,-0.06,1.169,1.037,287.85699,40.54718,12.885,1,confirmed
5374403,K02556.01,Kepler-1277 b,CONFIRMED,40.8366307,0.363,4.956,264.8,1.5,496.0,14.3,18.7,1,26.0,5529.0,4.457,0.0,0.925,0.893,295.10242,40.572392,14.05,1,confirmed
11752906,K00253.02,Kepler-2000 c,CONFIRMED,20.6180348,0.155,3.267,769.5,1.57,359.0,3.92,16.3,2,50.0,3757.0,4.681,0.48,0.576,0.581,285.57434,49.962269,15.254,1,confirmed
1995519,K02634.01,Kepler-1299 b,CONFIRMED,19.9401211,0.862,4.283,758.9,2.42,588.0,28.29,18.0,1,67.0,5623.0,4.596,-0.4,0.763,0.853,286.15015,37.411369,15.922,1,confirmed
4914566,K02635.01,Kepler-1300 b,CONFIRMED,22.2420032,0.897,7.532,63.5,2.04,954.0,195.54,16.2,1,61.0,5979.0,3.854,-0.12,2.164,1.219,289.03302,40.086891,12.816,1,confirmed
6198182,K02636.01,Kepler-1864 b,CONFIRMED,3.88148385,0.252,2.679,36.3,0.59,1156.0,423.0,11.9,2,348.0,5854.0,4.469,0.06,0.979,1.03,289.68671,41.588928,12.32,1,confirmed
10024051,K02409.01,Kepler-1228 b,CONFIRMED,0.577369336,0.032,1.0852,400.4,1.42,1757.0,2239.26,68.3,1,1850.0,5255.0,4.617,-0.34,0.716,0.776,296.55307,46.96629,14.859,1,confirmed
4349452,K00244.01,Kepler-25 c,CONFIRMED,12.720370263,0.787,2.7306,1180.1,4.75,934.0,180.23,485.5,2,111.0,6267.0,4.28,-0.06,1.258,1.097,286.6384,39.487881,10.734,1,confirmed
8073806,K02411.01,Kepler-1835 b,CONFIRMED,11.96407399,0.903,4.526,784.2,3.21,808.0,100.96,22.9,1,52.0,5903.0,4.437,-0.26,0.961,0.922,280.31488,43.98571,15.361,1,confirmed
3234598,K02413.01,Kepler-383 b,CONFIRMED,12.90467523,0.553,3.28,412.4,1.49,545.0,20.91,21.2,2,100.0,4513.0,4.574,0.16,0.722,0.712,291.34259,38.363129,15.07,1,confirmed
10453588,K02484.01,Kepler-1253 b,CONFIRMED,68.8861017,0.241,5.925,143.9,1.47,501.0,14.91,19.5,1,21.0,5753.0,4.2,-0.28,1.222,0.863,283.8851,47.637218,12.464,1,confirmed
11125613,K02485.01,Kepler-1254 b,CONFIRMED,9.99115241,0.691,2.657,391.7,1.68,660.0,44.77,16.7,3,102.0,4838.0,4.524,0.18,0.796,0.771,285.17334,48.770039,15.311,1,confirmed
8074328,K02486.01,,CANDIDATE,4.267961416,0.255,1.3427,127.4,1.42,1371.0,834.16,24.6,1,313.0,6395.0,4.275,-0.28,1.237,1.048,280.69046,43.919182,13.047,0,candidate
7212184,K02487.01,Kepler-1255 b,CONFIRMED,36.292017,0.002,8.198,374.7,3.1,694.0,54.91,21.4,1,36.0,5843.0,4.069,0.14,1.615,1.115,295.23926,42.726479,15.251,1,confirmed
9757613,K00250.02,Kepler-26 c,CONFIRMED,17.25121397,0.749,2.0371,2054.8,2.64,385.0,5.17,68.6,4,73.0,3879.0,4.708,-0.12,0.537,0.537,284.94098,46.56654,15.473,1,confirmed
6605493,K02559.01,Kepler-1686 b,CONFIRMED,9.30991834,0.551,3.455,114.5,1.21,913.0,164.38,19.2,1,145.0,5806.0,4.353,0.06,1.101,0.996,291.60675,42.035919,13.799,1,confirmed
4670217,K02560.01,,CANDIDATE,18.1209388,0.108,3.781,504.2,1.68,543.0,20.58,15.8,1,48.0,4905.0,4.536,0.02,0.774,0.75,295.70517,39.75684,15.486,0,candidate
7259298,K02561.01,Kepler-1278 b,CONFIRMED,3.23941775,0.386,2.569,77.4,0.77,1213.0,511.14,17.2,1,409.0,6075.0,4.541,-0.46,0.858,0.934,282.95694,42.825619,13.658,1,confirmed
9574179,K02637.01,,CANDIDATE,3.98864999,0.355,3.516,94.2,1.15,1233.0,547.73,12.4,1,341.0,5692.0,4.288,0.16,1.188,0.997,284.72894,46.206478,15.016,0,candidate
6211812,K02638.01,Kepler-1865 b,CONFIRMED,2.524017517,0.077,1.1968,303.0,1.5,1203.0,495.14,19.8,1,524.0,5420.0,4.487,-0.06,0.871,0.849,293.94116,41.5905,15.55,1,confirmed
11391755,K02639.01,,CANDIDATE,25.1123362,0.007,7.922,398.8,2.22,691.0,53.73,11.8,2,19.0,6133.0,4.367,-0.06,1.112,1.049,285.36517,49.201561,15.527,0,candidate
11391755,K02639.02,,CANDIDATE,2.121023807,1.0045,0.3673,263.9,5.75,1573.0,1446.5,6.4,2,,6133.0,4.367,-0.06,1.112,1.049,285.36517,49.201561,15.527,0,candidate
9088780,K02640.01,,CANDIDATE,33.18089453,,15.24,,,,,,1,,,,,,,291.80984,45.435478,13.226,0,candidate
8894646,K02641.01,,CANDIDATE,3.55557922,0.269,3.24,60.4,0.84,1270.0,615.03,15.5,1,383.0,5839.0,4.337,-0.16,1.082,0.926,294.99585,45.119579,13.845,0,candidate
3234598,K02413.02,Kepler-383 c,CONFIRMED,31.2012202,0.714,4.077,360.1,1.47,406.0,6.44,13.7,2,44.0,4513.0,4.574,0.16,0.722,0.712,291.34259,38.363129,15.07,1,confirmed
8611832,K02414.01,Kepler-384 b,CONFIRMED,22.5968256,0.062,6.179,142.9,1.3,670.0,47.7,22.2,2,60.0,5610.0,4.301,-0.04,1.104,0.889,286.02612,44.782871,13.584,1,confirmed
8611832,K02414.02,Kepler-384 c,CONFIRMED,45.3486381,0.847,4.858,162.9,1.61,531.0,18.84,15.9,2,31.0,5610.0,4.301,-0.04,1.104,0.889,286.02612,44.782871,13.584,1,confirmed
5621586,K02415.01,Kepler-1836 b,CONFIRMED,5.25419589,0.007,2.9878,461.8,2.12,1093.0,338.15,26.1,1,212.0,6123.0,4.472,-0.14,0.987,1.053,292.31512,40.838821,15.659,1,confirmed
9210387,K02416.01,Kepler-1837 b,CONFIRMED,5.90608902,0.025,2.409,340.7,1.77,1012.0,247.83,9.3,1,226.0,5966.0,4.493,-0.02,0.961,1.049,288.20764,45.683479,15.466,1,confirmed
11852982,K00247.01,Kepler-1712 b,CONFIRMED,13.81504449,0.868,2.3244,1032.6,1.91,391.0,5.52,46.7,1,81.0,3732.0,4.736,0.02,0.509,0.515,284.9986,50.14679,14.216,1,confirmed
8559152,K02488.01,Kepler-1256 b,CONFIRMED,12.4128518,0.711,4.298,108.1,1.5,933.0,179.24,19.4,1,109.0,5945.0,4.196,-0.02,1.346,1.039,291.4743,44.68351,13.539,1,confirmed
2718778,K02489.01,Kepler-1844 b,CONFIRMED,3.92453009,0.112,3.691,463.5,1.82,1074.0,314.25,25.3,1,289.0,5776.0,4.554,-0.18,0.849,0.939,292.6904,37.93457,15.708,1,confirmed
3122913,K02490.01,Kepler-1845 b,CONFIRMED,11.60653061,0.024,2.194,771.7,1.88,584.0,27.47,17.8,1,118.0,4703.0,4.582,-0.14,0.701,0.686,292.90161,38.297081,15.701,1,confirmed
9229657,K02491.01,Kepler-1257 b,CONFIRMED,2.66831274,0.333,2.4141,266.2,1.48,1252.0,581.38,23.3,1,503.0,5806.0,4.528,-0.04,0.899,0.996,296.07568,45.62706,15.553,1,confirmed
5175024,K02563.01,Kepler-1279 b,CONFIRMED,23.4772553,0.013,6.735,141.4,1.34,738.0,70.05,17.6,2,56.0,6384.0,4.361,-0.24,1.121,1.046,288.09564,40.365971,13.973,1,confirmed
9026749,K02564.01,Kepler-1280 b,CONFIRMED,66.5576728,0.254,10.532,214.2,4.96,757.0,77.68,21.3,2,22.0,5734.0,3.591,0.26,3.405,1.648,293.57394,45.384541,14.074,1,confirmed
5794240,K00254.01,Kepler-45 b,CONFIRMED,2.455240626,0.144,1.72722,36911.9,10.6,730.0,67.3,1341.6,1,546.0,3793.0,4.697,0.32,0.568,0.587,292.87289,41.06427,15.979,1,confirmed
6933567,K02643.01,Kepler-1301 b,CONFIRMED,9.08233411,0.262,2.008,296.9,1.35,734.0,68.75,15.8,1,298.0,5354.0,4.587,-0.08,0.788,0.884,286.60416,42.440319,15.4,1,confirmed
9654468,K02417.01,Kepler-1684 b,CONFIRMED,47.7052566,0.918,5.959,1161.5,2.89,347.0,3.42,22.8,1,17.0,4551.0,4.609,-0.14,0.672,0.669,294.00543,46.310692,16.22,1,confirmed
4349452,K00244.02,Kepler-25 b,CONFIRMED,6.238535444,0.008,3.5255,401.6,2.53,1185.0,465.61,274.5,2,210.0,6267.0,4.28,-0.06,1.258,1.097,286.6384,39.487881,10.734,1,confirmed
10027247,K02418.01,Kepler-1229 b,CONFIRMED,86.829519,0.953,7.464,751.0,1.68,196.0,0.35,15.1,1,14.0,3576.0,4.791,0.16,0.463,0.482,297.48669,46.996712,15.474,1,confirmed
6343170,K02419.01,Kepler-1230 b,CONFIRMED,9.95667035,0.949,3.534,586.8,3.41,946.0,189.48,16.8,1,54.0,6165.0,4.365,-0.08,1.115,1.048,283.2645,41.711449,15.309,1,confirmed
7107802,K02420.01,Kepler-1231 b,CONFIRMED,10.41728722,0.12,4.125,210.4,1.64,870.0,135.34,20.3,2,130.0,5557.0,4.288,0.14,1.151,0.936,288.58835,42.605659,14.746,1,confirmed
11752632,K02492.01,Kepler-1258 b,CONFIRMED,0.984941669,0.045,1.9724,81.4,1.49,2335.0,7044.68,22.9,1,1087.0,5825.0,4.046,0.14,1.662,1.121,285.40494,49.99474,13.835,1,confirmed
10028535,K02493.01,Kepler-1259 b,CONFIRMED,0.663085361,0.841,1.1522,322.7,1.6,1681.0,1894.94,35.3,1,1615.0,5172.0,4.6,0.07,0.767,0.878,297.84149,46.967682,15.304,1,confirmed
7047207,K02494.01,Kepler-1260 b,CONFIRMED,19.1187425,0.74,6.805,217.5,2.33,823.0,108.48,20.5,1,73.0,5862.0,4.148,0.16,1.463,1.097,295.59125,42.555241,14.838,1,confirmed
9757613,K00250.03,Kepler-26 d,CONFIRMED,3.543919702,0.022,1.8717,507.0,1.21,652.0,42.68,38.2,4,360.0,3879.0,4.708,-0.12,0.537,0.537,284.94098,46.56654,15.473,1,confirmed
8247770,K02569.01,,CANDIDATE,8.28157072,0.042,3.1,139.2,1.37,956.0,197.82,12.9,1,158.0,5640.0,4.288,0.16,1.175,0.976,296.603,44.14082,14.273,0,candidate
6867588,K02571.01,,CANDIDATE,0.82628442,0.28,0.9603,134.9,0.96,1629.0,1654.69,25.6,1,1620.0,5218.0,4.548,0.16,0.829,0.886,293.13705,42.350479,14.434,0,candidate
7501646,K02572.01,,CANDIDATE,6.37705295,0.234,1.949,502.8,2.15,935.0,180.66,17.9,1,181.0,5672.0,4.503,0.36,0.965,1.08,281.59235,43.177879,15.522,0,candidate
11962284,K02647.01,Kepler-1302 b,CONFIRMED,8.83929462,0.924,1.719,316.2,1.94,778.0,86.5,14.8,1,148.0,5330.0,4.491,0.04,0.87,0.855,290.98923,50.30806,15.102,1,confirmed
6842682,K02649.01,Kepler-1303 b,CONFIRMED,7.56126152,0.253,2.851,180.6,1.2,891.0,149.17,15.7,1,136.0,5853.0,4.529,-0.1,0.895,0.99,284.28714,42.35561,14.64,1,confirmed
8890150,K02650.01,Kepler-395 c,CONFIRMED,34.9897847,0.034,4.208,498.5,1.14,292.0,1.71,11.5,2,40.0,3765.0,4.725,0.02,0.521,0.526,293.51108,45.136589,15.987,1,confirmed
8890150,K02650.02,Kepler-395 b,CONFIRMED,7.05429483,0.48,1.716,359.3,1.0,497.0,14.46,11.2,2,188.0,3765.0,4.725,0.02,0.521,0.526,293.51108,45.136589,15.987,1,confirmed
8838950,K02421.01,,CANDIDATE,2.27050106,0.473,1.903,106.7,0.55,903.0,157.05,15.9,2,586.0,4671.0,4.721,-1.3,0.528,0.534,298.41931,45.071442,14.363,0,candidate
11360805,K02422.01,Kepler-1232 b,CONFIRMED,26.7838935,0.036,4.584,365.3,1.59,523.0,17.69,20.9,2,50.0,5242.0,4.512,0.14,0.856,0.869,296.55005,49.102322,14.803,1,confirmed
9845898,K02423.01,Kepler-1233 b,CONFIRMED,45.126216,0.49,6.656,373.1,2.32,604.0,31.54,17.1,1,22.0,6499.0,4.378,-0.1,1.169,1.191,297.37509,46.662209,14.689,1,confirmed
12453581,K02424.01,Kepler-1234 b,CONFIRMED,11.94019101,0.348,2.866,631.7,1.86,625.0,35.99,15.6,1,111.0,5073.0,4.607,0.07,0.748,0.856,287.52203,51.375858,15.912,1,confirmed
11179076,K02497.01,Kepler-1261 b,CONFIRMED,48.4313003,0.846,4.03,886.4,2.78,396.0,5.81,17.3,1,22.0,4891.0,4.516,0.16,0.805,0.776,285.23245,48.806721,15.605,1,confirmed
5364071,K00248.01,Kepler-49 b,CONFIRMED,7.203855862,0.037,2.5418,1765.9,2.25,509.0,15.87,101.1,4,186.0,3834.0,4.708,-0.02,0.539,0.541,292.29459,40.591789,15.264,1,confirmed
5959719,K02498.01,Kepler-390 b,CONFIRMED,6.73808701,0.148,2.591,92.9,0.73,786.0,90.19,14.4,2,199.0,5168.0,4.566,-0.12,0.769,0.793,291.62878,41.208599,13.942,1,confirmed
12257999,K02577.01,,CANDIDATE,18.55581565,0.073,5.372,565.9,20.83,1793.0,2442.24,33.2,1,73.0,5988.0,2.982,0.56,8.841,2.734,291.28772,50.909149,13.506,0,candidate
6922203,K02578.01,,CANDIDATE,13.33094869,1.199,1.426,725.6,25.95,815.0,104.37,17.1,1,103.0,5991.0,4.394,-0.18,1.039,0.976,281.26013,42.40329,14.847,0,candidate
7021681,K00255.01,Kepler-505 b,CONFIRMED,27.52194772,0.35,4.047,2312.8,2.47,314.0,2.28,106.5,3,49.0,3780.0,4.746,-0.02,0.511,0.531,287.85812,42.542629,15.108,1,confirmed
4346178,K02652.01,Kepler-1304 b,CONFIRMED,16.1289679,0.968,6.271,389.0,2.94,715.0,61.87,21.3,1,86.0,5392.0,4.314,0.18,1.087,0.888,285.27643,39.446911,15.022,1,confirmed
9664142,K02654.01,Kepler-1305 b,CONFIRMED,13.5631157,0.704,5.438,336.4,1.75,733.0,68.41,15.4,1,79.0,5853.0,4.529,-0.1,0.895,0.99,297.33945,46.347252,15.785,1,confirmed
10018233,K02655.01,Kepler-1306 b,CONFIRMED,16.2959916,0.213,2.116,369.6,1.83,678.0,49.81,15.7,1,81.0,5495.0,4.442,0.16,0.961,0.932,294.47833,46.945862,15.243,1,confirmed
8081899,K02426.01,Kepler-1235 b,CONFIRMED,4.16056658,0.069,2.61,75.8,0.7,985.0,222.54,16.3,1,328.0,5481.0,4.574,-0.06,0.815,0.914,284.90302,43.95396,13.889,1,confirmed
8478994,K00245.01,Kepler-37 d,CONFIRMED,39.79220077,0.019,4.466,610.4,1.9,458.0,10.38,179.5,4,35.0,5437.0,4.571,-0.24,0.781,0.829,284.05954,44.518215,9.705,1,confirmed
8631504,K02503.01,Kepler-1846 b,CONFIRMED,14.8200596,0.059,3.902,184.9,0.96,552.0,21.92,21.9,1,92.0,4825.0,4.603,0.08,0.732,0.785,294.39105,44.762959,14.146,1,confirmed
8110767,K02504.01,Kepler-1685 b,CONFIRMED,20.49041,0.011,4.369,661.8,2.34,625.0,36.01,23.3,1,56.0,5681.0,4.524,0.21,0.923,1.038,296.18829,43.936852,15.93,1,confirmed
6767840,K02506.01,Kepler-1262 b,CONFIRMED,8.679037,0.224,2.864,301.6,1.79,949.0,191.84,19.9,1,155.0,6117.0,4.42,-0.18,1.027,1.008,288.77182,42.213219,15.18,1,confirmed
8379705,K02507.01,Kepler-1847 b,CONFIRMED,11.1296971,0.572,2.942,371.0,1.93,843.0,119.44,14.7,1,117.0,6122.0,4.487,-0.18,0.964,1.041,296.60141,44.32526,15.859,1,confirmed
9896018,K02579.01,Kepler-1859 b,CONFIRMED,2.7296036,0.509,2.721,145.6,1.53,1455.0,1056.15,18.4,3,492.0,5887.0,4.292,0.16,1.235,1.09,293.98871,46.718021,15.147,1,confirmed
11037511,K02580.01,Kepler-1281 b,CONFIRMED,3.11604194,0.195,1.7763,345.2,1.59,1123.0,375.55,18.8,1,418.0,5591.0,4.559,0.07,0.86,0.977,295.35446,48.5154,15.79,1,confirmed
9757613,K00250.04,Kepler-26 e,CONFIRMED,46.82767725,0.393,1.9033,1537.7,2.13,276.0,1.37,32.4,4,28.0,3879.0,4.708,-0.12,0.537,0.537,284.94098,46.56654,15.473,1,confirmed
11818872,K02581.01,Kepler-1860 b,CONFIRMED,12.7372371,0.364,3.358,100.8,0.87,697.0,55.82,12.9,1,108.0,5420.0,4.502,0.0,0.868,0.874,294.35092,50.081089,13.463,1,confirmed
11771430,K02582.01,Kepler-1861 b,CONFIRMED,40.0306267,0.322,4.815,214.5,2.01,617.0,34.19,19.5,1,37.0,5855.0,4.227,0.26,1.373,1.161,295.84653,49.936131,13.628,1,confirmed
5513012,K02668.01,Kepler-1310 b,CONFIRMED,0.679336747,0.209,1.2188,240.7,1.4,1883.0,2982.78,36.7,1,1523.0,5440.0,4.491,0.21,0.913,0.942,283.92004,40.740131,14.159,1,confirmed
2437505,K02671.01,,CANDIDATE,21.47642727,0.006,5.5498,348130.0,59.5,655.0,43.52,124.8,2,0.0,5780.0,4.438,0.0,1.0,1.0,290.23032,37.777481,17.29,0,candidate
11253827,K02672.01,Kepler-396 c,CONFIRMED,88.5122014,0.242,6.8214,2518.7,4.7,390.0,5.47,63.1,2,14.0,5593.0,4.45,0.02,0.945,0.918,296.13281,48.977402,11.921,1,confirmed
7047363,K02432.01,Kepler-1236 b,CONFIRMED,31.0572947,0.335,3.401,636.6,1.85,480.0,12.57,15.8,2,46.0,5395.0,4.615,-0.34,0.734,0.821,295.62469,42.545898,15.956,1,confirmed
11968463,K02433.01,Kepler-385 c,CONFIRMED,15.1622287,0.959,7.332,479.8,3.12,829.0,111.74,28.5,7,72.0,6325.0,4.409,-0.04,1.112,1.157,294.33847,50.33654,15.212,1,confirmed
11968463,K02433.02,Kepler-385 b,CONFIRMED,10.04378351,0.953,5.548,437.9,2.94,951.0,193.39,28.8,7,116.0,6325.0,4.409,-0.04,1.112,1.157,294.33847,50.33654,15.212,1,confirmed
8836888,K02508.01,,CANDIDATE,7.10397925,0.192,1.5398,370.5,1.51,818.0,105.84,16.8,1,191.0,5488.0,4.584,-0.18,0.789,0.877,297.90738,45.03231,15.164,0,candidate
9880190,K02509.01,Kepler-1263 b,CONFIRMED,4.5513988,0.248,2.457,188.7,1.13,907.0,159.65,19.4,1,297.0,5009.0,4.491,0.16,0.84,0.797,286.48364,46.752621,15.035,1,confirmed
5364071,K00248.02,Kepler-49 c,CONFIRMED,10.91274065,0.685,2.1801,1387.2,2.13,443.0,9.12,57.4,4,111.0,3834.0,4.708,-0.02,0.539,0.541,292.29459,40.591789,15.264,1,confirmed
10387742,K02583.01,Kepler-1998 b,CONFIRMED,3.03267135,0.238,1.774,42.4,0.6,1187.0,468.31,15.6,2,447.0,5640.0,4.492,0.06,0.921,0.962,283.42911,47.59251,12.623,1,confirmed
7673841,K02585.01,Kepler-392 b,CONFIRMED,5.34182466,0.07,3.577,70.5,0.95,1125.0,379.09,19.2,3,247.0,5767.0,4.287,-0.14,1.135,0.91,288.66077,43.36808,13.455,1,confirmed
9827149,K02586.01,Kepler-1282 b,CONFIRMED,2.131945045,0.209,1.8061,269.4,1.66,1418.0,955.16,22.9,2,538.0,5845.0,4.469,0.26,1.013,1.102,290.17618,46.698341,15.545,1,confirmed
5546691,K02587.01,Kepler-1283 b,CONFIRMED,12.9462567,0.109,9.568,168.7,1.13,764.0,80.34,15.7,1,80.0,6058.0,4.54,-0.4,0.867,0.95,295.46234,40.77697,15.079,1,confirmed
12156347,K02588.01,Kepler-1687 b,CONFIRMED,5.77957133,0.946,2.5213,396.6,1.5,598.0,30.22,18.9,1,233.0,4102.0,4.687,-0.14,0.581,0.599,289.74277,50.787041,15.484,1,confirmed
8636539,K02656.01,,CANDIDATE,6.77367892,0.228,3.579,150.7,1.33,1083.0,324.84,15.1,1,196.0,6392.0,4.425,-0.2,1.072,1.116,296.00543,44.71851,15.024,0,candidate
9283156,K02657.01,,CANDIDATE,5.22402436,0.12,2.608,48.1,0.58,941.0,185.16,15.1,1,258.0,5487.0,4.512,-0.18,0.84,0.837,292.76175,45.727242,12.869,0,candidate
8547429,K02658.01,Kepler-1866 b,CONFIRMED,11.6601667,0.983,5.882,181.0,2.08,834.0,114.36,20.4,1,117.0,5791.0,4.381,0.16,1.083,1.03,286.22464,44.654469,14.406,1,confirmed
9893318,K02660.01,Kepler-1307 b,CONFIRMED,18.0161227,0.023,4.016,499.5,2.39,768.0,82.38,16.7,1,36.0,6245.0,4.406,-0.16,1.065,1.049,292.86984,46.741859,15.394,1,confirmed
8570333,K02436.01,Kepler-1237 b,CONFIRMED,84.5733346,0.024,5.762,891.6,2.59,366.0,4.26,20.4,1,18.0,5418.0,4.543,0.36,0.888,1.005,295.62927,44.69062,15.758,1,confirmed
8478994,K00245.02,Kepler-37 c,CONFIRMED,21.30181863,0.086,3.8763,87.3,0.72,564.0,23.89,32.4,4,62.0,5437.0,4.571,-0.24,0.781,0.829,284.05954,44.518215,9.705,1,confirmed
5036705,K02437.01,Kepler-1238 b,CONFIRMED,4.14789051,0.878,3.829,137.6,1.93,1389.0,878.32,16.4,1,319.0,6150.0,4.223,0.16,1.417,1.23,297.90579,40.162861,14.725,1,confirmed
9574158,K02512.01,,CANDIDATE,15.92108138,0.972,1.5443,716.8,3.14,645.0,40.88,16.1,1,82.0,5595.0,4.57,-0.14,0.82,0.917,284.71988,46.25079,15.523,0,candidate
9653622,K02513.01,Kepler-2002 b,CONFIRMED,19.0054098,1.228,1.843,542.4,28.47,758.0,78.19,20.2,1,73.0,6347.0,4.423,-0.32,1.036,1.032,293.66885,46.37925,14.839,1,confirmed
7294743,K02516.01,,CANDIDATE,2.81043228,0.351,3.874,47.4,1.43,1701.0,1978.53,17.8,1,475.0,5415.0,3.868,0.12,2.079,1.164,295.45367,42.858799,13.388,0,candidate
8947520,K02517.01,Kepler-1264 b,CONFIRMED,0.968527683,0.941,1.3672,114.6,1.21,1677.0,1867.0,16.9,1,1382.0,5580.0,4.538,0.14,0.886,0.989,289.88437,45.211498,14.511,1,confirmed
10468885,K02589.01,Kepler-1284 b,CONFIRMED,0.664074145,0.525,1.0925,212.6,1.19,1703.0,1998.48,20.9,1,2013.0,5178.0,4.585,0.16,0.797,0.896,291.27899,47.687649,15.645,1,confirmed
6765135,K02592.01,,CANDIDATE,175.603366,0.952,9.543,506.8,2.87,348.0,3.46,14.7,1,7.0,6225.0,4.461,-0.18,1.009,1.07,287.75229,42.244781,15.054,0,candidate
3861595,K00004.01,Kepler-1658 b,CONFIRMED,3.849371737,0.915,2.632,1298.6,12.94,2034.0,4055.29,132.7,1,276.0,6244.0,3.657,-0.16,2.992,1.482,294.35654,38.94738,11.432,1,confirmed
10489206,K00251.01,Kepler-125 b,CONFIRMED,4.164384505,0.59,1.8464,2338.0,2.54,590.0,28.75,132.1,2,253.0,3808.0,4.754,-0.06,0.508,0.534,298.25812,47.604939,14.752,1,confirmed
3426367,K02662.01,Kepler-1308 b,CONFIRMED,2.10433534,0.872,1.1168,242.1,0.79,662.0,45.34,20.7,1,634.0,3605.0,4.837,0.07,0.433,0.47,285.92889,38.520981,14.488,1,confirmed
5562090,K02664.01,Kepler-1309 b,CONFIRMED,28.8431751,0.913,3.171,756.7,2.66,491.0,13.77,15.0,1,44.0,5151.0,4.528,-0.16,0.785,0.758,298.73523,40.76416,15.652,1,confirmed
5342061,K02666.01,,CANDIDATE,64.034363,0.985,9.174,758.8,3.47,411.0,6.72,16.9,1,17.0,5691.0,4.561,-0.48,0.783,0.814,284.11978,40.524281,15.341,0,candidate
6867555,K02439.01,Kepler-1239 b,CONFIRMED,5.19103699,0.117,4.222,290.1,1.92,1183.0,462.91,25.2,2,224.0,6321.0,4.417,0.07,1.125,1.207,293.12738,42.320099,15.438,1,confirmed
5339567,K02440.01,Kepler-1240 b,CONFIRMED,4.86638504,0.176,2.296,143.8,1.32,1121.0,372.7,17.1,1,214.0,5688.0,4.333,0.1,1.111,0.969,282.99973,40.557449,13.987,1,confirmed
11080405,K02442.01,Kepler-386 c,CONFIRMED,25.1933989,0.679,4.62,481.2,1.95,513.0,16.34,18.0,2,50.0,5009.0,4.491,0.16,0.84,0.797,289.85889,48.693851,15.629,1,confirmed
4047631,K02519.01,,CANDIDATE,4.790912471,0.969,0.5134,360.7,2.25,717.0,62.51,17.6,1,282.0,4359.0,4.601,0.04,0.676,0.665,288.9039,39.154209,14.452,0,candidate
10059645,K02520.01,Kepler-1265 b,CONFIRMED,6.49441464,0.911,2.344,357.3,1.75,732.0,68.05,17.7,1,208.0,4769.0,4.557,0.0,0.742,0.724,284.58578,47.079529,15.602,1,confirmed
5364071,K00248.03,Kepler-49 d,CONFIRMED,2.576571021,0.187,1.5997,852.8,1.57,717.0,62.42,63.6,4,499.0,3834.0,4.708,-0.02,0.539,0.541,292.29459,40.591789,15.264,1,confirmed
7183745,K02521.01,Kepler-1266 b,CONFIRMED,28.4750006,0.835,4.718,763.8,2.64,489.0,13.5,21.4,2,41.0,4996.0,4.497,0.14,0.831,0.791,285.86929,42.728088,15.86,1,confirmed
8212002,K02593.01,Kepler-1285 b,CONFIRMED,14.7966306,0.182,5.613,56.1,0.98,874.0,138.25,22.4,2,89.0,6175.0,4.299,0.28,1.307,1.244,281.83533,44.155918,11.714,1,confirmed
8004903,K02594.01,Kepler-1286 b,CONFIRMED,11.25401871,0.603,4.759,433.4,2.42,888.0,147.13,17.0,1,57.0,5995.0,4.351,-0.04,1.118,1.022,280.25839,43.835758,15.166,1,confirmed
8883329,K02595.01,Kepler-393 b,CONFIRMED,9.18244299,0.257,4.318,87.6,1.24,1052.0,289.74,20.3,2,143.0,6194.0,4.242,-0.04,1.314,1.098,290.99527,45.192211,13.223,1,confirmed
8883329,K02595.02,Kepler-393 c,CONFIRMED,14.6134781,0.086,5.266,72.8,1.12,901.0,155.87,15.2,2,92.0,6194.0,4.242,-0.04,1.314,1.098,290.99527,45.192211,13.223,1,confirmed
11253827,K02672.02,Kepler-396 b,CONFIRMED,42.9923284,0.643,4.726,1120.1,3.32,496.0,14.33,34.1,2,32.0,5593.0,4.45,0.02,0.945,0.918,296.13281,48.977402,11.921,1,confirmed
5514383,K00257.01,Kepler-506 b,CONFIRMED,6.88341278,0.083,2.0674,487.4,2.63,1080.0,321.63,35.4,1,151.0,6139.0,4.359,0.2,1.193,1.19,284.63519,40.71983,10.868,1,confirmed
8022489,K02674.01,Kepler-1311 d,CONFIRMED,197.5111484,0.814,11.106,2575.6,9.52,391.0,5.54,175.2,3,7.0,5616.0,4.004,0.04,1.674,1.032,289.65125,43.824421,13.349,1,confirmed
8022489,K02674.02,Kepler-1311 b,CONFIRMED,11.1726723,0.504,6.106,76.8,1.5,1019.0,255.06,17.0,3,108.0,5616.0,4.004,0.04,1.674,1.032,289.65125,43.824421,13.349,1,confirmed
8022489,K02674.03,Kepler-1311 c,CONFIRMED,2.53573284,0.054,3.989,68.0,1.36,1671.0,1842.18,25.5,3,524.0,5616.0,4.004,0.04,1.674,1.032,289.65125,43.824421,13.349,1,confirmed
9209624,K02443.01,Kepler-387 b,CONFIRMED,6.79164656,0.121,3.343,102.6,1.01,994.0,230.81,18.5,2,200.0,5772.0,4.351,-0.38,1.003,0.824,287.79819,45.656712,13.987,1,confirmed
9209624,K02443.02,Kepler-387 c,CONFIRMED,11.8376933,0.557,3.381,92.9,1.0,826.0,110.03,12.7,2,110.0,5772.0,4.351,-0.38,1.003,0.824,287.79819,45.656712,13.987,1,confirmed
3354846,K02444.01,Kepler-1241 b,CONFIRMED,18.5525162,0.78,4.385,771.5,2.53,612.0,33.14,17.2,1,57.0,5569.0,4.566,-0.08,0.829,0.928,294.57623,38.45697,15.714,1,confirmed
6516185,K02445.01,,CANDIDATE,47.3659328,1.085,7.929,757.0,11.97,481.0,12.62,16.0,1,26.0,5708.0,4.482,-0.16,0.902,0.902,289.88446,41.906551,15.817,0,candidate
8478994,K00245.03,Kepler-37 b,CONFIRMED,13.3669309,0.4064,3.733,12.2,0.27,656.0,43.71,7.4,4,,5417.0,4.567,-0.32,0.772,0.803,284.05954,44.518215,9.705,1,confirmed
7183745,K02521.02,Kepler-1266 c,CONFIRMED,4.86634094,0.895,1.885,366.7,1.94,881.0,142.39,15.2,2,229.0,4996.0,4.497,0.14,0.831,0.791,285.86929,42.728088,15.86,1,confirmed
9177629,K02522.01,Kepler-1848 b,CONFIRMED,5.60402307,0.8,1.0273,224.9,1.25,774.0,84.65,20.6,1,237.0,4847.0,4.581,0.0,0.737,0.756,299.38159,45.592239,13.713,1,confirmed
7778767,K02523.01,Kepler-1267 b,CONFIRMED,13.0313583,0.813,4.521,573.3,2.88,774.0,84.94,18.9,2,89.0,5514.0,4.345,0.16,1.071,0.926,299.16953,43.44109,15.829,1,confirmed
7515762,K02524.01,Kepler-1268 b,CONFIRMED,40.9905002,0.048,7.336,297.3,2.41,627.0,36.5,15.4,1,35.0,5842.0,4.17,0.14,1.41,1.072,287.83847,43.153229,15.272,1,confirmed
5942949,K02525.01,Kepler-1849 b,CONFIRMED,57.2932309,0.021,4.878,773.6,1.95,355.0,3.76,15.7,1,20.0,4806.0,4.564,-0.1,0.729,0.709,285.29193,41.255692,15.699,1,confirmed
12120307,K02597.01,Kepler-394 b,CONFIRMED,8.00504749,0.054,3.32,187.5,1.52,1035.0,271.68,15.6,3,165.0,6398.0,4.411,-0.14,1.101,1.141,296.30197,50.672321,14.79,1,confirmed
12120307,K02597.02,Kepler-394 c,CONFIRMED,12.13070414,0.083,3.843,211.2,1.61,901.0,155.85,15.3,3,100.0,6398.0,4.411,-0.14,1.101,1.141,296.30197,50.672321,14.79,1,confirmed
12120307,K02597.03,Kepler-394 d,CONFIRMED,5.61357653,0.119,2.905,162.3,1.41,1165.0,435.61,15.2,3,232.0,6398.0,4.411,-0.14,1.101,1.141,296.30197,50.672321,14.79,1,confirmed
7446631,K02598.01,,CANDIDATE,29.2254372,0.384,5.293,174.1,1.35,614.0,33.69,15.7,1,45.0,6049.0,4.461,-0.02,1.008,1.069,292.32419,43.033451,14.162,0,candidate
11701407,K02376.01,Kepler-1214 b,CONFIRMED,18.8262877,0.198,2.344,795.8,2.34,591.0,28.85,19.9,1,44.0,5215.0,4.481,-0.06,0.845,0.787,285.14264,49.800671,15.279,1,confirmed
5906426,K02377.01,,CANDIDATE,13.9034057,0.871,3.408,261.4,1.55,646.0,41.08,15.3,1,101.0,5261.0,4.523,-0.06,0.819,0.817,299.29227,41.15308,14.782,0,candidate
11288051,K00241.03,Kepler-124 b,CONFIRMED,3.41045981,0.971,2.866,136.2,1.06,892.0,149.88,22.5,3,302.0,4983.0,4.66,-0.44,0.651,0.715,286.75278,49.064911,14.139,1,confirmed
10813132,K02378.01,Kepler-1215 b,CONFIRMED,4.76702759,0.077,2.013,163.4,1.19,1046.0,282.97,14.3,1,223.0,5629.0,4.43,-0.16,0.937,0.864,297.46362,48.181412,14.431,1,confirmed
5857540,K02448.01,Kepler-1242 b,CONFIRMED,13.62801048,0.927,3.5374,912.8,3.28,639.0,39.48,26.7,1,59.0,5052.0,4.48,0.16,0.855,0.805,284.6062,41.196381,15.462,1,confirmed
12208631,K02449.01,,CANDIDATE,53.3580444,0.905,6.812,736.1,3.41,474.0,11.94,19.7,2,19.0,5481.0,4.369,0.16,1.036,0.915,291.55051,50.825611,15.114,0,candidate
7289317,K02450.01,Kepler-1243 b,CONFIRMED,16.83203175,0.533,4.031,326.0,1.86,690.0,53.44,21.6,2,82.0,5518.0,4.4,0.16,1.008,0.932,294.00946,42.880772,14.834,1,confirmed
7879433,K02527.01,Kepler-1850 b,CONFIRMED,1.385787741,0.35,1.6449,85.4,0.55,1008.0,245.15,19.1,1,963.0,4239.0,4.667,-0.22,0.6,0.611,287.1427,43.616051,14.131,1,confirmed
9205907,K02528.01,Kepler-1851 b,CONFIRMED,12.02295362,0.965,1.2667,778.6,3.28,776.0,85.78,20.1,1,114.0,5982.0,4.535,-0.28,0.879,0.967,285.67377,45.639858,15.646,1,confirmed
8463346,K02529.01,Kepler-436 c,CONFIRMED,16.79716262,0.899,3.83,1023.8,2.75,503.0,15.19,21.2,2,81.0,4652.0,4.617,0.02,0.697,0.734,301.72076,44.41206,15.856,1,confirmed
5364071,K00248.04,Kepler-49 e,CONFIRMED,18.59611518,0.014,2.3052,813.8,1.53,371.0,4.48,27.6,4,61.0,3834.0,4.708,-0.02,0.539,0.541,292.29459,40.591789,15.264,1,confirmed
10489206,K00251.02,Kepler-125 c,CONFIRMED,5.77440326,0.425,1.768,245.3,0.8,529.0,18.6,11.8,2,176.0,3808.0,4.754,-0.06,0.508,0.534,298.25812,47.604939,14.752,1,confirmed
10068659,K02602.01,Kepler-1287 b,CONFIRMED,11.47685263,0.07,2.756,240.6,1.58,796.0,94.94,16.5,1,117.0,5550.0,4.384,0.16,1.032,0.941,289.13467,47.062988,15.051,1,confirmed
2443393,K02603.01,,CANDIDATE,73.711039,0.284,10.062,136.7,1.77,563.0,23.81,21.1,1,17.0,6374.0,4.193,0.1,1.502,1.284,291.45755,37.742935,12.643,0,candidate
9019191,K02604.01,,CANDIDATE,14.43348326,1.185,2.663,526.8,16.25,558.0,22.91,14.8,1,91.0,4915.0,4.627,-0.1,0.702,0.787,290.82437,45.355019,15.323,0,candidate
3002478,K02380.01,,CANDIDATE,6.35705314,0.023,1.324,272.2,1.59,990.0,227.07,17.3,1,170.0,5982.0,4.493,-0.04,0.96,1.047,294.18561,38.108669,14.216,0,candidate
9395024,K02383.01,Kepler-1216 b,CONFIRMED,4.37033233,0.093,2.845,177.8,1.56,1191.0,475.39,17.7,1,307.0,5657.0,4.282,0.14,1.182,0.975,287.40533,45.918011,15.133,1,confirmed
8631751,K02453.01,,CANDIDATE,1.530515205,0.882,0.5945,659.7,0.84,608.0,32.46,23.2,1,873.0,3462.0,5.004,-0.42,0.259,0.247,294.46848,44.75396,15.63,0,candidate
8478994,K00245.04,Kepler-37 e,CONFIRMED,51.20690303,,8.99,,,,,,4,,,,,,,284.05954,44.518215,9.705,1,confirmed
9753154,K02457.01,Kepler-1244 b,CONFIRMED,3.70429015,0.001,3.37,55.7,1.45,1839.0,2708.57,15.9,1,360.0,6732.0,3.958,-0.42,1.927,1.23,282.30121,46.516201,12.402,1,confirmed
9011825,K02530.01,Kepler-1269 b,CONFIRMED,37.3331165,0.851,7.643,187.8,2.5,657.0,44.17,22.5,1,33.0,5623.0,4.079,0.36,1.588,1.104,287.80557,45.340549,13.611,1,confirmed
4172746,K02531.01,,CANDIDATE,17.6997392,0.105,2.76,752.7,1.96,523.0,17.73,19.8,1,51.0,4807.0,4.583,0.08,0.742,0.769,295.10391,39.268749,15.44,0,candidate
5174858,K02532.01,Kepler-1852 b,CONFIRMED,7.9709719,0.911,1.2893,488.4,2.27,760.0,79.1,17.3,1,166.0,5237.0,4.572,0.24,0.826,0.927,288.02969,40.344151,15.43,1,confirmed
11074835,K02533.01,Kepler-1270 b,CONFIRMED,6.03355539,0.35,10.049,89.5,3.34,1598.0,1540.84,26.1,3,182.0,4924.0,3.356,-0.08,3.588,1.066,286.71564,48.645279,13.274,1,confirmed
1996180,K02534.01,Kepler-1271 b,CONFIRMED,3.02558494,0.839,3.0008,128.3,1.62,1484.0,1148.47,23.8,2,440.0,6123.0,4.263,-0.06,1.263,1.066,286.3443,37.411968,13.925,1,confirmed
5095635,K02607.01,,CANDIDATE,0.754457729,0.677,0.5891,248.2,2.07,2131.0,4879.62,31.1,1,1771.0,5561.0,4.25,0.1,1.193,0.925,290.68469,40.255451,14.482,0,candidate
6269070,K02608.01,Kepler-1288 b,CONFIRMED,2.7612237,0.238,3.681,66.8,1.84,2017.0,3906.36,14.2,1,379.0,6381.0,3.897,-0.08,2.232,1.436,285.7135,41.605885,13.321,1,confirmed
12254688,K02384.01,,CANDIDATE,62.6825769,1.095,2.327,398.9,39.8,916.0,166.36,17.8,1,20.0,7058.0,3.648,-0.5,3.101,1.562,289.37381,50.934341,13.072,0,candidate
4172013,K02386.01,,CANDIDATE,16.2707207,1.187,5.707,468.0,28.42,827.0,110.79,13.0,1,67.0,6117.0,4.315,0.14,1.244,1.17,294.94009,39.232571,14.94,0,candidate
12254378,K02387.01,Kepler-1217 b,CONFIRMED,2.032319072,0.133,1.6762,315.5,1.87,1542.0,1333.35,24.5,1,654.0,6156.0,4.443,0.0,1.05,1.114,289.18668,50.937561,15.298,1,confirmed
7604328,K02458.01,Kepler-1245 b,CONFIRMED,4.35407371,0.734,2.427,277.1,1.63,1043.0,279.53,19.0,2,297.0,5455.0,4.421,-0.2,0.909,0.795,290.74432,43.26078,15.404,1,confirmed
11236244,K02460.01,Kepler-1246 b,CONFIRMED,11.32269749,0.951,3.517,311.0,1.51,554.0,22.24,16.0,1,90.0,4563.0,4.624,-0.32,0.642,0.634,287.65741,48.982159,15.006,1,confirmed
9837685,K02461.01,Kepler-1247 b,CONFIRMED,13.71218522,0.68,2.437,786.7,2.47,676.0,49.26,22.6,1,86.0,5550.0,4.562,-0.06,0.831,0.923,294.53354,46.618271,15.935,1,confirmed
5042210,K02462.01,Kepler-1838 b,CONFIRMED,12.14684625,0.687,6.197,70.7,1.75,1097.0,342.49,27.1,1,111.0,5877.0,3.927,0.04,1.963,1.187,298.9917,40.142422,11.821,1,confirmed
12454461,K02463.01,Kepler-1248 b,CONFIRMED,7.46718958,0.486,3.633,75.7,1.04,1035.0,271.25,18.8,1,176.0,6161.0,4.399,0.36,1.169,1.251,288.0593,51.35445,12.77,1,confirmed
1996180,K02534.02,,CANDIDATE,5.42204257,0.94,2.952,79.1,1.39,1222.0,527.11,10.7,2,218.0,6123.0,4.263,-0.06,1.263,1.066,286.3443,37.411968,13.925,0,candidate
9635606,K02535.01,Kepler-1853 b,CONFIRMED,48.8882668,0.988,6.468,462.8,2.96,386.0,5.23,13.5,1,27.0,4821.0,4.529,0.16,0.788,0.765,284.74792,46.373619,14.985,1,confirmed
3728701,K02536.01,Kepler-1272 b,CONFIRMED,51.1319346,0.829,6.019,382.3,2.43,542.0,20.36,19.6,1,28.0,6071.0,4.353,-0.14,1.107,1.005,285.21985,38.805882,14.423,1,confirmed
1849702,K02538.01,Kepler-1854 b,CONFIRMED,39.8312536,0.24,2.442,388.8,1.46,420.0,7.33,15.8,1,36.0,5026.0,4.58,0.0,0.759,0.8,286.28595,37.387058,14.125,1,confirmed
9390653,K00249.01,Kepler-504 b,CONFIRMED,9.549277089,0.068,1.5832,1826.9,1.57,374.0,4.62,112.2,1,138.0,3547.0,4.899,-0.14,0.369,0.396,284.92184,45.972401,14.486,1,confirmed
2305866,K02610.01,,CANDIDATE,24.1073172,0.693,10.465,104.2,2.74,1065.0,304.22,23.6,2,58.0,6585.0,3.813,-0.08,2.517,1.502,292.09332,37.61348,12.605,0,candidate
11187837,K00252.01,Kepler-1663 b,CONFIRMED,17.60461401,0.715,3.716,2292.1,2.64,362.0,4.07,80.1,1,77.0,3744.0,4.737,0.06,0.516,0.529,290.40149,48.82259,15.613,1,confirmed
9712350,K02613.01,,CANDIDATE,51.5738653,0.275,2.784,900.7,2.41,417.0,7.12,13.2,1,26.0,5380.0,4.581,0.07,0.813,0.924,292.70343,46.415871,15.96,0,candidate
8025596,K02615.01,Kepler-1290 b,CONFIRMED,4.69505576,0.204,3.058,240.0,1.49,1098.0,343.6,15.9,1,290.0,5999.0,4.494,-0.06,0.959,1.045,290.68524,43.859638,15.711,1,confirmed
8494617,K02389.01,Kepler-1218 b,CONFIRMED,22.9221181,0.603,8.2,140.3,1.33,684.0,51.7,24.0,1,60.0,5897.0,4.357,-0.1,1.081,0.97,291.57898,44.531712,13.578,1,confirmed
10289119,K02390.01,Kepler-1219 b,CONFIRMED,16.10474503,0.224,5.712,124.1,3.21,1159.0,425.93,25.4,1,64.0,5822.0,3.683,0.06,2.886,1.464,297.21579,47.378521,12.249,1,confirmed
7382313,K02392.01,Kepler-1220 b,CONFIRMED,7.42697378,0.337,3.206,205.2,1.4,899.0,154.52,15.4,1,183.0,5573.0,4.434,0.16,0.982,0.957,297.07037,42.977741,14.985,1,confirmed
8544992,K02466.01,Kepler-388 b,CONFIRMED,3.17323012,0.085,1.9094,204.5,0.88,830.0,112.21,21.4,2,431.0,4500.0,4.632,-0.32,0.633,0.626,284.82803,44.60873,14.993,1,confirmed
8544992,K02466.02,Kepler-388 c,CONFIRMED,13.2970695,0.03,3.283,219.7,0.91,515.0,16.64,14.9,2,98.0,4500.0,4.632,-0.32,0.633,0.626,284.82803,44.60873,14.993,1,confirmed
11295426,K00246.01,Kepler-68 b,CONFIRMED,5.398752862,0.015,3.4303,346.5,2.21,1140.0,398.33,289.6,2,252.0,5790.0,4.279,0.06,1.198,0.997,291.03232,49.040272,9.997,1,confirmed
12306058,K02541.01,Kepler-391 b,CONFIRMED,7.41683033,0.873,7.274,72.6,3.36,1425.0,973.85,20.6,2,179.0,4938.0,3.45,0.0,3.324,1.136,290.62183,51.057301,13.007,1,confirmed
6183511,K02542.01,Kepler-1855 b,CONFIRMED,0.727331746,0.153,0.8323,357.4,0.67,849.0,122.92,20.4,1,1423.0,3460.0,4.92,0.07,0.356,0.385,283.40195,41.516331,15.527,1,confirmed
12469800,K02543.01,Kepler-1856 b,CONFIRMED,1.302017467,0.286,1.3692,290.5,1.37,1344.0,772.73,21.4,1,1029.0,4948.0,4.508,0.14,0.816,0.782,295.90921,51.347939,15.351,1,confirmed
4915638,K02617.01,Kepler-1291 b,CONFIRMED,8.63050092,0.595,3.144,325.8,1.43,739.0,70.63,14.9,1,154.0,5352.0,4.599,-0.18,0.764,0.857,289.37704,40.00116,15.868,1,confirmed
8081905,K02619.01,Kepler-1292 b,CONFIRMED,3.27645723,0.001,2.219,323.0,1.71,1195.0,482.56,17.9,1,344.0,5812.0,4.504,0.21,0.963,1.079,284.90573,43.949162,15.934,1,confirmed
11465950,K02620.01,Kepler-1862 b,CONFIRMED,16.0573291,0.883,3.546,575.0,2.27,645.0,41.04,17.5,1,84.0,5644.0,4.575,-0.24,0.806,0.9,296.75339,49.378109,15.869,1,confirmed
4665571,K02393.01,Kepler-1834 b,CONFIRMED,4.60300256,0.072,2.6848,302.5,1.32,848.0,122.02,22.2,2,225.0,4821.0,4.529,0.16,0.788,0.765,294.6647,39.783829,14.903,1,confirmed
9269042,K02397.01,Kepler-1221 b,CONFIRMED,12.00089667,0.595,3.266,420.7,1.47,632.0,37.81,20.0,1,110.0,5195.0,4.598,-0.56,0.69,0.688,285.82233,45.711891,15.563,1,confirmed
11461433,K02399.01,Kepler-1222 b,CONFIRMED,1.916940872,0.405,1.4243,105.1,0.89,1246.0,571.25,17.7,1,695.0,5083.0,4.468,0.18,0.872,0.815,294.88965,49.379768,14.1,1,confirmed
11818607,K02467.01,Kepler-1839 b,CONFIRMED,5.05661302,0.616,3.926,137.9,1.15,1049.0,286.32,17.6,1,266.0,5926.0,4.506,-0.04,0.939,1.03,294.22446,50.075588,14.63,1,confirmed
8380709,K02468.01,Kepler-1249 b,CONFIRMED,24.3344939,0.017,6.557,323.1,1.74,647.0,41.3,18.1,1,53.0,6091.0,4.487,-0.14,0.967,1.045,296.89484,44.37178,15.373,1,confirmed
6149910,K02469.01,Kepler-1840 b,CONFIRMED,131.187921,0.069,6.905,915.9,2.34,284.0,1.54,23.9,1,10.0,4898.0,4.518,0.14,0.803,0.774,298.59482,41.43594,15.048,1,confirmed
5436013,K02471.01,Kepler-1841 b,CONFIRMED,25.8859397,0.922,4.548,217.1,1.66,542.0,20.35,16.1,1,51.0,5190.0,4.446,0.12,0.899,0.823,287.70688,40.685242,14.556,1,confirmed
8676148,K02544.01,Kepler-1273 b,CONFIRMED,28.6253502,0.021,4.551,652.7,2.38,573.0,25.54,18.3,1,46.0,5774.0,4.508,0.12,0.941,1.038,285.80322,44.873428,15.826,1,confirmed
9696358,K02545.01,Kepler-1274 b,CONFIRMED,6.98141327,0.699,6.527,38.0,1.42,1384.0,865.81,20.9,1,194.0,6054.0,3.923,0.16,2.163,1.429,284.59372,46.44978,11.752,1,confirmed
4484336,K02547.01,Kepler-1857 b,CONFIRMED,8.94337724,0.163,2.469,215.1,1.48,946.0,188.93,18.4,1,120.0,6074.0,4.375,-0.54,1.005,0.873,296.45575,39.598591,14.169,1,confirmed
9580167,K02548.01,,CANDIDATE,0.827151296,0.281,1.385,272.4,19.1,5171.0,168151.39,8.1,1,1370.0,4452.0,2.28,-0.04,11.895,0.984,288.18198,46.246181,14.992,0,candidate
9757613,K00250.01,Kepler-26 b,CONFIRMED,12.282998287,0.047,2.7096,2794.7,2.83,431.0,8.14,137.2,4,110.0,3879.0,4.708,-0.12,0.537,0.537,284.94098,46.56654,15.473,1,confirmed
11752906,K00253.01,Kepler-2000 b,CONFIRMED,6.383159135,0.197,1.7504,2313.2,2.73,530.0,18.73,64.4,2,171.0,3757.0,4.681,0.48,0.576,0.581,285.57434,49.962269,15.254,1,confirmed
10916600,K02623.01,Kepler-1293 b,CONFIRMED,5.57654782,0.45,3.673,53.6,0.92,1183.0,462.81,13.2,2,239.0,6187.0,4.341,0.26,1.238,1.23,290.02591,48.335949,13.383,1,confirmed
8429314,K02624.01,Kepler-1294 b,CONFIRMED,115.6863392,0.226,4.65,945.9,3.52,401.0,6.09,20.7,1,11.0,5800.0,4.327,0.14,1.149,1.021,291.2681,44.48819,15.174,1,confirmed
9153570,K02625.01,Kepler-1295 b,CONFIRMED,3.81371423,0.306,1.973,281.0,1.37,1029.0,264.63,11.4,1,348.0,5547.0,4.571,-0.1,0.82,0.918,291.39786,45.588558,15.89,1,confirmed
11768142,K02626.01,Kepler-1652 b,CONFIRMED,38.0970717,0.953,4.307,913.3,1.58,242.0,0.81,17.0,1,38.0,3554.0,4.867,-0.04,0.398,0.426,294.36609,49.915058,15.931,1,confirmed
7984574,K02400.01,,CANDIDATE,11.6191707,0.059,1.819,700.4,2.21,756.0,77.43,18.5,1,112.0,5870.0,4.56,-0.32,0.834,0.92,299.06168,43.720329,15.664,0,candidate
10336951,K02401.01,,CANDIDATE,38.2292037,0.571,3.893,605.8,1.51,359.0,3.92,21.0,1,35.0,4544.0,4.656,-0.56,0.598,0.592,290.83627,47.444939,14.847,0,candidate
8481129,K02402.01,Kepler-1223 b,CONFIRMED,16.3012727,0.88,3.974,259.5,1.54,557.0,22.73,19.7,1,81.0,4873.0,4.558,0.32,0.796,0.836,285.29575,44.55275,14.61,1,confirmed
2142522,K02403.01,Kepler-1224 b,CONFIRMED,13.32354078,0.225,3.873,116.6,1.32,872.0,136.61,16.3,1,102.0,6113.0,4.341,0.22,1.218,1.194,286.62576,37.5373,12.867,1,confirmed
9395719,K02472.01,Kepler-1250 b,CONFIRMED,2.607545159,0.206,1.3916,351.5,2.07,1431.0,993.79,23.0,1,508.0,6147.0,4.435,0.21,1.096,1.193,287.79385,45.98024,15.618,1,confirmed
8753896,K02473.01,Kepler-389 b,CONFIRMED,3.24417541,0.761,1.992,371.9,1.84,1047.0,283.66,18.0,3,349.0,5094.0,4.469,0.16,0.87,0.813,291.95999,44.900021,15.77,1,confirmed
8240617,K02474.01,,CANDIDATE,176.845697,1.4653,3.812,431.6,42.05,291.0,1.69,7.7,1,,5592.0,4.541,-0.4,0.797,0.804,294.39749,44.124199,14.182,0,candidate
11295426,K00246.02,Kepler-68 c,CONFIRMED,9.60505976,0.54,3.0063,55.0,0.91,941.0,185.15,32.2,2,131.0,5790.0,4.279,0.06,1.198,0.997,291.03232,49.040272,9.997,1,confirmed
11622985,K02550.01,,CANDIDATE,18.0243482,0.57,3.575,441.2,1.98,683.0,51.44,17.3,1,75.0,5955.0,4.52,-0.16,0.91,0.999,297.24017,49.616859,15.419,0,candidate
11361283,K02551.01,,CANDIDATE,16.4793229,0.263,3.312,479.1,1.53,537.0,19.62,13.8,1,81.0,4908.0,4.618,-0.02,0.716,0.797,296.72305,49.106659,15.846,0,candidate
8757824,K02552.01,Kepler-1275 b,CONFIRMED,3.65690909,0.217,2.064,107.4,1.32,1368.0,828.52,12.8,1,365.0,6078.0,4.294,0.14,1.271,1.162,293.50049,44.932461,14.46,1,confirmed
9832208,K02553.01,Kepler-1858 b,CONFIRMED,88.0712769,0.347,6.758,885.4,2.4,330.0,2.79,18.1,1,15.0,4939.0,4.506,0.16,0.819,0.785,292.30743,46.62664,15.639,1,confirmed
6124512,K02627.01,Kepler-1296 b,CONFIRMED,8.38395796,0.892,5.2,108.5,3.24,1285.0,645.64,14.1,1,162.0,5405.0,3.741,0.08,2.605,1.365,292.12521,41.40781,14.667,1,confirmed
10070468,K02628.01,Kepler-1297 b,CONFIRMED,1.68189051,0.415,2.992,83.2,1.27,1790.0,2432.14,17.4,1,791.0,5827.0,4.191,0.16,1.374,1.068,289.95651,47.02039,14.812,1,confirmed
7584650,K02631.01,Kepler-1863 b,CONFIRMED,44.9977604,0.928,9.686,170.2,1.59,508.0,15.74,21.4,2,31.0,5871.0,4.493,0.21,0.983,1.097,282.23969,43.244049,13.468,1,confirmed
11337566,K02632.01,Kepler-1298 b,CONFIRMED,7.12815163,0.201,5.522,45.9,1.36,1373.0,839.5,22.0,1,150.0,6311.0,3.998,0.18,1.994,1.443,284.42273,49.10622,11.392,1,confirmed
6364215,K02404.01,,CANDIDATE,2.10081629,0.979,2.8182,169.1,1.65,1378.0,852.78,15.3,2,434.0,5815.0,4.5,-0.08,0.918,0.974,291.87799,41.769581,15.656,0,candidate
5007345,K02406.01,Kepler-1225 b,CONFIRMED,7.01074295,0.427,2.1787,222.8,3.76,1453.0,1054.63,21.3,1,187.0,5814.0,3.745,-0.26,2.476,1.243,290.6333,40.13699,14.689,1,confirmed
12120484,K02407.01,Kepler-1226 b,CONFIRMED,17.2922631,0.865,7.042,203.1,2.13,809.0,101.22,23.7,1,81.0,5936.0,4.261,0.14,1.299,1.122,296.37692,50.621471,14.15,1,confirmed
6429812,K02408.01,Kepler-1227 b,CONFIRMED,94.289223,0.613,4.102,505.4,2.11,369.0,4.39,22.5,1,13.0,5632.0,4.537,0.21,0.904,1.026,287.06638,41.874908,14.183,1,confirmed
6846911,K02477.01,Kepler-1842 b,CONFIRMED,14.02634692,0.877,1.2808,403.6,2.66,822.0,108.07,19.3,1,97.0,5970.0,4.355,0.06,1.131,1.057,286.25165,42.378479,14.729,1,confirmed
5963582,K02479.01,Kepler-1843 b,CONFIRMED,25.5433704,0.44,8.567,138.6,2.11,772.0,84.0,28.4,1,51.0,5422.0,3.945,0.02,1.782,1.02,292.88528,41.27924,12.939,1,confirmed
11403389,K02482.01,Kepler-1251 b,CONFIRMED,45.0909201,0.957,4.605,436.3,2.44,487.0,13.27,14.1,1,27.0,5790.0,4.528,-0.02,0.9,0.998,292.11517,49.256432,14.976,1,confirmed
9851662,K02483.01,Kepler-1252 b,CONFIRMED,15.0539886,0.886,4.422,221.5,1.44,665.0,46.3,16.3,1,73.0,5475.0,4.479,-0.46,0.818,0.734,298.95032,46.692799,14.503,1,confirmed
6467363,K02840.01,,CANDIDATE,3.67936863,0.885,3.47,85.9,0.92,1112.0,361.27,18.1,2,362.0,5676.0,4.474,-0.48,0.848,0.781,298.35361,41.820068,13.884,0,candidate
6467363,K02840.02,,CANDIDATE,7.4464635,0.531,4.084,78.0,0.77,879.0,141.12,12.7,2,165.0,5676.0,4.474,-0.48,0.848,0.781,298.35361,41.820068,13.884,0,candidate
8758204,K02841.01,Kepler-1881 b,CONFIRMED,159.388788,0.109,8.432,1033.0,2.73,289.0,1.65,17.3,1,9.0,5135.0,4.464,0.12,0.874,0.812,293.6394,44.982529,15.822,1,confirmed
8733898,K02842.01,Kepler-446 b,CONFIRMED,1.565412613,0.003,0.7572,2754.6,1.73,648.0,41.85,48.6,3,336.0,3464.0,4.923,-0.14,0.328,0.328,282.25021,44.921108,16.257,1,confirmed
8733898,K02842.02,Kepler-446 d,CONFIRMED,5.14892346,0.719,0.9613,2355.0,1.72,436.0,8.54,25.4,3,88.0,3464.0,4.923,-0.14,0.328,0.328,282.25021,44.921108,16.257,1,confirmed
10332213,K02919.01,Kepler-1885 b,CONFIRMED,2.522590567,1.261,1.406,210.2,25.82,1205.0,499.07,18.5,1,539.0,5591.0,4.559,0.07,0.86,0.977,288.75073,47.490921,14.816,1,confirmed
7090524,K02920.01,Kepler-1386 b,CONFIRMED,6.73968289,0.662,4.183,142.0,1.48,1011.0,246.9,15.4,1,204.0,5511.0,4.261,0.14,1.176,0.92,280.82339,42.636051,14.455,1,confirmed
11133306,K00276.01,Kepler-509 b,CONFIRMED,41.74598855,0.049,4.6125,421.8,2.4,584.0,27.58,110.5,1,33.0,5978.0,4.316,0.0,1.171,1.034,289.6644,48.706211,11.854,1,confirmed
5871985,K02703.01,Kepler-1318 b,CONFIRMED,213.258526,0.037,7.768,1992.3,2.72,202.0,0.39,36.1,1,7.0,4477.0,4.649,-0.2,0.637,0.659,290.37631,41.150742,15.165,1,confirmed
8292840,K00260.02,Kepler-126 d,CONFIRMED,100.2830675,0.535,10.8636,351.2,2.51,475.0,12.07,81.9,3,15.0,6214.0,4.238,-0.16,1.297,1.059,289.34732,44.208511,10.5,1,confirmed
9730163,K02704.01,Kepler-445 c,CONFIRMED,4.871223664,0.706,1.5916,6462.0,1.56,341.0,3.18,50.5,3,119.0,3157.0,5.112,0.26,0.18,0.153,298.73611,46.498634,17.475,1,confirmed
9730163,K02704.02,Kepler-445 b,CONFIRMED,2.984157711,0.45,1.2637,2598.0,0.92,401.0,6.12,24.3,3,195.0,3157.0,5.112,0.26,0.18,0.153,298.73611,46.498634,17.475,1,confirmed
11453592,K02705.01,Kepler-1319 b,CONFIRMED,2.8867624,0.92,0.9879,631.8,1.24,557.0,22.75,37.1,1,269.0,3483.0,4.875,0.1,0.389,0.415,290.95615,49.366398,14.717,1,confirmed
10073672,K02764.01,,CANDIDATE,2.252976718,0.157,1.7131,467.9,1.19,795.0,94.26,21.7,1,502.0,4039.0,4.708,-0.16,0.559,0.583,291.23148,47.033932,15.794,0,candidate
10591855,K02845.01,Kepler-1367 b,CONFIRMED,1.574090323,0.071,1.5796,224.9,0.93,998.0,234.92,17.7,1,859.0,4313.0,4.662,0.36,0.65,0.731,288.41653,47.878731,15.571,1,confirmed
7749773,K02848.01,Kepler-1882 b,CONFIRMED,13.7872627,0.921,5.747,75.1,1.55,894.0,150.64,23.9,1,98.0,5691.0,4.139,0.26,1.458,1.068,290.66412,43.49984,12.458,1,confirmed
9451706,K00271.03,Kepler-127 b,CONFIRMED,14.4359459,0.613,3.414,107.3,1.46,884.0,144.45,22.0,3,90.0,6075.0,4.264,0.32,1.352,1.225,285.19,46.027962,11.485,1,confirmed
10064256,K02849.01,Kepler-1692 b,CONFIRMED,5.95958637,0.26,2.899,133.1,1.02,897.0,153.48,16.1,1,224.0,5452.0,4.535,0.36,0.9,1.012,286.92429,47.053741,14.52,1,confirmed
6842807,K02921.01,,CANDIDATE,16.6146221,0.017,2.706,361.2,1.49,604.0,31.48,10.6,1,65.0,5295.0,4.548,-0.1,0.8,0.825,284.35434,42.388371,15.46,0,candidate
9815053,K02923.01,,CANDIDATE,5.83892993,0.319,1.1066,237.4,1.19,835.0,114.94,15.3,1,228.0,5279.0,4.588,-0.12,0.769,0.839,283.39825,46.689789,14.628,0,candidate
7609553,K02924.01,Kepler-1387 b,CONFIRMED,2.279523364,0.033,1.6202,126.8,0.87,1123.0,374.78,16.7,2,584.0,5017.0,4.516,-0.02,0.797,0.76,292.4404,43.209431,14.589,1,confirmed
10122538,K02926.01,Kepler-1388 b,CONFIRMED,12.2854718,0.291,2.996,1617.1,2.21,434.0,8.39,23.8,5,40.0,3891.0,4.718,0.21,0.564,0.605,283.33606,47.174541,16.279,1,confirmed
10122538,K02926.02,Kepler-1388 c,CONFIRMED,5.53609368,0.791,2.2942,1223.3,2.2,566.0,24.23,22.6,5,88.0,3891.0,4.718,0.21,0.564,0.605,283.33606,47.174541,16.279,1,confirmed
9697131,K02706.01,,CANDIDATE,3.09756897,0.408,4.588,83.3,1.75,1782.0,2380.18,14.6,1,436.0,6329.0,4.026,0.06,1.885,1.374,285.07767,46.419601,10.268,0,candidate
5480640,K02707.01,Kepler-399 d,CONFIRMED,58.0337426,0.021,5.584,807.1,3.21,486.0,13.17,34.9,3,24.0,5467.0,4.271,0.14,1.152,0.902,299.50174,40.670799,14.467,1,confirmed
5480640,K02707.02,Kepler-399 b,CONFIRMED,14.4252635,0.013,3.754,221.2,1.68,773.0,84.28,15.2,3,91.0,5467.0,4.271,0.14,1.152,0.902,299.50174,40.670799,14.467,1,confirmed
5480640,K02707.03,Kepler-399 c,CONFIRMED,26.6757818,0.713,2.696,474.8,2.69,630.0,37.15,20.0,3,51.0,5467.0,4.271,0.14,1.152,0.902,299.50174,40.670799,14.467,1,confirmed
5175986,K02708.01,Kepler-1320 b,CONFIRMED,0.868386354,0.135,1.066,488.5,1.52,1389.0,880.33,27.3,1,1506.0,4792.0,4.627,0.07,0.704,0.793,288.43359,40.380878,15.898,1,confirmed
9008737,K02768.01,Kepler-404 b,CONFIRMED,11.8288843,0.2658,3.337,191.0,1.18,730.0,67.13,9.1,3,,5653.0,4.551,-0.04,0.857,0.952,286.39862,45.343529,15.228,1,confirmed
9008737,K02768.02,Kepler-404 c,CONFIRMED,14.7512034,0.8759,1.25,261.1,1.63,678.0,49.97,8.3,3,,5653.0,4.551,-0.04,0.857,0.952,286.39862,45.343529,15.228,1,confirmed
10917043,K02770.01,,CANDIDATE,205.385912,0.008,8.681,1248.7,2.11,200.0,0.38,24.3,1,7.0,4400.0,4.659,-0.2,0.624,0.646,290.25385,48.360821,15.558,0,candidate
6521045,K00041.02,Kepler-100 b,CONFIRMED,6.88707073,0.696,4.4679,68.7,1.3,1155.0,420.97,38.2,3,187.0,5788.0,4.122,0.1,1.474,1.05,291.38599,41.990269,11.197,1,confirmed
6697605,K02851.01,Kepler-1985 b,CONFIRMED,3.42064689,0.92,1.767,356.8,2.27,1129.0,382.68,13.9,2,330.0,5370.0,4.411,0.14,0.966,0.877,293.56635,42.13258,15.472,1,confirmed
6697605,K02851.02,,CANDIDATE,1.23935745,0.932,1.683,150.9,1.5,1583.0,1488.51,9.7,2,874.0,5370.0,4.411,0.14,0.966,0.877,293.56635,42.13258,15.472,0,candidate
6294819,K02852.01,Kepler-1368 b,CONFIRMED,0.675650404,0.03,1.8261,200.7,1.36,2085.0,4473.06,22.4,1,1681.0,5966.0,4.493,-0.02,0.961,1.049,294.76697,41.64468,15.892,1,confirmed
12602314,K02853.01,,CANDIDATE,1.407020118,0.167,1.3766,181.9,1.12,1350.0,782.45,18.9,1,947.0,5022.0,4.485,0.18,0.849,0.804,290.43323,51.626041,14.946,0,candidate
5787131,K02927.01,,CANDIDATE,24.4359956,0.019,6.254,496.6,2.31,674.0,48.81,17.1,1,47.0,6197.0,4.449,-0.08,1.035,1.096,290.54007,41.09304,15.849,0,candidate
11401755,K00277.01,Kepler-36 c,CONFIRMED,16.23191704,0.017,7.461,501.6,3.54,926.0,174.1,194.9,2,81.0,5919.0,4.042,-0.2,1.585,1.009,291.25018,49.231834,11.866,1,confirmed
8292840,K00260.03,Kepler-126 c,CONFIRMED,21.86965714,0.557,5.5177,125.5,1.51,790.0,92.0,43.5,3,59.0,6214.0,4.238,-0.16,1.297,1.059,289.34732,44.208511,10.5,1,confirmed
5272233,K02711.01,Kepler-400 b,CONFIRMED,9.02436414,0.014,3.011,214.6,1.62,939.0,183.39,23.5,2,143.0,5885.0,4.348,0.0,1.111,1.004,290.94449,40.480042,13.642,1,confirmed
5272233,K02711.02,Kepler-400 c,CONFIRMED,17.3408735,0.489,3.398,159.0,1.43,755.0,76.86,13.5,2,76.0,5885.0,4.348,0.0,1.111,1.004,290.94449,40.480042,13.642,1,confirmed
6346809,K02775.01,,CANDIDATE,17.57704569,1.25,2.022,670.0,27.21,673.0,48.33,19.1,1,61.0,5653.0,4.442,-0.32,0.901,0.819,285.09872,41.775921,14.94,0,candidate
4547603,K02855.01,,CANDIDATE,1.400755743,0.413,1.0562,144.4,1.3,1628.0,1659.74,19.8,1,956.0,5487.0,4.333,0.12,1.072,0.902,287.19247,39.626148,14.456,0,candidate
5688910,K02856.01,Kepler-1369 b,CONFIRMED,25.8730914,0.196,5.085,694.4,2.88,667.0,46.82,20.1,1,21.0,6036.0,4.382,0.02,1.093,1.048,285.79724,40.93618,15.323,1,confirmed
6345732,K02857.01,Kepler-1370 b,CONFIRMED,20.2642023,0.914,4.664,185.3,2.12,770.0,82.92,19.9,2,51.0,5937.0,4.251,0.1,1.291,1.084,284.56567,41.778481,13.701,1,confirmed
5716763,K00272.01,,CANDIDATE,1.28132831,0.926,0.9157,525.5,4.52,2215.0,5673.71,196.4,1,1670.0,5918.0,3.978,-0.62,1.596,0.881,295.10114,40.986679,12.107,0,candidate
6345732,K02857.02,Kepler-1370 c,CONFIRMED,7.44136102,0.862,4.554,79.7,1.33,1075.0,315.02,14.2,2,136.0,5937.0,4.251,0.1,1.291,1.084,284.56567,41.778481,13.701,1,confirmed
8611257,K02931.01,Kepler-1389 b,CONFIRMED,99.2532336,0.947,7.208,538.0,2.17,300.0,1.93,20.5,1,15.0,5010.0,4.623,-0.16,0.715,0.798,285.71741,44.758419,14.699,1,confirmed
12416987,K02933.01,,CANDIDATE,119.0833042,1.257,2.558,2951.0,22.19,240.0,0.78,18.9,1,11.0,4412.0,4.662,-0.2,0.623,0.65,295.67798,51.257839,15.823,0,candidate
8259713,K02935.01,,CANDIDATE,27.8813154,0.168,6.346,209.2,1.54,681.0,50.86,15.5,1,46.0,6434.0,4.414,-0.36,1.055,1.048,299.6611,44.112381,13.603,0,candidate
10880507,K02936.01,Kepler-1390 b,CONFIRMED,6.4802138,0.725,3.27,142.0,1.26,934.0,180.05,13.7,1,160.0,5496.0,4.417,0.14,0.983,0.92,298.66235,48.24876,14.421,1,confirmed
11098013,K02712.01,,CANDIDATE,7.50790041,0.795,5.646,145.0,1.77,1138.0,396.33,11.9,1,144.0,6408.0,4.309,0.3,1.337,1.329,297.74728,48.694309,11.125,0,candidate
12206313,K02714.01,Kepler-401 b,CONFIRMED,14.3832267,0.7,8.378,178.5,1.84,889.0,147.78,39.0,3,89.0,6115.0,4.249,-0.04,1.291,1.077,290.08276,50.86348,13.312,1,confirmed
12206313,K02714.02,Kepler-401 c,CONFIRMED,47.3186631,0.189,10.465,263.4,2.1,598.0,30.22,36.2,3,28.0,6115.0,4.249,-0.04,1.291,1.077,290.08276,50.86348,13.312,1,confirmed
9837661,K02715.01,Kepler-1321 b,CONFIRMED,11.12827427,0.594,2.6118,6057.0,4.04,408.0,6.52,65.6,3,58.0,3640.0,4.744,0.21,0.503,0.513,294.52859,46.640968,16.835,1,confirmed
7769819,K02778.01,Kepler-1342 b,CONFIRMED,2.21571296,0.796,1.8211,285.1,1.7,1283.0,638.56,22.1,1,515.0,5417.0,4.447,-0.08,0.901,0.83,297.02008,43.432549,15.392,1,confirmed
11874577,K02779.01,Kepler-1875 b,CONFIRMED,34.4585495,0.626,7.434,431.0,1.88,559.0,23.05,23.7,1,39.0,6161.0,4.545,-0.5,0.862,0.95,296.77283,50.188419,14.936,1,confirmed
12164564,K02780.01,Kepler-1343 b,CONFIRMED,3.35184041,0.091,1.9855,345.3,1.88,1294.0,661.69,20.0,1,391.0,6198.0,4.464,-0.16,1.005,1.072,294.29453,50.725368,15.526,1,confirmed
3425851,K00268.01,,CANDIDATE,110.3783828,0.014,12.211,489.8,3.02,473.0,11.82,108.9,1,12.0,6342.0,4.242,-0.06,1.359,1.175,285.72879,38.506973,10.56,0,candidate
10397751,K02859.01,Kepler-1371 b,CONFIRMED,3.4462125,0.704,2.101,83.5,0.7,1015.0,251.24,15.6,5,386.0,5374.0,4.555,-0.68,0.721,0.68,288.83136,47.551991,13.851,1,confirmed
10397751,K02859.02,Kepler-1371 c,CONFIRMED,2.005414293,0.874,1.934,59.5,0.65,1216.0,516.85,13.9,5,625.0,5374.0,4.555,-0.68,0.721,0.68,288.83136,47.551991,13.851,1,confirmed
10397751,K02859.03,,CANDIDATE,4.28886792,0.534,2.599,59.3,0.57,944.0,187.43,11.1,5,240.0,5374.0,4.555,-0.68,0.721,0.68,288.83136,47.551991,13.851,0,candidate
6679295,K02862.01,,CANDIDATE,24.5752524,0.489,2.258,1003.4,1.64,316.0,2.35,12.1,1,45.0,3678.0,4.755,0.26,0.512,0.545,287.94861,42.156139,15.907,0,candidate
9642292,K02946.01,Kepler-1392 b,CONFIRMED,15.1408916,0.136,4.359,476.8,1.93,714.0,61.42,20.1,1,77.0,5926.0,4.532,-0.2,0.887,0.978,288.76697,46.394421,15.679,1,confirmed
6356692,K02948.01,Kepler-1888 b,CONFIRMED,11.39169531,0.849,5.0,51.0,1.02,886.0,145.67,19.0,1,119.0,5557.0,4.198,0.0,1.249,0.897,289.39474,41.782349,11.926,1,confirmed
6026737,K02949.01,,CANDIDATE,10.1747037,0.726,5.179,52.4,1.04,985.0,222.53,11.8,2,103.0,5866.0,4.191,0.0,1.339,1.016,285.87579,41.332432,13.313,0,candidate
4991208,K02951.01,Kepler-1393 b,CONFIRMED,2.44358543,0.258,1.852,59.1,0.67,1249.0,574.37,11.9,1,425.0,5561.0,4.486,-0.18,0.873,0.85,284.45947,40.142559,13.348,1,confirmed
9837661,K02715.02,Kepler-1321 c,CONFIRMED,2.226496196,0.048,1.7073,1839.1,2.1,697.0,55.76,36.0,3,274.0,3640.0,4.744,0.21,0.503,0.513,294.52859,46.640968,16.835,1,confirmed
9837661,K02715.03,Kepler-1321 d,CONFIRMED,5.72084599,0.166,2.744,1316.0,1.78,509.0,15.84,20.5,3,94.0,3640.0,4.744,0.21,0.503,0.513,294.52859,46.640968,16.835,1,confirmed
9092504,K02716.01,Kepler-1322 b,CONFIRMED,0.962864171,0.736,1.6802,303.5,1.52,1666.0,1828.67,31.6,2,1355.0,5704.0,4.575,-0.3,0.804,0.897,293.20453,45.435398,15.81,1,confirmed
5383248,K00261.01,Kepler-96 b,CONFIRMED,16.23847733,0.766,3.9699,646.7,2.76,711.0,60.35,125.8,1,79.0,5683.0,4.422,0.04,0.993,0.951,297.06961,40.525131,10.297,1,confirmed
9092504,K02716.02,Kepler-1322 c,CONFIRMED,6.46004728,0.828,1.979,394.2,1.8,883.0,144.06,17.0,2,167.0,5704.0,4.575,-0.3,0.804,0.897,293.20453,45.435398,15.81,1,confirmed
10001368,K02785.01,Kepler-1344 b,CONFIRMED,4.76831033,0.191,3.2363,251.8,1.78,1219.0,522.81,35.4,1,131.0,6237.0,4.374,-0.08,1.116,1.069,287.0863,46.945808,14.083,1,confirmed
9466429,K02786.01,Kepler-1345 b,CONFIRMED,44.616751,0.618,7.831,239.7,2.31,693.0,54.56,28.4,1,31.0,6763.0,4.22,-0.32,1.424,1.235,292.47797,46.022831,13.791,1,confirmed
8885643,K02789.01,Kepler-1346 b,CONFIRMED,3.40165617,0.906,1.9617,155.9,1.34,1236.0,552.42,19.9,1,397.0,6177.0,4.516,-0.4,0.906,0.982,291.84131,45.17918,14.497,1,confirmed
5652893,K02790.01,Kepler-1347 b,CONFIRMED,14.00948631,0.268,3.399,169.9,0.98,617.0,34.32,22.6,1,93.0,5153.0,4.551,-0.18,0.767,0.763,299.65961,40.843849,13.38,1,confirmed
8681833,K02865.01,Kepler-1372 b,CONFIRMED,1.311558909,0.218,1.919,141.3,1.15,1655.0,1776.99,17.2,1,1016.0,5926.0,4.501,0.07,0.963,1.072,288.88663,44.83955,15.371,1,confirmed
4138951,K02866.01,Kepler-1373 b,CONFIRMED,1.291233083,0.2,1.855,66.0,0.89,1887.0,2993.7,15.9,1,1032.0,6384.0,4.419,-0.16,1.086,1.129,285.75204,39.24921,14.135,1,confirmed
3102384,K00273.01,Kepler-454 b,CONFIRMED,10.573751447,0.785,1.7259,298.9,2.07,844.0,120.25,82.0,1,129.0,5720.0,4.4,0.34,1.08,1.067,287.47852,38.22884,11.457,1,confirmed
10471515,K02961.01,Kepler-1395 b,CONFIRMED,3.7847507,0.021,2.924,33.5,0.7,1311.0,699.15,12.2,1,351.0,6017.0,4.326,0.14,1.206,1.126,292.33755,47.6642,12.581,1,confirmed
4935172,K02962.01,,CANDIDATE,2.17291055,0.362,2.139,76.4,0.93,1507.0,1220.49,13.6,1,498.0,6164.0,4.446,-0.02,1.045,1.109,294.86319,40.007511,14.229,0,candidate
8760040,K02963.01,Kepler-1396 b,CONFIRMED,18.2206024,0.125,5.109,201.8,1.78,786.0,90.43,19.7,2,74.0,5951.0,4.283,0.14,1.262,1.117,294.33646,44.918289,14.544,1,confirmed
8760040,K02963.02,,CANDIDATE,7.35101287,0.608,2.757,115.9,1.42,1064.0,303.08,12.8,2,175.0,5951.0,4.283,0.14,1.262,1.117,294.33646,44.918289,14.544,0,candidate
10098844,K02964.01,Kepler-1397 b,CONFIRMED,47.4497134,0.016,10.675,206.4,1.61,551.0,21.82,16.9,2,24.0,6007.0,4.353,0.0,1.126,1.042,299.67587,47.07584,14.089,1,confirmed
9467404,K02717.01,Kepler-1323 b,CONFIRMED,0.929906166,0.102,1.743,108.7,1.48,2291.0,6514.57,79.7,1,1440.0,6039.0,4.169,-0.04,1.413,1.075,292.87228,46.098881,12.41,1,confirmed
5184911,K02719.01,Kepler-1324 b,CONFIRMED,4.11585514,0.807,1.4858,425.8,1.93,895.0,151.55,20.8,2,319.0,4827.0,4.508,0.32,0.823,0.796,291.18497,40.311211,15.141,1,confirmed
8176564,K02720.01,,CANDIDATE,6.57159435,0.751,3.1044,65.7,1.26,1211.0,507.81,30.7,1,203.0,6042.0,4.139,-0.16,1.432,1.029,295.43967,44.039162,10.338,0,candidate
6587105,K02721.01,Kepler-1325 b,CONFIRMED,33.878639,0.923,6.194,700.1,3.52,564.0,24.0,27.9,1,29.0,5533.0,4.348,0.16,1.072,0.933,285.01721,42.085381,15.16,1,confirmed
11662184,K02791.01,Kepler-1348 b,CONFIRMED,27.5722144,0.562,5.256,296.3,1.94,636.0,38.62,20.0,1,49.0,5912.0,4.397,0.16,1.09,1.079,292.08746,49.788761,14.718,1,confirmed
11127479,K02792.01,Kepler-1349 b,CONFIRMED,2.12821621,0.098,3.146,25.9,0.7,1668.0,1831.55,22.1,1,498.0,5952.0,4.227,0.18,1.377,1.168,286.33835,48.744099,11.126,1,confirmed
10604521,K02797.01,,CANDIDATE,0.868122253,0.006,1.5471,231.3,1.65,2047.0,4163.14,23.2,1,1303.0,6116.0,4.44,0.21,1.084,1.181,293.68356,47.833141,15.8,0,candidate
8884274,K02868.01,Kepler-1374 b,CONFIRMED,10.65275054,0.051,2.684,740.7,2.2,737.0,69.81,17.5,1,107.0,5602.0,4.571,-0.16,0.817,0.913,291.34998,45.172272,15.97,1,confirmed
7767162,K02869.01,Kepler-1375 b,CONFIRMED,3.30040818,0.008,4.462,98.8,1.43,1543.0,1341.9,19.3,2,341.0,6333.0,4.229,0.16,1.438,1.279,296.29355,43.403271,13.749,1,confirmed
4385148,K02942.01,,CANDIDATE,13.84301228,0.052,4.077,567.8,1.98,699.0,56.45,17.5,2,60.0,5745.0,4.559,-0.2,0.837,0.928,296.26456,39.40596,15.48,0,candidate
4385148,K02942.02,Kepler-1886 b,CONFIRMED,24.2758992,0.441,4.59,702.2,2.25,580.0,26.68,17.0,2,33.0,5745.0,4.559,-0.2,0.837,0.928,296.26456,39.40596,15.48,1,confirmed
9838468,K02943.01,Kepler-1391 b,CONFIRMED,54.4099612,0.157,9.314,193.0,1.56,513.0,16.35,20.8,1,25.0,5746.0,4.309,0.0,1.133,0.954,294.83102,46.659592,13.852,1,confirmed
8617363,K02945.01,Kepler-1887 b,CONFIRMED,19.94752741,0.094,1.756,861.3,2.52,625.0,36.14,16.0,1,65.0,5749.0,4.547,-0.1,0.864,0.961,288.95551,44.7057,15.999,1,confirmed
11401755,K00277.02,Kepler-36 b,CONFIRMED,13.84984567,0.012,7.2783,84.6,1.45,977.0,214.98,35.2,2,94.0,5919.0,4.042,-0.2,1.585,1.009,291.25018,49.231834,11.866,1,confirmed
7673192,K02722.01,Kepler-402 c,CONFIRMED,6.12479773,0.79,3.466,129.3,1.51,1140.0,399.43,20.1,5,217.0,6052.0,4.285,-0.12,1.202,1.015,288.37024,43.35461,13.268,1,confirmed
7673192,K02722.02,Kepler-402 e,CONFIRMED,11.24284815,0.52,4.241,136.0,1.44,931.0,177.7,17.4,5,103.0,6052.0,4.285,-0.12,1.202,1.015,288.37024,43.35461,13.268,1,confirmed
7673192,K02722.03,Kepler-402 b,CONFIRMED,4.02877097,0.193,3.173,100.4,1.21,1311.0,699.45,18.6,5,311.0,6052.0,4.285,-0.12,1.202,1.015,288.37024,43.35461,13.268,1,confirmed
7673192,K02722.04,Kepler-402 d,CONFIRMED,8.92114318,0.12,3.933,110.8,1.27,1006.0,241.79,15.3,5,127.0,6052.0,4.285,-0.12,1.202,1.015,288.37024,43.35461,13.268,1,confirmed
11807274,K00262.01,Kepler-50 b,CONFIRMED,7.81285862,0.03,4.098,117.3,1.68,1196.0,483.06,32.3,2,171.0,6237.0,4.136,0.0,1.543,1.187,288.10086,50.033718,10.421,1,confirmed
7670943,K00269.01,Kepler-1713 b,CONFIRMED,18.01164974,0.924,6.7367,107.8,1.83,900.0,155.37,60.8,1,76.0,6477.0,4.224,0.1,1.459,1.3,287.34573,43.378391,10.927,1,confirmed
6697756,K02798.01,Kepler-1351 b,CONFIRMED,0.916142298,0.232,1.1555,98.5,0.6,1212.0,507.47,23.0,1,1462.0,4374.0,4.639,-0.34,0.614,0.6,293.60873,42.197681,14.107,1,confirmed
5905822,K02801.01,Kepler-1876 b,CONFIRMED,6.99205021,0.944,5.037,33.4,1.06,1194.0,479.87,24.4,1,196.0,6057.0,4.139,-0.06,1.467,1.081,299.16049,41.14373,10.787,1,confirmed
10793172,K02871.01,Kepler-1693 b,CONFIRMED,12.0999065,0.14,3.558,165.5,1.39,807.0,100.37,15.1,4,110.0,5553.0,4.33,0.16,1.098,0.941,290.20163,48.185822,14.754,1,confirmed
10793172,K02871.02,Kepler-1693 c,CONFIRMED,5.36375016,0.008,2.94,114.3,1.15,1059.0,296.73,14.4,4,249.0,5553.0,4.33,0.16,1.098,0.941,290.20163,48.185822,14.754,1,confirmed
4367854,K02876.01,,CANDIDATE,5.1952021,0.604,2.1552,320.8,1.37,836.0,115.35,17.7,2,156.0,5044.0,4.551,-0.28,0.738,0.708,292.37903,39.435841,14.937,0,candidate
8801316,K02956.01,Kepler-1394 b,CONFIRMED,3.93766786,0.226,4.655,24.3,1.36,1947.0,3388.82,16.8,1,344.0,6277.0,3.728,-0.06,2.741,1.465,283.45319,45.084141,11.801,1,confirmed
10597693,K02958.01,,CANDIDATE,31.6084371,0.022,3.675,331.6,1.89,634.0,38.1,16.2,1,44.0,6341.0,4.446,-0.24,1.033,1.083,290.9288,47.887249,14.756,0,candidate
7466270,K02959.01,,CANDIDATE,16.1558656,0.973,3.798,731.3,2.04,455.0,10.1,17.5,1,70.0,4504.0,4.713,-1.06,0.53,0.528,297.27222,43.098721,15.771,0,candidate
12314973,K00279.01,Kepler-450 b,CONFIRMED,28.45489091,0.5,8.1593,1418.6,6.08,769.0,82.7,244.7,3,48.0,6206.0,4.159,0.22,1.573,1.305,295.48651,51.0135,11.684,1,confirmed
3346154,K02723.01,Kepler-1871 b,CONFIRMED,1.952711161,0.962,0.872,403.0,2.58,1403.0,917.15,30.7,1,684.0,5741.0,4.495,0.12,0.946,1.02,292.42749,38.472912,14.575,1,confirmed
5775129,K02802.01,Kepler-1691 b,CONFIRMED,3.84822189,0.368,2.013,203.9,1.72,1283.0,641.53,17.6,1,270.0,5927.0,4.323,0.16,1.193,1.094,286.25443,41.02187,14.919,1,confirmed
9898447,K02803.01,Kepler-1877 b,CONFIRMED,2.37752442,0.256,2.307,32.1,0.53,1278.0,632.62,15.9,1,563.0,5615.0,4.505,0.24,0.936,1.022,294.86688,46.790562,12.258,1,confirmed
11135308,K02805.01,Kepler-1352 b,CONFIRMED,1.877878538,0.248,2.39,47.5,0.78,1701.0,1977.35,20.6,1,714.0,6324.0,4.352,-0.28,1.115,1.017,290.69373,48.701481,13.295,1,confirmed
2985587,K02807.01,,CANDIDATE,3.375716723,0.982,1.5436,175.7,2.34,1472.0,1111.66,20.2,1,394.0,6310.0,4.273,-0.08,1.282,1.122,290.48007,38.136688,13.91,0,candidate
6521045,K00041.03,Kepler-100 d,CONFIRMED,35.3331932,0.656,5.966,99.7,1.55,670.0,47.52,28.8,3,35.0,5788.0,4.122,0.1,1.474,1.05,291.38599,41.990269,11.197,1,confirmed
8077137,K00274.01,Kepler-128 b,CONFIRMED,15.0896415,0.02,4.3349,77.8,1.42,968.0,207.64,29.5,2,91.0,6063.0,4.061,-0.1,1.613,1.092,282.49222,43.980209,11.39,1,confirmed
7019524,K02877.01,Kepler-1376 b,CONFIRMED,5.30873978,0.173,3.018,127.5,1.08,1042.0,279.21,16.7,1,256.0,5914.0,4.483,-0.06,0.955,1.011,286.95844,42.541382,14.699,1,confirmed
5106313,K02878.01,Kepler-1694 b,CONFIRMED,3.89524296,0.224,1.689,189.0,1.13,956.0,197.66,16.2,1,279.0,5018.0,4.492,0.14,0.838,0.795,293.79358,40.240929,14.756,1,confirmed
9825174,K02880.01,Kepler-1377 b,CONFIRMED,0.740926358,0.202,1.0163,195.5,1.22,1873.0,2909.21,20.0,1,1760.0,5618.0,4.494,-0.18,0.874,0.87,289.19547,46.651699,15.918,1,confirmed
5642620,K02882.01,,CANDIDATE,75.8580035,0.935,5.382,1148.4,2.72,281.0,1.47,16.1,2,12.0,4474.0,4.67,-0.3,0.614,0.645,297.59085,40.81496,15.398,0,candidate
5980783,K02967.01,Kepler-1889 b,CONFIRMED,37.3033197,0.908,7.793,551.7,2.31,493.0,14.0,19.5,1,30.0,5646.0,4.55,-0.28,0.817,0.864,297.19928,41.226429,15.527,1,confirmed
8873090,K02968.01,,CANDIDATE,10.16435076,0.915,6.017,37.7,1.99,1389.0,879.94,18.4,1,132.0,6133.0,3.718,-0.14,2.71,1.401,286.58014,45.163822,11.912,0,candidate
12008872,K02729.01,Kepler-1327 b,CONFIRMED,14.8877665,0.795,4.981,252.5,1.96,831.0,112.85,28.4,1,91.0,6143.0,4.344,-0.2,1.116,1.001,289.06485,50.460972,13.914,1,confirmed
8415200,K02730.01,Kepler-1328 b,CONFIRMED,4.52158614,0.203,3.4702,106.2,1.31,1214.0,513.68,26.2,1,292.0,5576.0,4.201,0.16,1.289,0.963,284.67538,44.41777,13.836,1,confirmed
9886361,K02732.01,Kepler-403 b,CONFIRMED,7.03146295,0.014,5.922,85.4,1.38,1194.0,480.26,33.8,4,193.0,6170.0,4.192,0.24,1.499,1.282,289.92145,46.74456,12.805,1,confirmed
9886361,K02732.03,Kepler-403 c,CONFIRMED,54.2811949,0.85,5.517,147.8,2.07,604.0,31.45,20.0,4,23.0,6170.0,4.192,0.24,1.499,1.282,289.92145,46.74456,12.805,1,confirmed
6528464,K00270.01,Kepler-449 b,CONFIRMED,12.58229808,0.044,6.375,118.7,1.53,917.0,167.41,62.1,2,106.0,5587.0,4.091,-0.1,1.423,0.911,293.73282,41.900829,11.411,1,confirmed
5209845,K02883.01,Kepler-1378 b,CONFIRMED,11.95401876,0.744,2.656,855.9,2.1,525.0,17.92,19.3,1,97.0,4359.0,4.611,-0.06,0.659,0.648,297.37332,40.366402,15.911,1,confirmed
6129524,K02886.01,Kepler-1379 b,CONFIRMED,0.88184263,0.454,1.3117,249.9,1.24,1564.0,1419.46,21.2,1,1287.0,5268.0,4.594,-0.06,0.776,0.871,293.67047,41.410252,15.919,1,confirmed
5794570,K02675.01,Kepler-1312 b,CONFIRMED,5.448321078,0.614,2.2213,529.4,2.17,978.0,215.95,55.1,2,245.0,5721.0,4.517,0.02,0.905,0.983,292.97125,41.03577,12.43,1,confirmed
5794570,K02675.02,Kepler-1312 c,CONFIRMED,1.116127169,0.648,1.3235,109.2,1.0,1659.0,1797.63,19.2,2,1137.0,5721.0,4.517,0.02,0.905,0.983,292.97125,41.03577,12.43,1,confirmed
9958387,K02677.01,,CANDIDATE,237.787237,0.947,10.509,1627.7,9.91,354.0,3.73,92.3,1,6.0,5185.0,3.936,0.34,1.853,1.08,294.75769,46.83112,13.46,0,candidate
6779260,K02678.01,Kepler-1313 b,CONFIRMED,3.833087643,0.932,1.51,461.4,2.25,1012.0,247.8,40.2,2,350.0,5397.0,4.543,-0.02,0.831,0.878,292.38855,42.233261,11.799,1,confirmed
11807274,K00262.02,Kepler-50 c,CONFIRMED,9.37663713,0.828,2.1033,118.4,1.89,1125.0,379.3,21.0,2,143.0,6237.0,4.136,0.0,1.543,1.187,288.10086,50.033718,10.421,1,confirmed
5953297,K02733.01,Kepler-1688 b,CONFIRMED,5.62006198,0.969,2.751,190.1,1.45,772.0,84.01,17.4,1,238.0,4868.0,4.6,0.14,0.746,0.814,289.55301,41.297852,14.009,1,confirmed
7659389,K02734.01,Kepler-1872 b,CONFIRMED,3.8259005,0.951,1.8057,857.2,3.45,1005.0,241.25,20.3,1,298.0,5223.0,4.505,0.32,0.885,0.913,281.04916,43.322601,15.768,1,confirmed
9472074,K02735.01,Kepler-1873 b,CONFIRMED,0.558841234,0.307,0.7918,280.9,1.33,1787.0,2412.15,26.3,1,2391.0,5151.0,4.592,0.21,0.792,0.903,294.59656,46.048302,15.6,1,confirmed
10842192,K02736.01,Kepler-1329 b,CONFIRMED,9.33648141,0.901,2.5449,885.4,2.39,577.0,26.22,23.1,1,148.0,4442.0,4.619,-0.2,0.648,0.637,281.64774,48.271049,15.911,1,confirmed
2442448,K02812.01,Kepler-1354 b,CONFIRMED,76.6139446,0.851,10.22,498.7,2.61,466.0,11.12,28.6,1,18.0,6173.0,4.408,-0.28,1.03,0.988,291.24518,37.75906,14.357,1,confirmed
11197853,K02813.01,,CANDIDATE,0.698461304,0.459,0.7887,134.4,14.81,5173.0,168689.02,16.1,1,1908.0,4676.0,2.577,0.26,12.558,2.17,295.34222,48.856152,13.586,0,candidate
11283615,K02816.01,Kepler-1355 b,CONFIRMED,1.289590179,0.401,1.3541,286.0,1.38,1448.0,1040.23,18.9,1,833.0,5467.0,4.578,-0.08,0.808,0.906,283.74142,49.067982,15.471,1,confirmed
7605093,K02817.01,Kepler-1356 b,CONFIRMED,0.634003002,0.367,0.9207,316.9,1.35,1714.0,2030.16,21.0,1,1013.0,5226.0,4.606,-0.16,0.75,0.84,290.99536,43.243938,15.76,1,confirmed
8077137,K00274.02,Kepler-128 c,CONFIRMED,22.8030252,0.291,4.768,62.9,1.29,843.0,119.6,20.4,2,58.0,6063.0,4.061,-0.1,1.613,1.092,282.49222,43.980209,11.39,1,confirmed
7463685,K02890.01,Kepler-1884 b,CONFIRMED,8.98826122,0.92,4.96,160.8,1.39,864.0,131.92,14.5,1,148.0,5984.0,4.521,-0.2,0.906,0.993,296.74643,43.045441,15.257,1,confirmed
6716021,K02679.01,,CANDIDATE,110.7556272,0.917,6.819,8067.0,29.64,651.0,42.53,48.5,1,11.0,6525.0,3.772,-0.16,2.668,1.536,297.84125,42.118252,13.455,0,candidate
8326342,K02680.01,,CANDIDATE,14.4079035,1.226,2.524,3058.0,23.4,624.0,35.81,7.7,1,91.0,5440.0,4.617,-0.4,0.728,0.814,299.7915,44.281231,14.599,0,candidate
6878240,K02681.01,Kepler-397 c,CONFIRMED,135.4978256,0.804,6.769,5038.1,6.01,295.0,1.8,73.2,2,10.0,5307.0,4.572,-0.28,0.757,0.782,295.8941,42.380451,15.996,1,confirmed
6878240,K02681.02,Kepler-397 b,CONFIRMED,22.2508509,0.771,1.745,618.7,2.07,539.0,20.01,11.4,2,59.0,5307.0,4.572,-0.28,0.757,0.782,295.8941,42.380451,15.996,1,confirmed
4831728,K02739.01,Kepler-1330 b,CONFIRMED,10.10773789,0.151,3.828,294.9,1.98,879.0,140.75,25.3,2,136.0,5480.0,4.26,0.16,1.174,0.915,290.57672,39.95689,15.017,1,confirmed
4831728,K02739.02,,CANDIDATE,7.0956395,0.06,3.465,108.1,1.2,989.0,225.73,10.5,2,182.0,5480.0,4.26,0.16,1.174,0.915,290.57672,39.95689,15.017,0,candidate
6528464,K00270.02,Kepler-449 c,CONFIRMED,33.67280658,0.309,8.2267,170.9,1.86,661.0,45.09,61.2,2,36.0,5587.0,4.091,-0.1,1.423,0.911,293.73282,41.900829,11.411,1,confirmed
11963206,K02820.01,Kepler-1357 b,CONFIRMED,3.00912491,0.009,2.228,191.4,1.22,1177.0,452.27,16.5,1,447.0,5713.0,4.541,0.07,0.893,1.01,291.5481,50.35331,15.273,1,confirmed
4249611,K02821.01,,CANDIDATE,79.2450351,0.001,5.382,1347.3,3.33,404.0,6.33,14.4,1,15.0,5648.0,4.464,-0.12,0.917,0.892,287.84833,39.358429,15.302,0,candidate
8263545,K02822.01,Kepler-1878 b,CONFIRMED,4.44589508,0.704,2.3816,441.4,1.94,1063.0,302.6,20.9,1,253.0,5918.0,4.544,-0.26,0.865,0.956,300.73239,44.107059,15.391,1,confirmed
6937402,K02894.01,Kepler-1380 b,CONFIRMED,10.3108232,0.129,5.617,204.0,1.27,786.0,90.1,14.0,1,131.0,5708.0,4.521,-0.02,0.893,0.967,288.11606,42.440418,15.619,1,confirmed
7899070,K02683.01,,CANDIDATE,126.4451275,0.046,16.7151,3252.5,4.49,321.0,2.51,110.9,1,11.0,5613.0,4.581,-0.26,0.795,0.888,294.53934,43.60778,15.5,0,candidate
7826659,K02686.01,Kepler-1868 b,CONFIRMED,211.032819,0.808,7.119,1953.4,3.43,215.0,0.5,69.3,1,7.0,4658.0,4.632,0.0,0.686,0.743,293.29837,43.55587,13.855,1,confirmed
7202957,K02687.01,Kepler-1869 c,CONFIRMED,1.716828304,0.7,2.068,59.5,0.74,1455.0,1056.84,14.2,2,782.0,5808.0,4.522,-0.06,0.902,0.987,292.61511,42.764252,10.158,1,confirmed
8095441,K02743.01,Kepler-1332 b,CONFIRMED,11.87457664,0.432,1.9797,220.7,1.32,728.0,66.33,21.4,1,116.0,5523.0,4.506,0.0,0.88,0.907,291.02859,43.91367,13.756,1,confirmed
5881813,K02744.01,Kepler-1333 b,CONFIRMED,109.6469948,0.797,6.568,899.7,4.85,428.0,7.95,26.7,2,13.0,5332.0,4.083,0.18,1.453,0.932,293.52756,41.111439,15.162,1,confirmed
12456601,K02745.01,Kepler-1334 b,CONFIRMED,15.64588656,0.033,3.959,572.1,2.18,710.0,60.08,26.9,1,85.0,5896.0,4.518,-0.08,0.916,1.008,289.31149,51.320862,15.241,1,confirmed
7428736,K02827.01,Kepler-1358 b,CONFIRMED,7.06321927,0.56,2.411,207.2,1.21,827.0,110.22,12.6,1,185.0,5305.0,4.489,-0.26,0.818,0.753,286.17053,43.008911,14.572,1,confirmed
11129258,K02898.01,Kepler-1381 b,CONFIRMED,25.384175,0.245,3.576,594.0,2.44,649.0,42.01,15.8,1,41.0,6137.0,4.471,-0.12,0.994,1.067,287.53577,48.727791,15.535,1,confirmed
10586004,K00275.01,Kepler-129 b,CONFIRMED,15.79196594,0.032,7.2772,203.1,2.4,910.0,161.97,77.3,2,69.0,5758.0,4.072,0.3,1.704,1.251,285.31125,47.848564,11.696,1,confirmed
4939533,K02899.01,,CANDIDATE,5.77207177,0.018,2.605,328.5,1.54,915.0,165.58,13.2,1,183.0,5591.0,4.559,0.07,0.86,0.977,295.84747,40.006721,15.703,0,candidate
4846856,K02900.01,,CANDIDATE,46.151253,0.688,5.346,649.0,2.08,423.0,7.59,17.1,1,18.0,5204.0,4.525,-0.32,0.769,0.723,294.8418,39.91888,15.266,0,candidate
7202957,K02687.02,Kepler-1869 b,CONFIRMED,8.16733851,0.801,3.337,104.9,1.03,865.0,132.43,14.8,2,153.0,5808.0,4.522,-0.06,0.902,0.987,292.61511,42.764252,10.158,1,confirmed
6521045,K00041.01,Kepler-100 c,CONFIRMED,12.81590421,0.58,6.3856,220.5,2.26,939.0,183.68,106.7,3,104.0,5788.0,4.122,0.1,1.474,1.05,291.38599,41.990269,11.197,1,confirmed
8892303,K02688.01,Kepler-1314 b,CONFIRMED,5.424749327,0.016,1.139,7680.0,5.15,625.0,36.05,78.0,1,142.0,4137.0,4.658,-0.22,0.591,0.58,294.23764,45.197105,16.406,1,confirmed
10265602,K02689.01,,CANDIDATE,165.3447044,0.917,3.09,4899.0,6.98,301.0,1.93,48.0,1,8.0,5594.0,4.52,-0.4,0.812,0.798,288.17789,47.36668,15.548,0,candidate
5369827,K02690.01,Kepler-1870 b,CONFIRMED,3.606940379,0.857,1.0418,432.3,2.04,1046.0,283.23,20.8,1,298.0,5508.0,4.569,0.07,0.84,0.955,293.93347,40.59074,13.461,1,confirmed
6586746,K02747.01,Kepler-1335 b,CONFIRMED,6.26404774,0.232,2.39,378.7,1.55,809.0,101.27,20.1,1,165.0,5032.0,4.511,0.08,0.817,0.789,284.83841,42.070431,15.329,1,confirmed
9962455,K02748.01,Kepler-1336 b,CONFIRMED,23.1985852,0.305,9.821,224.7,2.61,793.0,93.34,28.2,2,42.0,5416.0,3.951,0.0,1.756,1.004,296.27771,46.89986,14.056,1,confirmed
9962455,K02748.02,Kepler-1336 c,CONFIRMED,5.77721259,0.692,2.462,134.3,2.17,1260.0,596.37,17.7,2,178.0,5416.0,3.951,0.0,1.756,1.004,296.27771,46.89986,14.056,1,confirmed
6436029,K02828.01,Kepler-1359 b,CONFIRMED,59.4969009,0.406,5.404,1262.1,2.92,369.0,4.36,23.2,2,19.0,4817.0,4.499,0.42,0.833,0.8,289.53882,41.892818,15.768,1,confirmed
6197215,K02829.01,Kepler-1879 b,CONFIRMED,10.61345333,0.535,0.9829,150.2,1.77,987.0,224.63,20.0,1,126.0,5865.0,4.163,0.0,1.388,1.023,289.36441,41.53323,12.824,1,confirmed
9451706,K00271.01,Kepler-127 d,CONFIRMED,48.6303805,0.034,7.0805,339.8,2.48,590.0,28.6,53.9,3,25.0,6075.0,4.264,0.32,1.352,1.225,285.19,46.027962,11.485,1,confirmed
9244508,K02830.01,Kepler-1360 b,CONFIRMED,40.5289885,0.325,10.604,360.7,5.92,933.0,178.81,35.3,1,34.0,6443.0,3.74,0.56,3.086,1.907,300.34406,45.623219,13.913,1,confirmed
3969687,K02904.01,Kepler-1382 b,CONFIRMED,16.3583482,0.887,9.858,116.4,2.23,959.0,200.1,30.0,1,67.0,6133.0,4.084,0.36,1.765,1.377,295.37738,39.048031,12.683,1,confirmed
6716545,K02906.01,Kepler-1383 b,CONFIRMED,13.9093544,0.132,6.765,86.8,1.33,928.0,175.14,15.6,3,101.0,6052.0,4.183,0.08,1.424,1.128,297.94476,42.191879,13.716,1,confirmed
4552729,K02691.01,,CANDIDATE,97.4463194,0.063,6.765,2141.1,3.05,283.0,1.52,62.8,1,12.0,4735.0,4.627,-0.1,0.686,0.73,289.10992,39.68539,14.981,0,candidate
5185897,K02693.01,Kepler-398 b,CONFIRMED,4.081411554,0.876,2.3239,171.9,1.0,755.0,77.0,36.9,3,326.0,4498.0,4.661,-0.08,0.635,0.698,291.46866,40.343849,13.256,1,confirmed
5185897,K02693.02,Kepler-398 c,CONFIRMED,11.41941928,0.918,3.3075,150.5,0.99,536.0,19.47,22.9,3,108.0,4498.0,4.661,-0.08,0.635,0.698,291.46866,40.343849,13.256,1,confirmed
5185897,K02693.03,Kepler-398 d,CONFIRMED,6.83440674,0.871,2.2726,177.1,1.01,636.0,38.68,29.1,3,187.0,4498.0,4.661,-0.08,0.635,0.698,291.46866,40.343849,13.256,1,confirmed
3663173,K02750.01,,CANDIDATE,174.636181,0.04,15.679,2500.9,11.12,481.0,12.65,37.1,1,8.0,5974.0,3.859,0.1,2.232,1.313,295.66913,38.795841,15.905,0,candidate
9881077,K02751.01,Kepler-1337 b,CONFIRMED,24.4004378,0.909,2.987,860.5,2.47,437.0,8.64,20.2,1,57.0,4583.0,4.606,-0.16,0.674,0.669,287.00909,46.796101,15.858,1,confirmed
6265792,K02753.01,Kepler-1338 b,CONFIRMED,0.935115863,0.243,1.6172,64.8,1.05,2124.0,4811.82,21.6,1,1100.0,5874.0,4.252,0.16,1.297,1.096,284.04233,41.699139,13.615,1,confirmed
9995402,K02832.01,Kepler-1361 b,CONFIRMED,3.57551429,0.462,2.364,92.8,0.89,1061.0,299.19,16.6,1,378.0,5213.0,4.434,0.14,0.917,0.832,283.56531,46.904251,13.93,1,confirmed
9109857,K02833.01,,CANDIDATE,1.791877025,0.403,1.166,46.1,1.48,2223.0,5787.99,12.5,1,743.0,6002.0,3.841,-0.28,2.139,1.156,298.21527,45.406891,12.599,0,candidate
5609593,K02834.01,Kepler-1362 b,CONFIRMED,136.205112,0.49,5.568,1209.3,2.35,248.0,0.89,20.0,1,10.0,4648.0,4.631,-0.1,0.675,0.711,288.53854,40.87711,15.839,1,confirmed
5436338,K02835.01,Kepler-1880 b,CONFIRMED,6.30922043,0.118,1.3251,691.2,1.37,606.0,31.73,22.5,1,208.0,4380.0,4.71,-0.92,0.53,0.524,287.82639,40.696602,15.906,1,confirmed
11414465,K02836.01,Kepler-1363 b,CONFIRMED,2.94194296,0.03,2.056,278.0,1.22,988.0,225.15,18.2,1,398.0,4901.0,4.544,-0.06,0.758,0.733,296.99655,49.25642,15.29,1,confirmed
6716545,K02906.02,,CANDIDATE,145.881936,0.325,11.342,156.9,1.8,424.0,7.63,11.2,3,10.0,6052.0,4.183,0.08,1.424,1.128,297.94476,42.191879,13.716,0,candidate
10586004,K00275.02,Kepler-129 c,CONFIRMED,82.2001239,0.001,10.627,233.9,2.57,525.0,17.96,47.9,2,13.0,5758.0,4.072,0.3,1.704,1.251,285.31125,47.848564,11.696,1,confirmed
4483138,K02910.01,Kepler-1384 b,CONFIRMED,15.3626052,0.25,3.736,468.3,1.8,608.0,32.23,19.7,1,58.0,5011.0,4.484,0.2,0.851,0.806,296.21518,39.52705,15.384,1,confirmed
9475552,K02694.01,Kepler-1315 b,CONFIRMED,0.843379985,0.696,1.4474,343.3,1.7,1541.0,1329.99,53.6,2,1577.0,4818.0,4.481,0.56,0.856,0.809,295.82144,46.053028,14.975,1,confirmed
9475552,K02694.02,Kepler-1315 c,CONFIRMED,6.56606941,0.687,1.8455,402.4,1.83,777.0,86.27,25.8,2,170.0,4818.0,4.481,0.56,0.856,0.809,295.82144,46.053028,14.975,1,confirmed
8292840,K00260.01,Kepler-126 b,CONFIRMED,10.49566303,0.16,4.7356,106.1,1.34,1009.0,244.59,48.7,3,128.0,6214.0,4.238,-0.16,1.297,1.059,289.34732,44.208511,10.5,1,confirmed
5196864,K02695.01,,CANDIDATE,2.50343279,1.178,1.534,1156.0,20.23,1147.0,408.12,13.2,1,416.0,5174.0,4.483,-0.04,0.84,0.782,294.54373,40.313862,15.601,0,candidate
11071200,K02696.01,,CANDIDATE,96.4562198,0.775,11.195,950.5,9.1,727.0,65.96,54.6,2,11.0,7029.0,3.806,-0.16,2.704,1.704,284.41592,48.65802,12.998,0,candidate
11071200,K02696.02,,CANDIDATE,44.5643831,0.851,7.874,360.5,5.8,940.0,184.67,27.0,2,24.0,7029.0,3.806,-0.16,2.704,1.704,284.41592,48.65802,12.998,0,candidate
10905911,K02754.01,Kepler-1339 b,CONFIRMED,1.34155642,0.259,1.6462,58.2,0.74,1642.0,1715.26,23.7,1,469.0,5779.0,4.44,-0.08,0.97,0.945,283.74582,48.373432,12.299,1,confirmed
3545135,K02755.01,Kepler-1689 b,CONFIRMED,8.48299282,0.564,2.505,69.1,0.8,879.0,141.04,21.3,1,159.0,5827.0,4.471,-0.16,0.933,0.94,291.57422,38.655949,12.147,1,confirmed
6964929,K02756.01,Kepler-1340 b,CONFIRMED,0.665025941,0.448,1.7542,104.7,1.11,2174.0,5246.66,26.5,2,2015.0,5884.0,4.408,0.16,1.07,1.07,296.23282,42.47279,14.758,1,confirmed
6432345,K02757.01,Kepler-1690 b,CONFIRMED,234.635652,0.025,6.965,868.5,2.56,267.0,1.2,26.7,1,7.0,5422.0,4.481,0.0,0.885,0.867,288.15671,41.877972,14.607,1,confirmed
8703129,K02758.01,,CANDIDATE,253.374581,0.028,22.889,1104.0,19.25,555.0,22.41,99.9,1,6.0,5177.0,3.216,0.1,5.949,2.122,296.7236,44.853142,11.893,0,candidate
11565924,K02837.01,Kepler-1364 b,CONFIRMED,13.32191461,0.784,6.213,133.5,2.88,1299.0,672.06,24.3,1,103.0,6995.0,3.925,-0.12,2.274,1.584,295.15219,49.587601,13.228,1,confirmed
6607357,K02838.01,Kepler-1365 b,CONFIRMED,7.69994466,0.018,4.432,70.9,0.92,969.0,208.61,17.4,2,176.0,5727.0,4.328,0.0,1.104,0.946,292.19971,42.046089,13.421,1,confirmed
6607357,K02838.02,Kepler-1365 c,CONFIRMED,4.77466043,0.03,3.804,54.3,0.81,1137.0,395.06,15.5,2,265.0,5727.0,4.328,0.0,1.104,0.946,292.19971,42.046089,13.421,1,confirmed
9451706,K00271.02,Kepler-127 c,CONFIRMED,29.39337161,0.512,7.0445,327.0,2.5,698.0,55.98,69.7,3,48.0,6075.0,4.264,0.32,1.352,1.225,285.19,46.027962,11.485,1,confirmed
6186964,K02839.01,Kepler-1366 b,CONFIRMED,2.164570593,0.338,1.2862,525.1,1.27,783.0,88.91,19.8,1,384.0,3941.0,4.713,-0.04,0.554,0.578,285.06491,41.554871,15.877,1,confirmed
9693006,K02913.01,Kepler-1385 b,CONFIRMED,2.88878583,0.242,2.977,40.9,0.84,1423.0,969.05,17.2,1,463.0,5696.0,4.247,0.44,1.331,1.139,282.63138,46.48111,12.858,1,confirmed
6837283,K02914.01,,CANDIDATE,21.1181653,0.675,9.734,112.7,2.89,1110.0,359.11,26.3,1,66.0,6461.0,3.779,-0.12,2.566,1.443,281.69159,42.397549,12.199,0,candidate
5613821,K02915.01,,CANDIDATE,5.06092282,0.944,2.586,71.6,0.98,998.0,234.93,15.7,1,259.0,5637.0,4.492,0.0,0.911,0.939,289.91742,40.828606,13.346,0,candidate
5128673,K02698.01,Kepler-1316 b,CONFIRMED,87.9724227,0.015,14.638,866.7,3.39,446.0,9.37,64.6,1,15.0,5837.0,4.305,0.0,1.159,0.988,298.83588,40.29314,14.0,1,confirmed
6690836,K02699.01,Kepler-1317 b,CONFIRMED,0.568874717,0.05,1.2177,378.4,1.49,1796.0,2473.19,50.4,1,2342.0,5223.0,4.593,0.07,0.78,0.889,291.61188,42.115971,15.23,1,confirmed
8639908,K02700.01,,CANDIDATE,0.910020582,0.79,1.7956,358.1,1.12,1127.0,380.16,29.9,1,1469.0,4297.0,4.725,-0.68,0.533,0.55,297.00354,44.775089,15.381,0,candidate
11076400,K02759.01,,CANDIDATE,1.07808492,0.287,0.8551,155.6,1.01,1417.0,951.61,22.9,1,991.0,4906.0,4.511,0.18,0.814,0.783,287.72565,48.651379,14.288,0,candidate
7877978,K02760.01,Kepler-1874 b,CONFIRMED,56.5732318,0.942,4.188,688.5,2.69,356.0,3.79,21.6,1,24.0,4701.0,4.54,0.24,0.775,0.758,286.3718,43.691921,14.889,1,confirmed
12024120,K00265.01,Kepler-507 b,CONFIRMED,3.568099612,0.531,3.2131,98.4,1.36,1407.0,926.89,52.5,1,371.0,6007.0,4.232,0.08,1.334,1.107,297.01883,50.408981,11.994,1,confirmed
8210018,K02762.01,Kepler-1341 b,CONFIRMED,132.9955503,0.703,7.436,1275.4,2.51,241.0,0.8,29.3,1,11.0,4523.0,4.636,-0.1,0.659,0.687,280.51175,44.159351,15.028,1,confirmed
3642289,K00301.01,Kepler-135 b,CONFIRMED,6.002548291,0.914,4.1628,202.0,2.33,1209.0,504.79,71.6,2,223.0,6204.0,4.269,0.26,1.36,1.257,290.49512,38.795479,12.73,1,confirmed
3642289,K00301.02,Kepler-135 c,CONFIRMED,11.44865823,0.824,4.953,75.2,1.32,975.0,213.39,21.9,2,115.0,6204.0,4.269,0.26,1.36,1.257,290.49512,38.795479,12.73,1,confirmed
3662838,K00302.01,Kepler-516 b,CONFIRMED,24.85466504,0.746,9.182,776.2,7.61,1095.0,339.33,88.0,2,42.0,6967.0,3.864,-0.02,2.527,1.7,295.6088,38.735741,12.059,1,confirmed
5966322,K00303.01,Kepler-517 b,CONFIRMED,60.92818866,0.009,6.3336,755.6,2.78,467.0,11.28,120.1,1,21.0,5638.0,4.359,-0.12,1.023,0.871,293.67532,41.295361,12.193,1,confirmed
6029239,K00304.01,Kepler-518 b,CONFIRMED,8.512037736,0.005,2.1861,597.8,2.14,839.0,117.11,102.2,2,158.0,5767.0,4.538,-0.06,0.881,0.979,287.08997,41.373878,12.549,1,confirmed
12404954,K00361.01,Kepler-537 b,CONFIRMED,3.247548814,0.31,2.5146,209.7,1.41,1181.0,460.67,51.6,1,417.0,5703.0,4.498,0.36,0.975,1.091,289.88065,51.277081,13.1,1,confirmed
10190075,K03007.01,,CANDIDATE,11.1916199,0.895,2.1,166.4,1.47,782.0,88.34,11.9,1,120.0,5646.0,4.464,0.1,0.956,0.97,283.33533,47.208832,14.528,0,candidate
9070666,K03008.01,Kepler-1408 b,CONFIRMED,2.99792926,0.403,4.398,45.4,1.12,1616.0,1611.51,16.0,1,120.0,5888.0,4.061,0.14,1.645,1.136,282.69995,45.42577,12.003,1,confirmed
3642335,K03010.01,Kepler-1410 b,CONFIRMED,60.8660974,0.004,4.397,714.3,1.39,244.0,0.84,15.4,1,23.0,3808.0,4.734,-0.02,0.522,0.539,290.51019,38.743542,15.757,1,confirmed
10749059,K03086.01,,CANDIDATE,174.731515,0.021,8.257,1179.9,3.0,287.0,1.6,16.5,1,5.0,5201.0,4.447,0.1,0.897,0.82,297.88464,48.00145,15.707,0,candidate
9020114,K03088.01,Kepler-1901 b,CONFIRMED,3.48412874,0.106,1.422,161.6,1.16,1132.0,389.41,13.3,2,379.0,5696.0,4.519,0.14,0.921,1.022,291.16437,45.318291,14.953,1,confirmed
6196457,K00285.01,Kepler-92 b,CONFIRMED,13.74883059,0.658,6.0968,425.9,3.63,975.0,213.84,167.6,3,98.0,5862.0,4.05,0.16,1.67,1.142,289.08606,41.562958,11.565,1,confirmed
7668416,K03089.01,,CANDIDATE,0.858546796,0.241,1.1,106.1,0.88,1671.0,1846.35,12.2,1,1324.0,5269.0,4.491,0.06,0.864,0.843,286.14804,43.369202,15.247,0,candidate
6029239,K00304.02,,CANDIDATE,5.518195,0.243,1.81,27.1,0.46,969.0,208.54,5.2,2,234.0,5767.0,4.538,-0.06,0.881,0.979,287.08997,41.373878,12.549,0,candidate
6063220,K00305.01,Kepler-99 b,CONFIRMED,4.603575293,0.246,2.3499,440.4,1.51,810.0,101.65,79.7,1,291.0,4783.0,4.602,0.18,0.741,0.805,297.354,41.300049,12.97,1,confirmed
6071903,K00306.01,Kepler-519 b,CONFIRMED,24.30784323,0.425,2.6054,677.1,2.14,532.0,18.87,35.6,1,55.0,5313.0,4.571,0.12,0.82,0.913,299.31955,41.38464,12.63,1,confirmed
6289257,K00307.01,Kepler-520 b,CONFIRMED,19.67409703,0.914,3.7535,204.9,1.78,711.0,60.37,39.0,2,68.0,6023.0,4.423,-0.08,1.031,1.027,293.18033,41.61776,12.797,1,confirmed
10905239,K00046.01,Kepler-101 b,CONFIRMED,3.487688776,0.026,3.83661,1298.8,5.64,1445.0,1033.07,350.6,2,386.0,5576.0,4.065,0.3,1.593,1.074,283.25549,48.355232,13.77,1,confirmed
11623629,K00365.01,Kepler-538 b,CONFIRMED,81.737872,0.02,6.6923,628.8,2.16,385.0,5.2,135.4,2,16.0,5559.0,4.502,-0.1,0.873,0.882,297.48691,49.623451,11.195,1,confirmed
3545478,K00366.01,,CANDIDATE,75.1122132,0.838,4.9458,3751.5,23.23,777.0,86.18,384.0,1,18.0,6201.0,3.616,0.21,3.354,1.694,291.66418,38.619255,11.714,0,candidate
4815520,K00367.01,Kepler-1656 b,CONFIRMED,31.578651216,0.04,2.12791,2125.4,4.52,570.0,24.94,324.3,1,33.0,5733.0,4.442,0.08,0.99,0.987,284.47217,39.911812,11.105,1,confirmed
7175184,K00369.01,Kepler-144 b,CONFIRMED,5.88527364,0.622,1.9531,112.7,1.59,1253.0,583.47,27.4,2,225.0,6070.0,4.157,-0.08,1.431,1.072,281.91568,42.775509,11.992,1,confirmed
11565544,K03013.01,,CANDIDATE,3.76562031,1.193,1.288,232.6,19.39,1084.0,326.2,14.6,1,354.0,5743.0,4.553,-0.14,0.853,0.949,294.96811,49.556511,14.698,0,candidate
7347246,K03014.01,Kepler-1411 b,CONFIRMED,86.1160885,0.016,6.058,875.2,3.11,441.0,8.93,17.8,1,14.0,6161.0,4.454,0.07,1.053,1.15,286.36157,42.963921,15.831,1,confirmed
11403530,K03015.01,Kepler-1412 b,CONFIRMED,3.61460332,0.026,3.227,43.9,0.9,1397.0,900.38,15.4,1,372.0,5799.0,4.161,0.0,1.375,0.999,292.18011,49.20248,13.219,1,confirmed
5088536,K00282.02,Kepler-130 b,CONFIRMED,8.45744892,0.494,3.2893,77.4,1.02,982.0,220.05,31.0,3,160.0,5903.0,4.304,-0.16,1.137,0.95,288.45065,40.245327,11.529,1,confirmed
12072872,K03017.01,,CANDIDATE,2.46288834,0.256,1.724,47.4,0.67,1391.0,883.43,11.9,1,547.0,5893.0,4.395,-0.44,0.967,0.848,296.85925,50.560162,13.308,0,candidate
6609270,K03090.01,Kepler-1902 b,CONFIRMED,3.82223397,0.725,1.924,362.7,1.05,601.0,30.84,15.9,2,258.0,3729.0,4.733,0.06,0.514,0.52,292.73764,42.014832,15.665,1,confirmed
12406807,K03091.01,Kepler-1903 b,CONFIRMED,17.067644,0.106,6.026,262.4,1.62,769.0,82.56,13.5,2,79.0,6347.0,4.464,-0.34,0.996,1.053,290.88831,51.248169,15.372,1,confirmed
5096590,K03093.01,Kepler-1424 b,CONFIRMED,29.6099055,0.984,7.433,120.1,1.74,629.0,37.12,14.3,1,45.0,5812.0,4.329,0.0,1.122,0.977,290.99167,40.229321,13.619,1,confirmed
9650989,K03095.01,Kepler-1905 b,CONFIRMED,3.42390809,0.213,1.773,153.1,1.25,1212.0,508.75,13.1,1,392.0,5788.0,4.442,0.16,1.015,1.038,292.57336,46.36684,15.067,1,confirmed
6289257,K00307.02,Kepler-520 c,CONFIRMED,5.21104597,0.833,3.3447,102.7,1.18,1107.0,354.82,36.9,2,252.0,6023.0,4.423,-0.08,1.031,1.027,293.18033,41.61776,12.797,1,confirmed
6291837,K00308.01,Kepler-1715 b,CONFIRMED,35.5969684,0.895,6.691,684.5,3.72,646.0,41.06,52.5,1,38.0,6212.0,4.309,-0.04,1.209,1.082,293.92972,41.602871,12.351,1,confirmed
7050989,K00312.01,Kepler-136 b,CONFIRMED,11.57890926,0.359,2.7207,243.4,2.06,951.0,193.48,54.8,2,119.0,6156.0,4.284,0.14,1.303,1.193,296.46732,42.598785,12.459,1,confirmed
7175184,K00369.02,Kepler-144 c,CONFIRMED,10.10463142,0.571,2.369,114.6,1.59,1046.0,283.38,24.1,2,132.0,6070.0,4.157,-0.08,1.431,1.072,281.91568,42.775509,11.992,1,confirmed
8494142,K00370.01,Kepler-145 c,CONFIRMED,42.88247951,0.391,9.7471,408.9,3.61,709.0,59.6,112.2,2,33.0,6143.0,4.039,0.12,1.763,1.24,291.38776,44.52911,11.931,1,confirmed
11554435,K00063.01,Kepler-63 b,CONFIRMED,9.43414171,0.538,2.8112,3977.0,5.73,791.0,92.39,40.2,1,144.0,5578.0,4.518,0.04,0.886,0.943,289.22617,49.548199,11.582,1,confirmed
8494142,K00370.02,Kepler-145 b,CONFIRMED,22.95062278,0.748,4.4814,129.8,2.17,873.0,137.23,32.9,2,56.0,6143.0,4.039,0.12,1.763,1.24,291.38776,44.52911,11.931,1,confirmed
6471021,K00372.01,Kepler-539 b,CONFIRMED,125.6291479,0.471,9.108,7841.6,10.02,388.0,5.35,150.4,1,11.0,5819.0,4.334,-0.02,1.111,0.972,299.12244,41.86676,12.391,1,confirmed
8709688,K03019.01,Kepler-1893 b,CONFIRMED,4.17939037,0.317,2.647,172.8,1.52,1194.0,478.98,16.1,2,319.0,5633.0,4.296,0.16,1.162,0.973,298.40137,44.838181,14.927,1,confirmed
8241079,K03020.01,,CANDIDATE,10.9192653,0.434,4.572,91.1,1.9,1107.0,355.29,15.0,1,122.0,5745.0,3.939,0.3,1.972,1.234,294.54041,44.190979,13.534,0,candidate
11618601,K03022.01,Kepler-1894 b,CONFIRMED,2.76263737,0.46,1.821,185.0,1.25,1231.0,544.05,14.1,2,482.0,5772.0,4.528,0.0,0.901,0.999,295.58649,49.666851,15.4,1,confirmed
7582689,K03097.01,Kepler-431 d,CONFIRMED,11.9216035,0.929,5.009,43.2,0.87,851.0,123.89,15.1,3,110.0,6006.0,4.403,0.07,1.082,1.081,281.11234,43.227791,11.973,1,confirmed
7582689,K03097.02,Kepler-431 b,CONFIRMED,6.80257947,0.889,4.608,32.7,0.73,1026.0,262.26,14.7,3,190.0,6006.0,4.403,0.07,1.082,1.081,281.11234,43.227791,11.973,1,confirmed
7582689,K03097.03,Kepler-431 c,CONFIRMED,8.70312154,0.886,4.807,32.0,0.72,945.0,188.7,13.0,3,140.0,6006.0,4.403,0.07,1.082,1.081,281.11234,43.227791,11.973,1,confirmed
6196457,K00285.02,Kepler-92 c,CONFIRMED,26.723169,0.035,8.501,195.0,2.31,781.0,88.1,67.5,3,51.0,5862.0,4.05,0.16,1.67,1.142,289.08606,41.562958,11.565,1,confirmed
7050989,K00312.02,Kepler-136 c,CONFIRMED,16.39926461,0.115,3.4108,220.8,1.94,847.0,121.53,46.4,2,82.0,6156.0,4.284,0.14,1.303,1.193,296.46732,42.598785,12.459,1,confirmed
7419318,K00313.01,Kepler-137 c,CONFIRMED,18.73577127,0.785,3.0356,567.2,2.1,568.0,24.66,81.8,2,73.0,5188.0,4.547,-0.04,0.795,0.814,282.13553,43.039101,12.99,1,confirmed
7419318,K00313.02,Kepler-137 b,CONFIRMED,8.43639829,0.51,3.2451,345.5,1.5,742.0,71.51,76.8,2,156.0,5188.0,4.547,-0.04,0.795,0.814,282.13553,43.039101,12.99,1,confirmed
7603200,K00314.01,Kepler-138 c,CONFIRMED,13.78109471,0.545,2.3188,756.0,1.42,402.0,6.17,112.8,3,98.0,3846.0,4.738,-0.24,0.503,0.505,290.3815,43.292988,12.925,1,confirmed
7603200,K00314.02,Kepler-138 d,CONFIRMED,23.08902241,0.32,1.7012,598.3,1.24,338.0,3.1,57.4,3,55.0,3846.0,4.738,-0.24,0.503,0.505,290.3815,43.292988,12.925,1,confirmed
10905239,K00046.02,Kepler-101 c,CONFIRMED,6.02977241,0.379,3.961,54.6,1.18,1204.0,496.46,11.5,2,201.0,5576.0,4.065,0.3,1.593,1.074,283.25549,48.355232,13.77,1,confirmed
7364176,K00373.01,Kepler-1718 b,CONFIRMED,135.1879934,0.023,8.8191,663.4,2.32,345.0,3.33,85.8,1,10.0,5731.0,4.451,-0.32,0.906,0.846,292.23492,42.909458,12.765,1,confirmed
8686097,K00374.01,Kepler-540 b,CONFIRMED,172.7046083,0.004,11.347,659.1,2.85,355.0,3.77,92.9,1,8.0,5851.0,4.302,-0.22,1.116,0.91,290.62524,44.873959,12.209,1,confirmed
12356617,K00375.01,Kepler-1704 b,CONFIRMED,988.8811177,0.1667,5.9504,5060.0,10.81,223.0,0.58,136.4,1,,5755.0,4.101,0.24,1.549,1.105,291.2012,51.144279,13.293,1,confirmed
3323887,K00377.01,Kepler-9 b,CONFIRMED,19.270825843,0.169,4.1281,6660.5,7.74,661.0,45.05,577.1,3,67.0,5779.0,4.491,0.12,0.956,1.034,285.57397,38.400902,13.803,1,confirmed
11618601,K03022.02,Kepler-1894 c,CONFIRMED,5.05368985,0.53,2.514,171.5,1.21,1007.0,243.06,11.5,2,255.0,5772.0,4.528,0.0,0.901,0.999,295.58649,49.666851,15.4,1,confirmed
9716391,K03025.01,Kepler-1413 b,CONFIRMED,13.1829329,0.016,3.594,518.0,1.84,661.0,45.19,13.8,1,84.0,5382.0,4.571,0.1,0.827,0.928,294.34164,46.49876,16.239,1,confirmed
6929841,K03026.01,Kepler-1414 b,CONFIRMED,3.51575492,0.061,1.381,237.4,1.35,1033.0,269.57,15.2,1,293.0,5094.0,4.45,0.26,0.901,0.833,284.92859,42.42231,14.897,1,confirmed
5088536,K00282.03,Kepler-130 d,CONFIRMED,87.5177787,0.983,2.55,136.5,1.85,451.0,9.76,12.2,3,14.0,5903.0,4.304,-0.16,1.137,0.95,288.45065,40.245327,11.529,1,confirmed
11508644,K03101.01,Kepler-1426 b,CONFIRMED,14.2563272,0.894,4.796,206.1,1.73,797.0,95.22,14.3,1,91.0,6140.0,4.455,-0.04,1.027,1.094,292.54575,49.416969,15.192,1,confirmed
12168993,K03105.01,,CANDIDATE,4.21223579,0.97,7.898,116.4,1.04,887.0,146.4,12.8,1,314.0,5116.0,4.591,-0.44,0.7,0.698,296.28064,50.755669,15.277,0,candidate
8895758,K03106.01,Kepler-1427 b,CONFIRMED,0.968980781,0.065,1.517,118.5,1.08,1844.0,2730.51,12.8,1,1169.0,5866.0,4.473,0.18,1.0,1.083,295.34967,45.114552,15.415,1,confirmed
7603200,K00314.03,Kepler-138 b,CONFIRMED,10.31282204,0.061,2.0138,137.6,0.59,443.0,9.07,22.0,3,122.0,3846.0,4.738,-0.24,0.503,0.505,290.3815,43.292988,12.925,1,confirmed
7700622,K00315.01,Kepler-1716 b,CONFIRMED,35.58349688,0.001,3.9885,937.6,2.03,408.0,6.54,90.8,1,39.0,4894.0,4.637,-0.24,0.684,0.753,297.27188,43.333309,12.968,1,confirmed
8008067,K00316.01,Kepler-139 b,CONFIRMED,15.77111067,0.009,5.0574,547.1,2.62,752.0,75.61,123.2,3,87.0,5620.0,4.333,0.34,1.143,1.025,282.39194,43.889351,12.701,1,confirmed
8008067,K00316.02,Kepler-139 c,CONFIRMED,157.0659976,0.004,8.1289,551.4,2.63,350.0,3.53,50.9,3,9.0,5620.0,4.333,0.34,1.143,1.025,282.39194,43.889351,12.701,1,confirmed
8008067,K00316.03,Kepler-139 d,CONFIRMED,7.305706326,0.826,1.4228,264.9,2.11,972.0,210.72,43.6,3,173.0,5620.0,4.333,0.34,1.143,1.025,282.39194,43.889351,12.701,1,confirmed
3323887,K00377.02,Kepler-9 c,CONFIRMED,38.90787517,0.6883,4.5271,6159.1,7.98,523.0,17.66,366.1,3,,5779.0,4.491,0.12,0.956,1.034,285.57397,38.400902,13.803,1,confirmed
7051180,K00064.01,,CANDIDATE,1.951082219,0.925,1.6975,1151.8,10.35,2005.0,3822.26,30.1,1,687.0,5302.0,3.768,0.0,2.426,1.258,296.51059,42.54744,13.143,0,candidate
3323887,K00377.03,Kepler-9 d,CONFIRMED,1.59295975,0.0779,1.9313,248.3,1.48,1517.0,1251.43,48.9,3,,5779.0,4.491,0.12,0.956,1.034,285.57397,38.400902,13.803,1,confirmed
2446113,K00379.02,,CANDIDATE,23.1375919,0.429,3.35,114.0,1.83,837.0,115.86,12.9,2,58.0,6078.0,4.094,0.14,1.683,1.285,292.05676,37.776192,13.319,0,candidate
11137180,K03027.01,Kepler-1895 b,CONFIRMED,6.07032548,0.454,1.341,311.6,1.36,789.0,91.45,11.9,1,220.0,5076.0,4.598,0.1,0.763,0.86,291.6756,48.762562,15.489,1,confirmed
5903749,K03029.01,,CANDIDATE,18.9763286,0.922,2.379,329.8,2.24,638.0,39.11,11.0,2,69.0,5300.0,4.385,0.18,0.986,0.861,298.75836,41.159882,14.948,0,candidate
5903749,K03029.02,,CANDIDATE,6.34724702,0.739,3.097,159.8,1.35,919.0,168.14,11.1,2,209.0,5300.0,4.385,0.18,0.986,0.861,298.75836,41.159882,14.948,0,candidate
3756264,K03108.01,Kepler-1906 b,CONFIRMED,7.36272124,0.253,1.3287,429.3,1.86,901.0,155.72,17.8,1,147.0,5868.0,4.53,-0.12,0.894,0.987,293.82663,38.856621,14.941,1,confirmed
11572193,K03109.01,Kepler-1428 b,CONFIRMED,10.6761592,0.403,4.594,151.0,1.79,1049.0,285.79,14.1,1,127.0,6460.0,4.267,0.4,1.434,1.388,297.64227,49.594978,13.688,1,confirmed
11285870,K03110.01,Kepler-1429 b,CONFIRMED,4.48494315,0.3,2.752,134.9,1.23,1199.0,488.22,12.4,1,233.0,6217.0,4.437,-0.08,1.051,1.1,285.36624,49.044868,14.879,1,confirmed
8581240,K03111.01,,CANDIDATE,10.76800074,0.583,3.494,65.1,0.92,885.0,144.85,14.2,2,122.0,5874.0,4.338,-0.12,1.096,0.954,298.57687,44.621609,12.863,0,candidate
8581240,K03111.02,,CANDIDATE,4.32848303,0.367,2.955,35.5,0.66,1199.0,488.23,11.4,2,301.0,5874.0,4.338,-0.12,1.096,0.954,298.57687,44.621609,12.863,0,candidate
6196457,K00285.03,Kepler-92 d,CONFIRMED,49.3567907,0.277,10.954,130.2,1.91,637.0,38.86,35.0,3,27.0,5862.0,4.05,0.16,1.67,1.142,289.08606,41.562958,11.565,1,confirmed
8121310,K00317.01,Kepler-521 b,CONFIRMED,22.20809549,0.017,7.3327,463.2,3.02,803.0,98.36,92.7,2,58.0,6336.0,4.266,0.34,1.403,1.324,298.81638,43.998039,12.885,1,confirmed
8156120,K00318.01,Kepler-522 b,CONFIRMED,38.5833679,0.905,12.391,1388.2,8.56,761.0,79.08,46.1,1,35.0,6273.0,4.04,0.44,1.927,1.486,288.15399,44.068821,12.211,1,confirmed
8684730,K00319.01,,CANDIDATE,46.15119482,0.904,6.3427,1817.3,10.02,703.0,57.8,286.0,1,30.0,5877.0,3.927,0.04,1.963,1.187,290.11752,44.87294,12.711,0,candidate
8753657,K00321.01,Kepler-406 b,CONFIRMED,2.426304127,0.694,2.6624,185.4,1.41,1302.0,679.12,97.0,2,555.0,5678.0,4.484,0.26,0.97,1.043,291.84805,44.96822,12.52,1,confirmed
8554498,K00005.01,,CANDIDATE,4.780327581,0.952,2.0253,960.8,7.14,1441.0,1020.05,380.8,2,280.0,5937.0,4.012,0.16,1.787,1.197,289.73972,44.647419,11.665,0,candidate
3942670,K00392.01,Kepler-147 c,CONFIRMED,33.4160553,0.947,8.605,275.8,2.98,689.0,53.18,29.3,2,40.0,6007.0,4.178,0.07,1.42,1.108,287.97577,39.087181,13.954,1,confirmed
3942670,K00392.02,Kepler-147 b,CONFIRMED,12.6119685,0.709,6.372,76.5,1.33,953.0,194.9,12.2,2,104.0,6007.0,4.178,0.07,1.42,1.108,287.97577,39.087181,13.954,1,confirmed
6949898,K03031.01,,CANDIDATE,7.64809462,0.265,2.216,195.9,1.19,840.0,117.65,12.2,1,170.0,5641.0,4.554,-0.06,0.85,0.944,292.22739,42.451969,15.267,0,candidate
10585738,K03032.01,Kepler-1415 b,CONFIRMED,0.636424848,0.319,0.947,217.9,1.31,1846.0,2754.93,18.1,1,1675.0,5343.0,4.538,0.44,0.885,0.988,285.15692,47.873329,15.744,1,confirmed
2973386,K03034.01,,CANDIDATE,31.0209175,0.881,2.012,859.5,1.66,291.0,1.7,15.1,1,42.0,3720.0,4.764,-0.1,0.48,0.488,286.98013,38.165218,15.572,0,candidate
7022573,K03112.01,,CANDIDATE,2.118893997,0.019,0.822,311.4,1.41,1230.0,541.53,11.3,1,534.0,5504.0,4.583,-0.16,0.796,0.892,288.21072,42.556808,15.855,0,candidate
7676423,K03113.01,Kepler-1430 b,CONFIRMED,2.46050095,0.052,1.861,276.8,1.03,969.0,208.54,16.7,1,281.0,4811.0,4.626,-0.58,0.634,0.62,289.69748,43.372089,15.245,1,confirmed
9288237,K03114.01,,CANDIDATE,7.49133777,0.013,6.315,34.5,1.01,1291.0,656.15,14.4,1,181.0,6177.0,3.993,-0.36,1.71,1.051,294.71677,45.781269,12.277,0,candidate
11714231,K03115.01,Kepler-1431 b,CONFIRMED,5.8660127,0.539,3.985,183.0,1.45,1064.0,302.77,16.8,1,228.0,6020.0,4.427,0.02,1.04,1.051,292.65839,49.865189,15.273,1,confirmed
11720424,K03116.01,Kepler-1432 b,CONFIRMED,23.9107056,0.398,4.996,294.0,1.91,709.0,59.76,12.9,1,58.0,6338.0,4.418,-0.1,1.091,1.137,295.52417,49.829552,15.376,1,confirmed
8753657,K00321.02,Kepler-406 c,CONFIRMED,4.62334491,0.388,3.0189,62.0,0.77,1050.0,287.25,25.2,2,261.0,5678.0,4.484,0.26,0.97,1.043,291.84805,44.96822,12.52,1,confirmed
9139084,K00323.01,Kepler-523 b,CONFIRMED,5.83599485,0.129,2.062,553.3,1.92,884.0,144.5,11.2,1,230.0,5423.0,4.542,-0.06,0.828,0.872,284.06113,45.506851,12.465,1,confirmed
3353050,K00384.01,Kepler-541 b,CONFIRMED,5.0800579,0.636,5.207,222.8,3.95,1673.0,1851.94,56.7,1,212.0,6049.0,3.769,-0.04,2.52,1.359,294.14966,38.458271,13.281,1,confirmed
3446746,K00385.01,Kepler-542 b,CONFIRMED,13.14496741,0.591,3.6399,300.8,1.59,698.0,56.15,44.1,1,102.0,5411.0,4.477,0.0,0.888,0.862,292.21509,38.548592,13.435,1,confirmed
5695396,K00283.01,Kepler-131 b,CONFIRMED,16.09196369,0.546,2.8943,415.8,2.13,718.0,62.74,84.9,3,87.0,5680.0,4.414,0.12,1.016,0.978,288.53082,40.942299,11.525,1,confirmed
6593150,K03037.01,,CANDIDATE,5.4654174,0.301,3.209,219.5,1.23,927.0,174.08,14.2,1,248.0,5612.0,4.566,-0.12,0.829,0.926,287.60223,42.075741,15.861,0,candidate
8051946,K03038.01,Kepler-1416 b,CONFIRMED,1.4951513,0.974,3.43,52.0,1.44,1870.0,2880.38,14.2,1,898.0,5635.0,4.117,0.14,1.452,1.008,298.66348,43.89407,14.22,1,confirmed
5445681,K03039.01,Kepler-1417 b,CONFIRMED,20.3504704,0.192,7.225,101.8,1.01,695.0,55.07,16.6,1,67.0,5952.0,4.41,-0.24,1.002,0.942,290.94989,40.605221,13.914,1,confirmed
6523351,K03117.01,,CANDIDATE,6.06664931,0.902,1.962,65.3,0.87,915.0,165.66,10.9,1,224.0,5569.0,4.521,0.1,0.892,0.963,292.1218,41.927029,13.163,0,candidate
5551672,K03119.01,,CANDIDATE,2.184437698,0.035,1.0422,1546.8,0.94,529.0,18.41,19.7,1,351.0,3421.0,5.014,-0.34,0.25,0.236,296.58719,40.722988,16.946,0,candidate
11499192,K03120.01,Kepler-1433 b,CONFIRMED,4.13592927,0.168,2.377,156.2,1.43,1226.0,535.42,15.2,1,261.0,5886.0,4.345,0.16,1.152,1.072,287.36328,49.45689,14.826,1,confirmed
12416661,K03122.01,Kepler-1434 b,CONFIRMED,8.05337912,0.035,5.382,38.3,1.28,1320.0,717.7,14.9,1,166.0,6231.0,3.976,0.24,2.062,1.466,295.53839,51.202961,12.086,1,confirmed
8197793,K03123.01,,CANDIDATE,15.2311195,0.192,3.91,269.1,1.94,800.0,96.84,13.1,1,91.0,5836.0,4.316,0.16,1.186,1.061,301.04813,44.037689,15.029,0,candidate
9881662,K00327.01,Kepler-140 b,CONFIRMED,3.254277742,0.303,2.9903,159.9,1.38,1301.0,675.56,58.6,2,410.0,5945.0,4.402,0.16,1.089,1.092,287.36948,46.768219,12.996,1,confirmed
9881662,K00327.02,Kepler-140 c,CONFIRMED,91.3514816,0.008,8.707,210.0,1.57,428.0,7.93,25.5,2,15.0,5945.0,4.402,0.16,1.089,1.092,287.36948,46.768219,12.996,1,confirmed
3656121,K00386.01,Kepler-146 b,CONFIRMED,31.1588249,0.029,5.1803,959.0,3.56,639.0,39.46,73.6,2,36.0,5951.0,4.319,-0.02,1.155,1.015,294.11075,38.710232,13.838,1,confirmed
3656121,K00386.02,Kepler-146 c,CONFIRMED,76.7324556,0.462,6.243,685.7,3.08,473.0,11.86,34.3,2,13.0,5951.0,4.319,-0.02,1.155,1.015,294.11075,38.710232,13.838,1,confirmed
3733628,K00387.01,Kepler-543 b,CONFIRMED,13.89963233,0.777,3.5791,1121.7,2.46,521.0,17.37,98.2,1,92.0,4538.0,4.607,-0.2,0.663,0.65,287.21872,38.862522,13.577,1,confirmed
3831053,K00388.01,Kepler-1719 b,CONFIRMED,6.14955931,0.368,5.5694,333.7,3.26,1287.0,649.26,87.3,1,221.0,5687.0,3.973,0.04,1.775,1.08,284.70691,38.936821,13.644,1,confirmed
6357290,K03040.01,,CANDIDATE,4.8099878,0.2,1.97,288.2,1.59,1077.0,317.8,13.6,1,239.0,5988.0,4.507,-0.12,0.934,1.021,289.56802,41.771561,15.667,0,candidate
4072955,K03041.01,,CANDIDATE,5.08288076,0.389,2.515,108.0,1.15,1183.0,462.96,12.5,1,215.0,6217.0,4.375,-0.22,1.083,1.011,295.46259,39.16848,14.207,0,candidate
8695311,K03042.01,,CANDIDATE,31.0259489,0.153,5.692,385.4,1.91,595.0,29.67,12.7,1,45.0,6075.0,4.486,-0.12,0.969,1.048,294.16644,44.886311,15.959,0,candidate
9834731,K03043.01,,CANDIDATE,3.08942807,0.65,3.214,85.3,1.07,1361.0,808.76,13.2,2,434.0,6137.0,4.418,0.14,1.103,1.165,293.43079,46.692089,14.829,0,candidate
5092266,K03045.01,Kepler-1896 b,CONFIRMED,44.8702042,0.436,4.199,636.1,2.56,536.0,19.5,16.4,1,26.0,6122.0,4.471,-0.1,0.996,1.07,289.67856,40.249641,15.755,1,confirmed
8751796,K03125.01,Kepler-1435 b,CONFIRMED,4.45342418,0.569,3.654,46.6,0.9,1331.0,740.51,16.3,1,299.0,6256.0,4.269,-0.08,1.269,1.087,291.17328,44.921131,12.938,1,confirmed
9907129,K03127.01,Kepler-1436 b,CONFIRMED,9.705693,0.941,7.702,140.8,2.07,1001.0,237.46,14.2,1,113.0,5808.0,4.178,0.14,1.385,1.056,297.71158,46.768021,14.93,1,confirmed
7609674,K03128.01,,CANDIDATE,21.2360024,0.205,4.019,104.4,2.62,1048.0,285.21,15.7,1,64.0,6035.0,3.745,-0.16,2.559,1.328,292.47977,43.227024,13.371,0,candidate
9527334,K00049.01,Kepler-461 b,CONFIRMED,8.31377304,0.002,2.964,837.4,2.74,886.0,145.51,19.6,1,157.0,5900.0,4.509,0.07,0.951,1.065,292.24902,46.164822,13.704,1,confirmed
11361646,K00330.01,Kepler-524 b,CONFIRMED,7.97420583,0.128,5.3503,293.1,1.85,974.0,212.75,55.1,2,171.0,5973.0,4.386,0.0,1.081,1.036,296.85922,49.162048,13.928,1,confirmed
11361646,K00330.02,Kepler-524 c,CONFIRMED,1.88899036,0.011,3.486,59.0,0.83,1574.0,1449.92,18.2,2,661.0,5973.0,4.386,0.0,1.081,1.036,296.85922,49.162048,13.928,1,confirmed
10285631,K00331.01,Kepler-525 b,CONFIRMED,18.68405716,0.858,6.9329,381.5,3.64,832.0,113.34,54.2,2,59.0,5548.0,4.038,0.18,1.614,1.038,296.18344,47.358761,13.497,1,confirmed
3964109,K00393.01,Kepler-544 b,CONFIRMED,21.41624083,0.081,7.081,314.5,2.09,748.0,74.2,42.7,1,49.0,6156.0,4.331,0.0,1.18,1.085,294.02911,39.051849,13.542,1,confirmed
3544595,K00069.01,Kepler-93 b,CONFIRMED,4.72674037,0.657,2.9267,273.1,1.56,1028.0,264.08,287.8,1,284.0,5648.0,4.472,-0.2,0.894,0.866,291.4183,38.672359,9.931,1,confirmed
4252322,K00396.01,,CANDIDATE,14.591504451,1.21,1.1295,1490.5,36.85,879.0,140.82,68.0,1,90.0,5940.0,4.199,-0.12,1.312,0.993,288.75781,39.350571,13.311,0,candidate
5695396,K00283.02,Kepler-131 c,CONFIRMED,25.5172744,0.322,4.735,66.8,0.83,615.0,33.91,13.5,3,50.0,5680.0,4.414,0.12,1.016,0.978,288.53082,40.942299,11.525,1,confirmed
9714550,K03048.01,Kepler-1695 b,CONFIRMED,4.73292061,0.121,1.746,151.6,0.97,957.0,198.57,15.5,1,281.0,5595.0,4.581,-0.24,0.796,0.89,293.61926,46.413342,14.651,1,confirmed
6263593,K03049.01,Kepler-1418 b,CONFIRMED,22.4765952,0.176,3.437,481.4,1.21,419.0,7.27,13.3,1,44.0,4563.0,4.704,-0.7,0.567,0.592,282.9975,41.678551,15.037,1,confirmed
5475042,K03050.01,,CANDIDATE,1.242639742,0.152,1.763,159.3,1.02,1487.0,1159.26,16.1,1,1070.0,5520.0,4.572,-0.08,0.818,0.917,298.44647,40.624882,15.33,0,candidate
10252275,K03130.01,Kepler-1907 c,CONFIRMED,14.8638496,1.006,2.705,220.6,2.9,620.0,35.04,12.3,2,92.0,5159.0,4.508,-0.16,0.8,0.752,280.70853,47.32806,13.752,1,confirmed
10252275,K03130.02,Kepler-1907 b,CONFIRMED,5.65245733,0.889,2.062,121.0,1.05,856.0,127.1,11.7,2,230.0,5159.0,4.508,-0.16,0.8,0.752,280.70853,47.32806,13.752,1,confirmed
11455181,K03131.01,Kepler-1437 b,CONFIRMED,10.9294815,0.197,5.893,196.9,1.21,770.0,83.14,14.3,1,121.0,5792.0,4.547,-0.14,0.864,0.959,291.86493,49.32592,15.591,1,confirmed
9541295,K03132.01,,CANDIDATE,0.536650319,0.61,2.383,41.9,1.35,3195.0,24688.55,31.0,1,1992.0,6020.0,3.922,0.0,2.0,1.22,297.32971,46.136089,12.649,0,candidate
10290666,K00332.01,Kepler-526 b,CONFIRMED,5.45849914,0.65,4.0448,255.9,1.91,1099.0,344.32,72.0,2,194.0,5914.0,4.396,0.46,1.135,1.172,297.65094,47.39629,13.046,1,confirmed
10337258,K00333.01,Kepler-527 b,CONFIRMED,13.28536452,0.774,6.283,377.6,4.03,1157.0,423.65,26.8,1,101.0,6534.0,3.973,-0.26,1.9,1.238,290.95792,47.406281,13.39,1,confirmed
12314973,K00279.02,Kepler-450 c,CONFIRMED,15.4130812,0.372,6.6358,264.3,2.59,944.0,187.39,55.2,3,83.0,6206.0,4.159,0.22,1.573,1.305,295.48651,51.0135,11.684,1,confirmed
5450893,K02970.01,Kepler-1890 b,CONFIRMED,4.82051088,0.922,3.588,40.9,1.08,1328.0,735.25,14.8,1,282.0,6046.0,4.158,-0.16,1.396,1.024,292.57779,40.667858,12.861,1,confirmed
4770174,K02971.01,,CANDIDATE,6.09595681,0.685,5.502,65.7,1.26,1259.0,593.42,18.1,2,222.0,6313.0,4.228,0.32,1.467,1.325,297.39371,39.829041,12.742,0,candidate
8949925,K02972.01,,CANDIDATE,13.2511214,0.231,4.996,266.5,1.98,850.0,123.32,15.2,2,84.0,5850.0,4.297,0.16,1.217,1.072,290.73447,45.297791,15.085,0,candidate
9959492,K03051.01,,CANDIDATE,11.682369,0.6987,2.71,234.5,1.45,802.0,97.62,11.2,2,81.0,6089.0,4.527,-0.36,0.889,0.971,295.19968,46.832321,15.276,0,candidate
8827575,K03052.01,,CANDIDATE,10.12956201,0.544,3.044,81.3,0.78,736.0,69.43,12.2,2,132.0,5383.0,4.528,0.0,0.842,0.874,295.09027,45.081181,13.573,0,candidate
8827575,K03052.02,Kepler-1992 b,CONFIRMED,15.6112238,0.468,3.873,113.5,0.91,637.0,38.99,15.7,2,87.0,5383.0,4.528,0.0,0.842,0.874,295.09027,45.081181,13.573,1,confirmed
2716801,K03053.01,Kepler-1419 b,CONFIRMED,42.5217006,0.495,5.723,685.6,2.45,510.0,15.97,14.7,2,31.0,5911.0,4.519,-0.1,0.914,1.006,292.25464,37.97142,15.761,1,confirmed
7216284,K03056.01,Kepler-1420 b,CONFIRMED,6.69958851,0.0,2.831,253.7,1.24,806.0,99.83,13.6,1,203.0,5296.0,4.586,0.07,0.799,0.901,296.20383,42.777828,15.883,1,confirmed
6945786,K03136.01,Kepler-1909 b,CONFIRMED,2.39161966,0.299,1.906,189.2,0.93,1031.0,266.01,13.6,1,560.0,4935.0,4.589,-0.42,0.685,0.663,290.88931,42.45966,15.738,1,confirmed
5978170,K03140.01,Kepler-1910 b,CONFIRMED,5.68879083,0.39,2.55,241.5,0.99,645.0,40.88,13.8,1,235.0,4234.0,4.63,-0.02,0.639,0.636,296.61725,41.281189,15.561,1,confirmed
5440317,K03141.01,Kepler-1438 b,CONFIRMED,2.31941571,0.429,1.591,96.4,1.24,1490.0,1164.84,11.7,1,578.0,5624.0,4.256,0.3,1.248,1.023,289.28979,40.681671,14.869,1,confirmed
10545066,K00337.01,Kepler-528 b,CONFIRMED,19.7830259,0.015,5.4898,373.2,2.1,708.0,59.39,41.8,2,55.0,5747.0,4.335,0.0,1.099,0.953,295.68481,47.748081,13.936,1,confirmed
10552611,K00338.01,Kepler-141 c,CONFIRMED,7.0106324,0.683,3.0688,327.3,1.5,738.0,70.32,48.7,2,147.0,4908.0,4.567,0.22,0.782,0.824,297.97089,47.731682,13.448,1,confirmed
10552611,K00338.02,Kepler-141 b,CONFIRMED,3.10762684,0.7,2.361,77.2,0.73,968.0,207.72,15.6,2,329.0,4908.0,4.567,0.22,0.782,0.824,297.97089,47.731682,13.448,1,confirmed
10587105,K00339.01,Kepler-529 b,CONFIRMED,1.980356674,0.713,2.4743,271.9,2.1,1662.0,1808.41,71.9,3,537.0,6078.0,4.29,-0.16,1.189,1.005,285.88837,47.880379,13.763,1,confirmed
10587105,K00339.02,Kepler-529 c,CONFIRMED,12.8344771,0.956,3.846,281.0,2.55,891.0,149.42,35.0,3,84.0,6078.0,4.29,-0.16,1.189,1.005,285.88837,47.880379,13.763,1,confirmed
6438099,K02976.01,,CANDIDATE,21.61313362,0.714,1.52,818.1,1.94,503.0,15.14,13.8,1,62.0,5267.0,4.681,-0.76,0.632,0.701,290.22067,41.868721,15.862,0,candidate
11090556,K02977.01,Kepler-1398 b,CONFIRMED,2.7881793,0.058,3.397,55.8,1.02,1510.0,1228.07,17.7,2,483.0,5758.0,4.168,0.12,1.385,1.029,294.86618,48.638981,13.71,1,confirmed
11090556,K02977.02,Kepler-1398 c,CONFIRMED,4.13827684,0.499,3.449,63.8,1.13,1324.0,725.53,16.8,2,289.0,5758.0,4.168,0.12,1.385,1.029,294.86618,48.638981,13.71,1,confirmed
3234843,K03057.01,Kepler-405 c,CONFIRMED,29.72722,0.744,3.45,1010.2,3.02,557.0,22.7,19.4,2,36.0,5815.0,4.54,-0.12,0.877,0.973,291.40945,38.340019,15.855,1,confirmed
6021275,K00284.01,Kepler-132 d,CONFIRMED,18.01019956,0.966,3.516,177.7,1.93,758.0,77.99,43.4,4,56.0,5931.0,4.322,-0.24,1.101,0.929,283.23581,41.34304,11.818,1,confirmed
3234843,K03057.02,Kepler-405 b,CONFIRMED,10.61368712,0.024,3.498,559.8,2.06,785.0,89.65,18.9,2,106.0,5815.0,4.54,-0.12,0.877,0.973,291.40945,38.340019,15.855,1,confirmed
3752110,K03142.01,,CANDIDATE,27.9430245,0.052,6.125,308.6,2.21,718.0,62.74,12.3,1,50.0,6468.0,4.363,0.21,1.25,1.313,292.80722,38.884232,15.243,0,candidate
5688790,K03144.01,Kepler-1439 b,CONFIRMED,8.07394097,0.928,2.455,1056.0,1.59,420.0,7.33,16.0,1,51.0,3675.0,4.869,-0.32,0.398,0.428,285.73981,40.980049,16.109,1,confirmed
1717722,K03145.01,Kepler-1977 b,CONFIRMED,4.53702121,0.706,1.813,504.4,1.66,798.0,95.61,15.7,2,286.0,4805.0,4.633,-0.06,0.688,0.769,290.61798,37.289089,15.689,1,confirmed
1717722,K03145.02,,CANDIDATE,0.977311489,0.01,1.403,250.7,1.06,1331.0,737.36,14.8,2,1266.0,4805.0,4.633,-0.06,0.688,0.769,290.61798,37.289089,15.689,0,candidate
10908248,K03146.01,Kepler-1440 b,CONFIRMED,39.859505,0.398,7.987,155.5,1.62,597.0,29.97,13.9,1,28.0,5675.0,4.209,0.12,1.292,0.984,285.34695,48.312248,14.131,1,confirmed
10878263,K00341.01,Kepler-414 c,CONFIRMED,7.170710381,0.188,2.9225,863.3,2.73,890.0,148.09,89.3,2,152.0,5497.0,4.437,0.02,0.941,0.884,297.96155,48.244362,13.338,1,confirmed
10878263,K00341.02,Kepler-414 b,CONFIRMED,4.699652821,0.135,2.553,351.4,1.74,1024.0,260.54,41.6,2,219.0,5497.0,4.437,0.02,0.941,0.884,297.96155,48.244362,13.338,1,confirmed
10982872,K00343.01,Kepler-142 c,CONFIRMED,4.761705895,0.384,3.3061,497.1,2.75,1201.0,491.37,138.5,3,282.0,5794.0,4.263,0.07,1.225,1.004,295.1189,48.481281,13.203,1,confirmed
10982872,K00343.02,Kepler-142 b,CONFIRMED,2.024143568,0.513,2.5273,239.4,1.94,1597.0,1535.09,88.4,3,599.0,5794.0,4.263,0.07,1.225,1.004,295.1189,48.481281,13.203,1,confirmed
4141376,K00280.01,Kepler-1655 b,CONFIRMED,11.87290814,0.904,2.5342,332.7,2.25,863.0,131.55,84.7,1,111.0,6147.0,4.412,-0.18,1.04,1.014,286.68945,39.21191,11.072,1,confirmed
9468551,K02980.01,Kepler-1399 b,CONFIRMED,1.638652525,0.365,1.952,166.9,1.29,1610.0,1585.07,16.4,1,696.0,6119.0,4.472,-0.16,0.981,1.039,293.31168,46.04171,15.49,1,confirmed
9076971,K02981.01,Kepler-1400 b,CONFIRMED,9.06687613,0.928,3.381,367.2,1.9,725.0,65.52,14.6,1,123.0,5142.0,4.515,-0.18,0.789,0.745,286.27167,45.440811,15.737,1,confirmed
8360640,K02982.01,Kepler-1891 b,CONFIRMED,4.0223109,0.741,0.853,227.8,1.37,1017.0,253.28,11.0,1,330.0,5516.0,4.544,-0.14,0.827,0.873,290.04388,44.370602,14.264,1,confirmed
11019987,K03060.01,Kepler-1421 b,CONFIRMED,6.9131732,0.264,4.73,39.1,0.91,1209.0,505.0,12.5,1,156.0,6296.0,4.21,0.07,1.444,1.233,286.5806,48.544189,12.788,1,confirmed
4857058,K03061.01,Kepler-1983 b,CONFIRMED,7.32851947,0.983,1.211,277.8,2.33,807.0,100.13,14.0,2,182.0,5135.0,4.464,0.12,0.874,0.812,297.04208,39.912231,14.316,1,confirmed
10924562,K03063.01,Kepler-1422 b,CONFIRMED,18.6052046,0.093,6.829,242.5,1.94,833.0,113.88,13.1,1,63.0,6572.0,4.365,0.07,1.238,1.298,293.8902,48.336121,15.665,1,confirmed
5040077,K03065.01,,CANDIDATE,0.896382269,0.332,1.113,136.4,1.0,1810.0,2524.81,11.7,1,701.0,5837.0,4.502,-0.52,0.843,0.824,298.53967,40.183659,14.603,0,candidate
7534267,K03147.01,Kepler-1441 b,CONFIRMED,39.4420781,0.42,7.029,172.4,2.51,682.0,51.14,15.2,1,34.0,5430.0,3.923,0.16,1.902,1.106,293.71912,43.124592,14.268,1,confirmed
9592705,K00288.01,Kepler-1714 b,CONFIRMED,10.27532513,0.315,6.3093,209.7,3.04,1211.0,508.21,99.5,1,126.0,6150.0,3.96,0.22,2.086,1.448,293.71646,46.226654,11.02,1,confirmed
10386922,K00289.01,Kepler-511 c,CONFIRMED,26.62941953,0.015,7.8709,492.8,3.13,742.0,71.75,106.9,2,48.0,5866.0,4.117,-0.2,1.417,0.958,282.94565,47.574905,12.747,1,confirmed
10386922,K00289.02,Kepler-511 b,CONFIRMED,296.6375817,0.429,16.425,2763.1,7.56,332.0,2.88,250.0,2,4.0,5866.0,4.117,-0.2,1.417,0.958,282.94565,47.574905,12.747,1,confirmed
10982872,K00343.03,Kepler-142 d,CONFIRMED,41.8085031,0.011,7.797,190.4,1.67,582.0,27.15,27.3,3,31.0,5794.0,4.263,0.07,1.225,1.004,295.1189,48.481281,13.203,1,confirmed
11015108,K00344.01,Kepler-530 b,CONFIRMED,39.30944096,0.028,5.77,1132.1,2.87,488.0,13.46,122.9,1,36.0,5607.0,4.536,-0.04,0.863,0.932,283.34027,48.549042,13.4,1,confirmed
11074541,K00345.01,Kepler-531 b,CONFIRMED,29.88487723,0.658,4.5612,1275.7,2.81,453.0,9.95,128.3,1,35.0,4883.0,4.549,-0.08,0.749,0.725,286.52481,48.683601,13.34,1,confirmed
11100383,K00346.01,Kepler-532 b,CONFIRMED,12.92489803,0.768,2.6811,959.0,2.62,620.0,34.95,49.5,1,86.0,5103.0,4.584,0.0,0.768,0.825,298.66092,48.606369,13.524,1,confirmed
7918652,K02984.01,,CANDIDATE,11.45541896,0.116,4.95,68.6,1.12,975.0,213.86,15.8,1,118.0,6231.0,4.276,0.28,1.356,1.269,299.707,43.622601,13.066,0,candidate
9230021,K03429.04,,CANDIDATE,44.433726,0.624,6.118,239.6,1.85,538.0,19.73,8.0,4,26.0,5596.0,4.298,0.14,1.145,0.95,296.19614,45.634331,15.364,0,candidate
6636320,K02989.01,Kepler-1892 b,CONFIRMED,6.33125228,0.094,2.688,306.6,1.31,822.0,108.04,16.2,1,215.0,5383.0,4.603,-0.22,0.759,0.851,299.08099,42.018139,15.411,1,confirmed
4067925,K03066.01,Kepler-1897 b,CONFIRMED,24.2204192,0.032,3.271,806.3,2.1,505.0,15.43,14.0,1,45.0,5165.0,4.599,0.02,0.761,0.859,294.29004,39.126869,15.911,1,confirmed
6021275,K00284.02,Kepler-132 c,CONFIRMED,6.41491277,0.869,3.3629,121.0,1.4,1069.0,309.12,51.1,4,161.0,5931.0,4.322,-0.24,1.101,0.929,283.23581,41.34304,11.818,1,confirmed
3230805,K03068.01,,CANDIDATE,3.91679553,0.007,2.072,161.3,0.85,851.0,123.73,13.2,2,350.0,4889.0,4.637,-0.22,0.686,0.759,290.26028,38.354988,14.976,0,candidate
4676964,K03069.01,,CANDIDATE,43.1024434,0.011,7.124,299.8,1.88,539.0,19.96,14.3,1,31.0,5741.0,4.365,0.18,1.097,1.017,297.03922,39.785259,14.914,0,candidate
10933561,K00291.01,Kepler-133 c,CONFIRMED,31.51779463,0.561,7.634,357.6,2.72,663.0,45.68,63.2,2,34.0,5611.0,4.144,0.16,1.4,0.995,297.27798,48.320332,12.848,1,confirmed
10933561,K00291.02,Kepler-133 b,CONFIRMED,8.12999858,0.896,2.1492,148.0,2.04,1041.0,277.89,26.1,2,127.0,5611.0,4.144,0.16,1.4,0.995,297.27798,48.320332,12.848,1,confirmed
4770617,K02243.03,,CANDIDATE,31.4452709,0.97,1.758,531.1,4.55,721.0,63.78,12.7,3,38.0,6172.0,4.198,0.16,1.471,1.25,297.47711,39.877239,14.806,0,candidate
11075737,K00292.01,Kepler-97 b,CONFIRMED,2.586639524,0.349,2.253,217.7,1.44,1328.0,735.48,77.3,1,411.0,5780.0,4.421,-0.2,0.966,0.899,287.32663,48.673431,12.872,1,confirmed
11194032,K00348.01,Kepler-533 b,CONFIRMED,28.51117639,0.77,4.5941,1844.6,3.27,423.0,7.55,145.5,1,47.0,4687.0,4.627,0.0,0.69,0.748,293.68573,48.825142,13.933,1,confirmed
11394027,K00349.01,Kepler-1664 b,CONFIRMED,14.38682567,0.021,2.1417,569.6,2.54,776.0,85.46,61.7,1,78.0,5725.0,4.353,0.0,1.072,0.944,286.85266,49.261681,13.586,1,confirmed
7609553,K02924.02,,CANDIDATE,8.85686712,0.923,0.606,319.2,1.88,714.0,61.54,11.9,2,137.0,5017.0,4.516,-0.02,0.797,0.76,292.4404,43.209431,14.589,0,candidate
11395587,K00350.01,,CANDIDATE,12.99065074,0.068,2.3748,392.3,2.02,790.0,92.12,42.5,1,80.0,5787.0,4.402,0.0,1.027,0.971,287.86142,49.264462,13.387,0,candidate
11442793,K00351.01,Kepler-90 h,CONFIRMED,331.5972732,0.02,14.404,8322.1,10.89,294.0,1.76,355.0,7,3.0,5970.0,4.317,0.1,1.2,1.089,284.4335,49.305161,13.804,1,confirmed
5520547,K02990.01,Kepler-1401 b,CONFIRMED,11.20058855,0.956,4.562,219.9,1.7,808.0,100.91,19.2,1,121.0,6038.0,4.524,-0.28,0.898,0.982,287.46606,40.75845,14.982,1,confirmed
8866102,K00042.01,Kepler-410 A b,CONFIRMED,17.83367834,0.013,4.5112,326.9,2.43,866.0,132.94,154.5,1,75.0,6407.0,4.268,0.0,1.337,1.208,283.1507,45.139832,9.364,1,confirmed
4143755,K00281.01,Kepler-510 b,CONFIRMED,19.55662003,0.606,8.087,298.9,2.45,797.0,95.35,111.0,1,70.0,5671.0,4.094,-0.36,1.36,0.839,287.655,39.244289,11.947,1,confirmed
8509442,K02992.01,,CANDIDATE,82.6595174,0.579,3.48,1270.7,2.03,233.0,0.7,17.1,1,14.0,3952.0,4.716,-0.1,0.553,0.572,296.73724,44.50148,15.995,0,candidate
11244137,K02994.01,Kepler-1402 b,CONFIRMED,2.03387483,0.238,3.097,73.6,1.6,1789.0,2422.92,15.7,1,655.0,5282.0,3.913,0.16,1.899,1.075,291.84781,48.968128,14.621,1,confirmed
5865654,K03071.01,Kepler-1423 b,CONFIRMED,23.9553986,0.669,3.204,228.7,2.84,741.0,71.16,13.9,1,56.0,5011.0,3.903,0.07,1.781,0.926,288.24377,41.110081,14.553,1,confirmed
3219643,K03072.01,,CANDIDATE,24.3367026,0.577,2.539,551.1,1.95,526.0,18.07,13.4,1,57.0,5141.0,4.505,-0.12,0.806,0.758,286.76147,38.34351,15.581,0,candidate
8546542,K03073.01,,CANDIDATE,7.40985182,0.234,1.131,201.1,1.18,818.0,105.91,13.5,1,182.0,5462.0,4.56,0.04,0.836,0.926,285.7485,44.632462,14.449,0,candidate
8613535,K02263.03,,CANDIDATE,15.5943758,0.5,7.367,95.4,1.08,801.0,97.35,11.9,3,81.0,6249.0,4.428,-0.04,1.076,1.13,286.97128,44.708302,14.456,0,candidate
11259686,K00294.01,Kepler-512 b,CONFIRMED,34.4359387,0.017,5.82,424.5,2.78,652.0,42.68,52.6,1,31.0,5929.0,4.243,0.3,1.363,1.185,298.26895,48.91674,12.674,1,confirmed
11547513,K00295.01,Kepler-134 b,CONFIRMED,5.317440164,0.72,2.9331,292.5,1.94,1105.0,351.52,80.9,2,201.0,5923.0,4.377,-0.14,1.054,0.966,284.73904,49.5984,12.324,1,confirmed
11547513,K00295.02,Kepler-134 c,CONFIRMED,10.10575764,0.828,2.0138,116.8,1.28,892.0,149.4,19.9,2,102.0,5923.0,4.377,-0.14,1.054,0.966,284.73904,49.5984,12.324,1,confirmed
11802615,K00296.01,Kepler-513 b,CONFIRMED,28.86236571,0.778,5.4033,449.2,2.53,623.0,35.56,64.4,1,36.0,5725.0,4.326,-0.08,1.088,0.915,285.04169,50.075378,12.935,1,confirmed
11442793,K00351.02,Kepler-90 g,CONFIRMED,210.6013843,0.002,11.9922,4159.3,7.7,342.0,3.22,232.4,7,6.0,5970.0,4.317,0.1,1.2,1.089,284.4335,49.305161,13.804,1,confirmed
10122538,K02926.05,,CANDIDATE,75.731195,0.9,4.859,2496.0,3.47,237.0,0.74,16.3,5,5.0,3891.0,4.718,0.21,0.564,0.605,283.33606,47.174541,16.279,0,candidate
11442793,K00351.03,Kepler-90 d,CONFIRMED,59.7371443,0.005,8.0006,566.4,2.84,520.0,17.26,43.5,7,16.0,5970.0,4.317,0.1,1.2,1.089,284.4335,49.305161,13.804,1,confirmed
11521793,K00352.01,Kepler-143 c,CONFIRMED,27.08239734,0.915,5.0119,423.2,3.25,703.0,57.77,40.9,2,53.0,5857.0,4.204,-0.04,1.305,0.993,298.06769,49.412601,13.77,1,confirmed
11566064,K00353.01,,CANDIDATE,152.1060435,0.878,7.4517,3688.3,11.58,458.0,10.36,116.3,3,10.0,6200.0,4.072,-0.06,1.64,1.158,295.21268,49.56218,13.374,0,candidate
11566064,K00353.02,Kepler-1717 b,CONFIRMED,30.6528935,0.682,4.99,269.7,2.86,780.0,87.69,17.4,3,46.0,6200.0,4.072,-0.06,1.64,1.158,295.21268,49.56218,13.374,1,confirmed
3848275,K02995.01,Kepler-1403 b,CONFIRMED,5.19492747,0.093,3.167,272.9,2.03,1238.0,554.37,16.5,1,251.0,6415.0,4.374,0.21,1.224,1.293,290.86771,38.960121,15.598,1,confirmed
12021625,K02996.01,Kepler-1404 b,CONFIRMED,15.9314412,0.604,2.435,556.7,1.77,596.0,29.83,14.8,1,83.0,5380.0,4.616,-0.4,0.721,0.786,296.00943,50.498379,15.688,1,confirmed
4175630,K02998.01,Kepler-1405 b,CONFIRMED,28.227413,0.025,5.782,1113.4,2.82,565.0,24.03,25.3,1,40.0,5858.0,4.553,-0.26,0.849,0.94,295.68484,39.256142,15.873,1,confirmed
3328080,K03075.01,Kepler-1898 b,CONFIRMED,4.76559056,0.14,2.2,67.5,0.92,1167.0,439.42,15.2,1,275.0,5702.0,4.258,-0.28,1.125,0.837,287.20587,38.498055,12.994,1,confirmed
8430964,K03078.01,Kepler-1900 b,CONFIRMED,2.98618134,0.249,2.969,122.9,1.16,1356.0,798.35,12.0,1,453.0,6173.0,4.447,-0.04,1.041,1.104,291.88632,44.478981,15.33,1,confirmed
6021275,K00284.03,Kepler-132 b,CONFIRMED,6.17817366,0.775,3.2601,101.9,1.22,1082.0,324.69,43.5,4,155.0,5931.0,4.322,-0.24,1.101,0.929,283.23581,41.34304,11.818,1,confirmed
12256520,K02264.02,,CANDIDATE,7.25101997,0.314,2.799,122.8,0.91,807.0,100.18,12.2,2,178.0,5382.0,4.571,0.1,0.827,0.928,290.34851,50.902851,14.477,0,candidate
11905011,K00297.01,Kepler-514 b,CONFIRMED,5.65178922,0.906,3.0933,134.1,2.03,1248.0,574.71,39.5,1,190.0,6085.0,4.218,0.48,1.463,1.29,286.24719,50.242409,12.182,1,confirmed
12785320,K00298.01,Kepler-515 b,CONFIRMED,19.96367208,0.846,2.6403,270.9,1.5,564.0,23.88,36.3,2,68.0,5250.0,4.541,-0.16,0.79,0.79,290.49426,52.055519,12.713,1,confirmed
12785320,K00298.02,,CANDIDATE,57.3840375,0.954,4.336,241.7,1.62,397.0,5.85,22.9,2,23.0,5250.0,4.541,-0.16,0.79,0.79,290.49426,52.055519,12.713,0,candidate
2692377,K00299.01,Kepler-98 b,CONFIRMED,1.541676547,0.362,1.9118,296.5,1.88,1592.0,1517.84,94.1,1,869.0,5533.0,4.337,0.18,1.089,0.94,285.66165,37.9645,12.899,1,confirmed
11568987,K00354.01,Kepler-534 b,CONFIRMED,15.95995611,0.526,4.3149,523.2,2.27,721.0,63.95,70.9,2,81.0,5936.0,4.501,0.07,0.965,1.075,296.41855,49.5401,13.235,1,confirmed
11568987,K00354.02,Kepler-534 c,CONFIRMED,7.37867551,0.513,3.349,125.1,1.11,933.0,178.68,22.3,2,176.0,5936.0,4.501,0.07,0.965,1.075,296.41855,49.5401,13.235,1,confirmed
11621223,K00355.01,Kepler-535 b,CONFIRMED,4.903321801,0.016,2.8887,334.5,2.37,1247.0,570.65,84.5,1,273.0,6045.0,4.276,0.16,1.298,1.166,296.56662,49.696251,13.174,1,confirmed
11624249,K00356.01,Kepler-536 b,CONFIRMED,1.82708193,0.033,1.96401,1164.7,5.95,1877.0,2925.17,273.7,1,732.0,5311.0,3.864,-0.46,1.769,0.834,297.73639,49.63715,13.807,1,confirmed
10000941,K04146.02,,CANDIDATE,2.5738437,0.044,1.92,46.6,0.57,1129.0,384.24,10.9,2,492.0,5115.0,4.477,0.08,0.854,0.798,286.81937,46.91169,13.632,0,candidate
3852655,K03002.01,Kepler-1406 b,CONFIRMED,11.62904159,0.925,2.97,88.0,1.31,854.0,125.89,13.7,1,118.0,5721.0,4.307,0.0,1.131,0.945,292.08185,38.915031,13.256,1,confirmed
5088536,K00282.01,Kepler-130 c,CONFIRMED,27.50871575,0.577,5.9291,639.2,2.98,663.0,45.66,190.3,3,47.0,5903.0,4.304,-0.16,1.137,0.95,288.45065,40.245327,11.529,1,confirmed
6103377,K03004.01,Kepler-1407 b,CONFIRMED,20.0708757,0.643,6.354,405.7,3.2,826.0,110.19,12.8,2,18.0,5902.0,4.128,0.16,1.513,1.12,283.94244,41.4716,14.935,1,confirmed
6677841,K01236.04,Kepler-279 e,CONFIRMED,98.353149,0.906,24.708,423.0,4.13,552.0,21.96,30.5,4,12.0,6366.0,4.045,-0.2,1.697,1.164,287.3912,42.194832,13.659,1,confirmed
7106173,K03083.01,,CANDIDATE,10.18318233,0.449,3.137,51.5,0.79,867.0,133.56,11.2,3,130.0,5843.0,4.421,0.4,1.084,1.131,287.97885,42.679359,12.857,0,candidate
7106173,K03083.02,,CANDIDATE,6.2321233,0.32,2.85,31.7,0.61,1021.0,256.72,8.5,3,199.0,5843.0,4.421,0.4,1.084,1.131,287.97885,42.679359,12.857,0,candidate
7106173,K03083.03,,CANDIDATE,8.2942929,0.006,3.976,36.8,0.65,928.0,175.39,10.1,3,154.0,5843.0,4.421,0.4,1.084,1.131,287.97885,42.679359,12.857,0,candidate
8037145,K00520.03,Kepler-176 d,CONFIRMED,25.75274977,0.516,2.7678,738.9,2.27,501.0,14.88,36.7,4,49.0,4963.0,4.501,0.16,0.826,0.789,294.66797,43.85326,14.55,1,confirmed
8162789,K00521.01,Kepler-1989 b,CONFIRMED,10.161023528,0.716,3.1627,1653.9,4.62,904.0,157.97,111.1,2,133.0,6032.0,4.387,-0.14,1.06,0.999,290.73517,44.09132,14.633,1,confirmed
8265218,K00522.01,,CANDIDATE,12.82993461,0.594,2.942,1417.4,3.31,734.0,68.41,79.6,1,107.0,5862.0,4.555,-0.28,0.844,0.935,301.14789,44.104542,14.406,0,candidate
8806123,K00523.01,Kepler-177 c,CONFIRMED,49.41121127,0.885,5.278,3184.0,6.77,497.0,14.48,125.4,2,28.0,5768.0,4.434,0.14,1.015,1.021,286.04712,45.053211,15.0,1,confirmed
8806123,K00523.02,Kepler-177 b,CONFIRMED,36.8567758,0.05,7.495,714.1,2.68,549.0,21.4,43.8,2,38.0,5768.0,4.434,0.14,1.015,1.021,286.04712,45.053211,15.0,1,confirmed
8355239,K00574.02,Kepler-189 b,CONFIRMED,10.39986173,0.757,3.377,275.3,1.5,678.0,49.86,22.8,2,127.0,4963.0,4.501,0.16,0.826,0.789,287.56473,44.305,14.859,1,confirmed
8367113,K00575.01,Kepler-606 b,CONFIRMED,24.31574009,0.653,4.1344,643.3,2.8,683.0,51.53,42.5,1,55.0,6242.0,4.442,-0.1,1.047,1.104,292.4274,44.381271,14.686,1,confirmed
8558011,K00577.01,Kepler-607 c,CONFIRMED,39.6766071,0.639,5.04,611.2,2.29,473.0,11.85,24.9,2,16.0,5244.0,4.449,0.02,0.888,0.808,291.05722,44.632381,14.405,1,confirmed
9115800,K00421.01,Kepler-548 b,CONFIRMED,4.454194254,0.479,2.3061,16041.5,11.76,1017.0,252.22,1022.2,1,299.0,5359.0,4.425,-0.06,0.915,0.812,299.90591,45.439678,14.995,1,confirmed
9214713,K00422.01,,CANDIDATE,809.0141881,0.717,8.3017,16311.3,14.38,216.0,0.51,212.9,1,4.0,6230.0,4.397,-0.3,1.047,0.993,290.38983,45.665329,14.74,0,candidate
9478990,K00423.01,Kepler-39 b,CONFIRMED,21.0871953,0.065,5.92691,8894.7,14.43,873.0,137.06,556.2,2,52.0,6266.0,4.101,-0.28,1.522,1.066,296.96027,46.034302,14.327,1,confirmed
6850504,K00070.04,Kepler-20 e,CONFIRMED,6.09855603,0.21,2.9815,84.4,0.84,927.0,174.3,24.8,5,196.0,5465.0,4.449,0.02,0.925,0.876,287.698,42.338718,12.498,1,confirmed
10934674,K00477.01,Kepler-567 b,CONFIRMED,16.54295261,0.329,3.8516,726.0,2.31,611.0,32.94,36.1,1,63.0,5215.0,4.518,0.28,0.867,0.904,297.67261,48.302311,14.687,1,confirmed
10990886,K00478.01,Kepler-568 b,CONFIRMED,11.023474798,0.724,1.4814,1795.5,2.46,429.0,8.04,77.2,1,96.0,3744.0,4.718,0.2,0.537,0.551,298.10571,48.40115,14.273,1,confirmed
11015323,K00479.01,Kepler-569 b,CONFIRMED,34.18884323,0.065,5.3278,1063.2,2.97,526.0,18.05,83.9,1,41.0,5515.0,4.453,0.0,0.925,0.888,283.50726,48.552601,14.106,1,confirmed
11134879,K00480.01,Kepler-570 b,CONFIRMED,4.30165843,0.547,2.1055,739.4,2.42,1009.0,244.48,88.3,1,314.0,5480.0,4.509,-0.04,0.865,0.881,290.43759,48.791882,14.332,1,confirmed
11192998,K00481.01,Kepler-166 b,CONFIRMED,7.650243513,0.014,2.752,981.4,2.3,772.0,83.86,98.8,3,178.0,5409.0,4.609,-0.3,0.746,0.835,293.16016,48.881191,14.701,1,confirmed
9334893,K02298.03,,CANDIDATE,2.47240869,0.319,1.87,47.5,0.36,887.0,145.69,9.0,3,519.0,4729.0,4.726,-1.42,0.525,0.534,288.45605,45.80212,13.831,0,candidate
8934495,K00524.01,Kepler-1721 b,CONFIRMED,4.592393816,0.02,2.2748,1027.7,2.51,924.0,172.6,105.9,1,288.0,5351.0,4.582,-0.04,0.796,0.89,283.54416,45.225552,14.868,1,confirmed
9119458,K00525.01,,CANDIDATE,11.53029332,0.027,1.8385,1209.3,3.98,873.0,137.08,57.6,1,117.0,5770.0,4.289,-0.06,1.152,0.942,300.90778,45.45787,14.539,0,candidate
5866724,K00085.01,Kepler-65 c,CONFIRMED,5.859935955,0.049,4.0185,322.8,2.56,1246.0,569.5,186.7,3,232.0,6181.0,4.22,0.14,1.424,1.231,288.68869,41.15118,11.018,1,confirmed
9157634,K00526.01,Kepler-586 b,CONFIRMED,2.104721971,0.001,1.7547,905.5,2.89,1365.0,821.44,153.3,1,632.0,5703.0,4.498,0.36,0.975,1.091,293.05722,45.551189,14.427,1,confirmed
12406807,K03091.02,,CANDIDATE,7.9069765,0.038,4.634,126.1,1.13,994.0,230.28,8.3,2,161.0,6347.0,4.464,-0.34,0.996,1.053,290.88831,51.248169,15.372,0,candidate
8565266,K00578.01,Kepler-608 b,CONFIRMED,6.412512953,0.553,5.2677,1156.4,3.89,1069.0,308.76,183.1,1,214.0,6026.0,4.366,-0.02,1.108,1.038,293.88293,44.638088,14.684,1,confirmed
8616637,K00579.01,Kepler-190 b,CONFIRMED,2.019997006,0.502,1.8073,332.8,1.46,1166.0,437.85,52.1,2,665.0,5103.0,4.562,0.04,0.787,0.823,288.58405,44.733799,14.137,1,confirmed
8616637,K00579.02,Kepler-190 c,CONFIRMED,3.763041531,0.76,1.6011,354.5,1.63,948.0,190.67,37.9,2,325.0,5103.0,4.562,0.04,0.787,0.823,288.58405,44.733799,14.137,1,confirmed
8625925,K00580.01,Kepler-609 b,CONFIRMED,6.521209629,0.514,2.7975,760.4,2.54,932.0,178.27,69.8,1,201.0,5822.0,4.529,-0.06,0.898,0.994,292.22031,44.700031,14.856,1,confirmed
8822216,K00581.01,Kepler-610 b,CONFIRMED,6.996926239,0.022,2.7374,1317.4,3.21,888.0,147.07,101.6,2,190.0,5713.0,4.541,0.07,0.893,1.01,293.17133,45.065601,14.807,1,confirmed
4548011,K04288.04,,CANDIDATE,13.9509565,0.467,5.231,35.7,0.75,849.0,122.88,11.2,4,89.0,5888.0,4.275,0.06,1.227,1.036,287.37125,39.603569,12.4,0,candidate
10016874,K00426.01,,CANDIDATE,16.30141333,0.786,3.5764,942.3,3.84,805.0,99.08,62.4,1,81.0,6072.0,4.328,-0.14,1.138,1.004,294.02298,46.99955,14.733,0,candidate
10189546,K00427.01,Kepler-549 d,CONFIRMED,24.61480613,0.435,2.6602,1798.0,4.2,586.0,27.93,68.4,3,54.0,5312.0,4.384,0.16,0.986,0.859,283.0228,47.261131,14.621,1,confirmed
10189546,K00427.02,Kepler-549 b,CONFIRMED,42.949522,0.013,5.4154,959.1,2.98,487.0,13.29,40.7,3,31.0,5312.0,4.384,0.16,0.986,0.859,283.0228,47.261131,14.621,1,confirmed
10189546,K00427.03,Kepler-549 c,CONFIRMED,117.033521,0.188,6.822,770.4,2.68,349.0,3.49,21.9,3,11.0,5312.0,4.384,0.16,0.986,0.859,283.0228,47.261131,14.621,1,confirmed
11192998,K00481.02,Kepler-166 d,CONFIRMED,1.55400389,0.016,1.7664,465.8,1.59,1313.0,704.5,82.1,3,836.0,5409.0,4.609,-0.3,0.746,0.835,293.16016,48.881191,14.701,1,confirmed
11192998,K00481.03,Kepler-166 c,CONFIRMED,34.25951418,0.008,4.7743,1072.5,2.41,468.0,11.36,66.1,3,34.0,5409.0,4.609,-0.3,0.746,0.835,293.16016,48.881191,14.701,1,confirmed
11497977,K00483.01,Kepler-571 b,CONFIRMED,4.79860021,0.594,3.0384,817.4,2.51,978.0,216.54,88.1,1,215.0,5631.0,4.557,-0.06,0.847,0.946,286.55103,49.418739,14.675,1,confirmed
9941859,K00528.01,Kepler-178 b,CONFIRMED,9.57665962,0.043,3.3603,746.8,2.88,846.0,121.26,82.6,3,144.0,5386.0,4.322,0.18,1.076,0.886,287.1011,46.896481,14.598,1,confirmed
9941859,K00528.02,Kepler-178 d,CONFIRMED,96.6781852,0.336,5.6957,951.3,3.29,392.0,5.55,44.7,3,15.0,5386.0,4.322,0.18,1.076,0.886,287.1011,46.896481,14.598,1,confirmed
9941859,K00528.03,Kepler-178 c,CONFIRMED,20.55280311,0.568,2.2013,727.3,2.99,656.0,43.8,42.4,3,59.0,5386.0,4.322,0.18,1.076,0.886,287.1011,46.896481,14.598,1,confirmed
10266615,K00530.01,Kepler-587 b,CONFIRMED,10.94026745,0.595,2.3494,538.6,2.08,764.0,80.52,30.6,1,123.0,5749.0,4.547,-0.1,0.864,0.961,288.67068,47.399139,14.909,1,confirmed
6444896,K03138.02,Kepler-1649 c,CONFIRMED,19.5352551,0.702,1.013,1732.0,0.53,161.0,0.16,5.9,2,39.0,2703.0,5.274,0.0,0.118,0.096,292.50378,41.830421,17.131,1,confirmed
10395543,K00531.01,,CANDIDATE,3.687469832,0.919,1.0668,5057.6,5.78,690.0,53.6,363.9,1,363.0,4004.0,4.659,0.12,0.606,0.611,287.69119,47.546902,14.418,0,candidate
8822216,K00581.02,Kepler-610 c,CONFIRMED,151.863949,0.016,8.577,747.0,2.41,318.0,2.43,22.5,2,9.0,5713.0,4.541,0.07,0.893,1.01,293.17133,45.065601,14.807,1,confirmed
9020160,K00582.01,Kepler-191 d,CONFIRMED,5.945043548,0.763,2.7004,800.2,2.69,857.0,127.64,67.6,3,225.0,5105.0,4.469,0.14,0.868,0.81,291.18338,45.32317,14.808,1,confirmed
7941200,K00092.01,Kepler-1709 b,CONFIRMED,65.7045275,0.663,3.3104,636.1,2.78,472.0,11.72,70.4,1,20.0,5918.0,4.403,-0.04,1.043,1.003,283.37482,43.788219,11.667,1,confirmed
9020160,K00582.02,Kepler-191 c,CONFIRMED,17.73842886,0.845,3.0049,605.5,2.47,596.0,29.74,29.8,3,68.0,5105.0,4.469,0.14,0.868,0.81,291.18338,45.32317,14.808,1,confirmed
7429287,K04260.04,,CANDIDATE,84.799829,0.795,15.21,56.1,1.16,491.0,13.79,14.4,4,16.0,5619.0,4.07,-0.32,1.406,0.848,286.39584,43.075821,11.443,0,candidate
9020160,K00582.03,Kepler-191 b,CONFIRMED,9.93962361,0.934,3.432,300.1,1.93,722.0,64.29,21.5,3,129.0,5105.0,4.469,0.14,0.868,0.81,291.18338,45.32317,14.808,1,confirmed
10418224,K00428.01,Kepler-40 b,CONFIRMED,6.8731664,0.055,6.8569,3753.8,13.44,1482.0,1140.56,535.5,1,156.0,6490.0,3.942,0.08,2.179,1.516,296.81369,47.526611,14.588,1,confirmed
10616679,K00429.01,Kepler-550 b,CONFIRMED,8.600099313,0.048,4.0077,2791.6,4.17,760.0,78.72,209.2,1,127.0,5246.0,4.501,-0.24,0.805,0.748,297.70023,47.86375,14.486,1,confirmed
10717241,K00430.01,Kepler-551 b,CONFIRMED,12.37646897,0.468,2.7075,1709.0,2.53,483.0,12.87,81.2,2,83.0,4200.0,4.664,-0.12,0.607,0.622,285.48505,48.054321,14.897,1,confirmed
10717241,K00430.02,,CANDIDATE,9.340538,0.074,2.57,200.8,0.84,530.0,18.69,11.1,2,112.0,4200.0,4.664,-0.12,0.607,0.622,285.48505,48.054321,14.897,0,candidate
7303287,K01353.03,Kepler-289 e,CONFIRMED,330.071558,0.681,4.295,616.7,2.94,286.0,1.58,10.6,3,4.0,5933.0,4.342,-0.06,1.115,0.998,297.46533,42.882839,13.956,1,confirmed
10843590,K00431.01,Kepler-153 b,CONFIRMED,18.87022157,0.013,3.1404,1096.6,2.82,621.0,35.13,72.7,2,71.0,5402.0,4.452,-0.24,0.865,0.774,282.46051,48.257118,14.262,1,confirmed
6850504,K00070.05,Kepler-20 f,CONFIRMED,19.5776073,0.049,3.382,98.1,0.9,628.0,36.82,17.2,5,60.0,5465.0,4.449,0.02,0.925,0.876,287.698,42.338718,12.498,1,confirmed
12061222,K00484.01,Kepler-572 b,CONFIRMED,17.20522898,0.012,3.6688,1080.6,2.22,553.0,22.05,75.7,1,78.0,5211.0,4.643,-0.4,0.689,0.766,291.2211,50.581299,14.472,1,confirmed
12404305,K00486.01,Kepler-573 b,CONFIRMED,22.18332255,0.024,5.1364,748.1,2.78,646.0,41.24,70.3,1,63.0,5565.0,4.361,0.0,1.03,0.889,289.52115,51.237309,14.118,1,confirmed
12834874,K00487.01,Kepler-574 b,CONFIRMED,7.65880048,0.017,3.0427,668.2,2.19,858.0,128.18,57.6,1,179.0,5657.0,4.508,-0.26,0.855,0.858,290.24704,52.149132,14.528,1,confirmed
2557816,K00488.01,Kepler-575 b,CONFIRMED,9.3789167,0.671,3.3427,563.5,2.03,803.0,98.22,42.6,1,141.0,5684.0,4.493,-0.66,0.808,0.741,286.9639,37.829708,14.72,1,confirmed
10454313,K00532.01,Kepler-588 b,CONFIRMED,4.221626193,0.847,3.0619,658.0,2.87,1176.0,453.2,83.7,1,317.0,6123.0,4.472,-0.14,0.987,1.053,284.2572,47.68895,14.708,1,confirmed
10513530,K00533.01,Kepler-589 b,CONFIRMED,16.54967098,0.88,4.3808,744.5,2.95,656.0,43.72,46.8,2,83.0,5372.0,4.434,-0.02,0.916,0.832,280.64136,47.751942,14.68,1,confirmed
5866724,K00085.02,Kepler-65 b,CONFIRMED,2.154911236,0.113,3.1341,99.7,1.42,1740.0,2162.35,83.0,3,576.0,6181.0,4.22,0.14,1.424,1.231,288.68869,41.15118,11.018,1,confirmed
8121310,K00317.02,,CANDIDATE,11.505879,0.029,5.583,49.8,0.99,1000.0,236.35,12.5,2,113.0,6336.0,4.266,0.34,1.403,1.324,298.81638,43.998039,12.885,0,candidate
10513530,K00533.02,Kepler-589 c,CONFIRMED,3.52467888,0.976,2.484,129.7,1.46,1098.0,344.61,12.3,2,370.0,5372.0,4.434,-0.02,0.916,0.832,280.64136,47.751942,14.68,1,confirmed
10554999,K00534.01,Kepler-179 c,CONFIRMED,6.400157105,0.898,2.0004,743.2,2.52,810.0,101.72,49.1,2,170.0,5299.0,4.597,-0.14,0.766,0.856,298.66373,47.762039,14.613,1,confirmed
9076513,K00583.01,Kepler-611 b,CONFIRMED,2.437029217,0.014,3.2005,244.0,2.04,1513.0,1237.66,49.0,1,552.0,5573.0,4.177,0.16,1.329,0.968,286.00494,45.480389,14.573,1,confirmed
9146018,K00584.01,Kepler-192 b,CONFIRMED,9.9267215,0.625,3.8428,725.5,2.76,803.0,98.34,97.3,3,134.0,5475.0,4.43,0.24,0.982,0.947,287.91791,45.592869,14.129,1,confirmed
9146018,K00584.02,Kepler-192 c,CONFIRMED,21.22349325,0.794,4.9416,582.9,2.63,623.0,35.69,60.2,3,62.0,5475.0,4.43,0.24,0.982,0.947,287.91791,45.592869,14.129,1,confirmed
9146018,K00584.03,Kepler-192 d,CONFIRMED,6.47027706,0.732,3.343,116.9,1.15,926.0,173.79,18.3,3,195.0,5475.0,4.43,0.24,0.982,0.947,287.91791,45.592869,14.129,1,confirmed
9279669,K00585.01,Kepler-612 b,CONFIRMED,3.722158895,0.644,1.9941,757.4,2.33,1046.0,283.28,70.3,1,357.0,5617.0,4.574,-0.22,0.806,0.897,291.35464,45.747898,14.911,1,confirmed
10843590,K00431.02,Kepler-153 c,CONFIRMED,46.9026431,0.645,3.9264,821.3,2.6,458.0,10.44,40.6,2,31.0,5402.0,4.452,-0.24,0.865,0.774,282.46051,48.257118,14.262,1,confirmed
10858832,K00432.01,Kepler-552 b,CONFIRMED,5.263415218,0.853,2.1446,1030.7,3.77,1103.0,349.4,117.0,1,252.0,6099.0,4.456,0.02,1.028,1.098,290.74768,48.242008,14.279,1,confirmed
10937029,K00433.01,Kepler-553 b,CONFIRMED,4.030466786,0.033,2.7734,2908.3,4.48,970.0,209.11,227.4,2,264.0,5234.0,4.542,0.3,0.854,0.927,298.55084,48.332451,14.924,1,confirmed
10937029,K00433.02,Kepler-553 c,CONFIRMED,328.240201,0.75,12.2726,13888.6,10.99,224.0,0.59,287.6,2,5.0,5234.0,4.542,0.3,0.854,0.927,298.55084,48.332451,14.924,1,confirmed
3239945,K00490.01,Kepler-167 b,CONFIRMED,4.393157678,0.102,2.4455,447.2,1.41,807.0,99.9,63.0,4,298.0,4799.0,4.631,-0.02,0.692,0.776,292.65842,38.34539,14.023,1,confirmed
10187017,K00082.01,Kepler-102 e,CONFIRMED,16.145671932,0.75,3.7236,941.1,2.48,546.0,20.98,242.7,6,84.0,4900.0,4.602,0.08,0.741,0.806,281.48273,47.208031,11.492,1,confirmed
3239945,K00490.02,Kepler-167 e,CONFIRMED,1071.232624,0.216,16.1784,19045.6,9.27,129.0,0.07,544.2,4,3.0,4799.0,4.631,-0.02,0.692,0.776,292.65842,38.34539,14.023,1,confirmed
10554999,K00534.02,Kepler-179 b,CONFIRMED,2.735900074,0.189,1.9359,428.9,1.56,1075.0,315.95,44.5,2,375.0,5299.0,4.597,-0.14,0.766,0.856,298.66373,47.762039,14.613,1,confirmed
10873260,K00535.01,Kepler-590 b,CONFIRMED,5.852968845,0.316,4.5973,1146.5,3.46,1056.0,293.93,152.4,1,181.0,6050.0,4.45,-0.04,1.013,1.05,296.38553,48.233452,14.434,1,confirmed
10965008,K00536.01,Kepler-591 b,CONFIRMED,81.1701587,0.875,8.358,1183.2,4.71,436.0,8.55,51.0,1,11.0,5460.0,4.263,0.16,1.165,0.907,286.02402,48.43177,14.499,1,confirmed
11073351,K00537.01,Kepler-592 b,CONFIRMED,2.820190603,0.614,2.554,467.5,2.53,1367.0,824.92,64.2,1,380.0,5831.0,4.359,0.16,1.121,1.047,285.79068,48.683262,14.665,1,confirmed
11090765,K00538.01,Kepler-593 b,CONFIRMED,21.21712312,0.89,5.89,636.0,2.97,706.0,58.63,56.2,1,62.0,6191.0,4.438,-0.24,1.007,1.01,294.95145,48.651192,14.56,1,confirmed
9570741,K00586.01,Kepler-613 b,CONFIRMED,15.77980122,0.025,4.0369,541.4,2.11,713.0,60.96,39.4,1,86.0,5941.0,4.519,-0.14,0.911,1.001,282.7868,46.244991,14.608,1,confirmed
9607164,K00587.01,Kepler-614 b,CONFIRMED,14.03490255,0.66,3.638,851.8,2.41,641.0,39.97,60.9,1,74.0,5258.0,4.513,-0.32,0.785,0.731,298.38483,46.276039,14.574,1,confirmed
9631762,K00588.01,Kepler-615 b,CONFIRMED,10.35586478,0.178,2.8431,660.9,1.92,620.0,34.93,49.5,1,129.0,4646.0,4.539,0.34,0.778,0.764,282.45059,46.3214,14.337,1,confirmed
6462863,K00094.01,Kepler-89 d,CONFIRMED,22.342964828,0.031,6.66405,5612.8,9.99,785.0,89.61,1118.9,4,30.0,6181.0,4.234,-0.02,1.331,1.106,297.33307,41.891121,12.205,1,confirmed
9782691,K00590.01,Kepler-193 b,CONFIRMED,11.38840217,0.243,3.6949,438.0,3.04,979.0,216.55,34.7,2,93.0,5876.0,4.151,0.14,1.456,1.093,296.4986,46.57724,14.615,1,confirmed
11709124,K00435.01,Kepler-154 d,CONFIRMED,20.5498184,0.649,5.5484,1564.3,4.04,657.0,44.11,123.1,6,67.0,5688.0,4.415,-0.12,0.971,0.895,289.78052,49.89653,14.534,1,confirmed
11709124,K00435.02,,CANDIDATE,934.09418462,0.4948,17.489,8709.6,7.89,177.0,0.23,135.5,6,,5937.0,4.559,-0.4,0.832,0.916,289.78052,49.89653,14.534,0,candidate
11805075,K00436.01,,CANDIDATE,199.83920527,0.811,4.378,44490.0,21.48,276.0,1.36,590.6,1,6.0,5457.0,4.548,0.2,0.869,0.974,286.65689,50.021568,14.74,0,candidate
11824222,K00437.01,,CANDIDATE,15.84132627,0.891,1.8215,31083.0,16.84,575.0,25.77,135.8,1,83.0,5119.0,4.575,-0.5,0.702,0.675,296.61859,50.022011,14.497,0,candidate
12302530,K00438.01,Kepler-155 b,CONFIRMED,5.931196562,0.886,2.4999,1007.4,2.01,562.0,23.5,90.5,2,224.0,3984.0,4.72,-0.22,0.539,0.557,288.49582,51.08194,14.258,1,confirmed
11904151,K00072.01,Kepler-10 b,CONFIRMED,0.837491225,0.022,1.796,190.4,1.43,1980.0,3630.32,189.5,2,1245.0,5676.0,4.347,-0.12,1.044,0.884,285.67938,50.241299,10.961,1,confirmed
3239945,K00490.03,Kepler-167 c,CONFIRMED,7.40611676,0.077,2.8826,417.9,1.37,678.0,49.89,49.6,4,171.0,4799.0,4.631,-0.02,0.692,0.776,292.65842,38.34539,14.023,1,confirmed
3239945,K00490.04,Kepler-167 d,CONFIRMED,21.803708,0.568,3.369,246.4,1.11,473.0,11.82,18.5,4,53.0,4799.0,4.631,-0.02,0.692,0.776,292.65842,38.34539,14.023,1,confirmed
3559935,K00492.01,Kepler-576 b,CONFIRMED,29.9111886,0.041,6.6436,942.0,2.9,541.0,20.31,50.8,2,36.0,5275.0,4.397,0.18,0.969,0.855,295.18292,38.654228,14.424,1,confirmed
3966801,K00494.01,Kepler-577 b,CONFIRMED,25.69581456,0.68,4.0251,1130.8,1.7,314.0,2.3,45.1,1,42.0,3787.0,4.775,-0.22,0.477,0.496,294.71194,39.073761,14.885,1,confirmed
11656721,K00541.01,Kepler-594 b,CONFIRMED,13.64617478,0.115,3.4098,633.0,2.06,678.0,49.89,43.4,1,96.0,5569.0,4.566,-0.08,0.829,0.928,288.92157,49.762032,14.748,1,confirmed
11853905,K00007.01,Kepler-4 b,CONFIRMED,3.213668926,0.021,3.98235,727.8,4.13,1515.0,1244.44,346.9,1,335.0,5795.0,4.101,0.18,1.545,1.097,285.61533,50.13575,12.211,1,confirmed
5866724,K00085.03,Kepler-65 d,CONFIRMED,8.13121389,0.622,4.2386,111.8,1.58,1117.0,368.36,55.3,3,131.0,6181.0,4.22,0.14,1.424,1.231,288.68869,41.15118,11.018,1,confirmed
11669239,K00542.01,Kepler-180 c,CONFIRMED,41.8854433,0.917,6.763,687.4,3.28,540.0,20.05,47.0,2,32.0,5735.0,4.356,-0.2,1.028,0.875,295.57135,49.774578,14.35,1,confirmed
11669239,K00542.02,Kepler-180 b,CONFIRMED,13.81733587,0.967,4.261,223.2,2.04,781.0,88.04,20.4,2,96.0,5735.0,4.356,-0.2,1.028,0.875,295.57135,49.774578,14.35,1,confirmed
10600261,K00597.03,Kepler-194 d,CONFIRMED,52.8148051,0.002,7.309,553.7,3.33,562.0,23.57,27.4,3,26.0,5565.0,4.117,0.16,1.439,0.989,291.97144,47.86417,14.915,1,confirmed
10656823,K00598.01,Kepler-195 b,CONFIRMED,8.30783912,0.019,3.1516,777.5,2.15,751.0,75.09,66.4,2,164.0,5320.0,4.589,-0.06,0.786,0.882,288.12097,47.966671,14.813,1,confirmed
10656823,K00598.02,Kepler-195 c,CONFIRMED,34.0963441,0.386,3.896,472.7,1.71,469.0,11.42,21.5,2,36.0,5320.0,4.589,-0.06,0.786,0.882,288.12097,47.966671,14.813,1,confirmed
10676824,K00599.01,Kepler-1724 b,CONFIRMED,6.45442931,0.749,2.6772,586.1,2.48,999.0,234.98,45.3,1,164.0,6092.0,4.496,-0.22,0.943,1.016,296.12073,47.921478,14.854,1,confirmed
10718726,K00600.01,Kepler-618 b,CONFIRMED,3.595769013,0.496,3.1569,383.7,2.39,1296.0,666.88,45.9,2,303.0,5762.0,4.283,0.1,1.196,1.001,286.24982,48.06094,14.827,1,confirmed
12302530,K00438.02,Kepler-155 c,CONFIRMED,52.6615266,0.682,3.1592,1078.1,1.87,271.0,1.28,38.4,2,23.0,3984.0,4.72,-0.22,0.539,0.557,288.49582,51.08194,14.258,1,confirmed
12470954,K00439.01,Kepler-554 b,CONFIRMED,1.902208647,0.116,2.19877,2343.5,4.45,1346.0,778.26,363.2,2,702.0,5400.0,4.463,0.24,0.937,0.931,296.40686,51.35815,14.313,1,confirmed
6268648,K01613.03,,CANDIDATE,20.605501,0.705,3.793,37.1,0.85,806.0,99.53,11.1,3,48.0,6099.0,4.193,-0.3,1.308,0.974,285.47659,41.632717,11.049,0,candidate
2438264,K00440.01,Kepler-156 c,CONFIRMED,15.90688891,0.014,3.9879,924.7,2.35,588.0,28.32,75.0,2,86.0,5097.0,4.554,0.08,0.797,0.829,290.29651,37.749489,14.172,1,confirmed
2438264,K00440.02,Kepler-156 b,CONFIRMED,4.973455252,0.817,1.6519,741.6,2.46,867.0,133.55,65.4,2,258.0,5097.0,4.554,0.08,0.797,0.829,290.29651,37.749489,14.172,1,confirmed
4454752,K00496.01,Kepler-578 b,CONFIRMED,1.616883373,0.856,1.6325,437.3,4.47,1774.0,2342.49,43.9,1,832.0,4868.0,3.902,0.32,1.816,0.959,288.75494,39.563648,14.411,1,confirmed
8212002,K02593.02,,CANDIDATE,9.5539134,0.142,5.261,26.8,0.68,1012.0,247.86,13.1,2,134.0,6175.0,4.299,0.28,1.307,1.244,281.83533,44.155918,11.714,0,candidate
4757437,K00497.01,Kepler-168 c,CONFIRMED,13.19322809,0.005,5.0036,585.7,2.94,862.0,130.35,50.9,2,84.0,5946.0,4.309,0.16,1.223,1.113,294.71017,39.8251,14.606,1,confirmed
10187017,K00082.02,Kepler-102 d,CONFIRMED,10.31174786,0.747,3.1818,275.9,1.34,634.0,38.13,81.7,6,126.0,4900.0,4.602,0.08,0.741,0.806,281.48273,47.208031,11.492,1,confirmed
4757437,K00497.02,Kepler-168 b,CONFIRMED,4.42535097,0.177,3.504,179.0,1.63,1240.0,559.22,22.1,2,230.0,5946.0,4.309,0.16,1.223,1.113,294.71017,39.8251,14.606,1,confirmed
11823054,K00543.01,Kepler-181 c,CONFIRMED,4.302139338,0.652,2.0289,747.2,2.46,937.0,182.7,65.5,2,307.0,5041.0,4.479,0.18,0.857,0.807,296.1514,50.09581,14.707,1,confirmed
11823054,K00543.02,Kepler-181 b,CONFIRMED,3.137845914,0.454,1.91,305.7,1.5,1041.0,277.64,30.8,2,405.0,5041.0,4.479,0.18,0.857,0.807,296.1514,50.09581,14.707,1,confirmed
7017274,K03209.02,,CANDIDATE,6.77067637,0.127,5.982,65.8,1.9,1499.0,1193.45,19.6,2,187.0,6337.0,3.893,0.16,2.335,1.556,285.92322,42.54985,11.915,0,candidate
12058931,K00546.01,Kepler-182 c,CONFIRMED,20.68420772,0.488,6.4415,858.5,3.28,729.0,66.83,59.6,2,65.0,6246.0,4.433,0.07,1.092,1.18,289.83011,50.586239,14.896,1,confirmed
9782691,K00590.02,Kepler-193 c,CONFIRMED,50.6985408,0.137,5.972,610.9,3.58,595.0,29.58,30.1,2,23.0,5876.0,4.151,0.14,1.456,1.093,296.4986,46.57724,14.615,1,confirmed
12366084,K00787.03,,CANDIDATE,0.589376952,0.491,1.71,80.7,0.93,2162.0,5161.1,11.4,3,2040.0,5714.0,4.428,0.16,1.015,1.007,295.81616,51.121738,15.367,0,candidate
9957627,K00592.01,Kepler-1723 b,CONFIRMED,39.7529915,0.046,4.9641,549.3,2.37,568.0,24.54,40.9,1,35.0,6072.0,4.411,-0.3,1.01,0.96,294.46268,46.821449,14.292,1,confirmed
9958962,K00593.01,Kepler-616 b,CONFIRMED,9.99760285,0.851,3.4423,638.7,2.82,860.0,129.18,39.0,4,133.0,6004.0,4.484,-0.02,0.977,1.061,294.98914,46.838329,14.957,1,confirmed
9958962,K00593.02,Kepler-616 c,CONFIRMED,90.4117992,0.849,7.106,1265.0,3.96,413.0,6.86,35.4,4,13.0,6004.0,4.484,-0.02,0.977,1.061,294.98914,46.838329,14.957,1,confirmed
3745690,K00442.01,Kepler-157 c,CONFIRMED,13.54057461,0.18,4.4673,461.0,2.17,779.0,87.1,53.3,3,99.0,5767.0,4.389,-0.12,1.014,0.918,291.09723,38.87561,14.002,1,confirmed
3745690,K00442.02,Kepler-157 b,CONFIRMED,1.732346403,0.184,2.2139,182.4,1.37,1546.0,1345.92,41.2,3,740.0,5767.0,4.389,-0.12,1.014,0.918,291.09723,38.87561,14.002,1,confirmed
9872283,K01815.02,,CANDIDATE,1.74610057,0.032,1.299,54.2,1.24,1689.0,1924.75,9.2,2,734.0,4854.0,3.939,0.56,1.749,0.97,281.45718,46.746471,13.884,0,candidate
3745690,K00442.03,Kepler-157 d,CONFIRMED,7.0257409,0.812,2.245,190.7,1.56,969.0,208.92,21.2,3,157.0,5767.0,4.389,-0.12,1.014,0.918,291.09723,38.87561,14.002,1,confirmed
3833007,K00443.01,Kepler-555 b,CONFIRMED,16.21774917,0.336,4.9274,758.3,2.22,664.0,45.87,80.3,1,85.0,5837.0,4.577,-0.44,0.798,0.887,285.51685,38.9324,14.2,1,confirmed
3847138,K00444.01,Kepler-556 b,CONFIRMED,11.72291212,0.012,4.2064,492.2,2.08,766.0,81.46,58.8,1,113.0,5550.0,4.431,0.0,0.953,0.894,290.52942,38.942661,14.112,1,confirmed
4847534,K00499.01,Kepler-579 b,CONFIRMED,9.66857386,0.8,2.4656,411.7,1.9,730.0,67.06,36.9,1,110.0,5288.0,4.541,0.1,0.836,0.884,295.00204,39.95293,14.272,1,confirmed
4852528,K00500.01,Kepler-80 b,CONFIRMED,7.053527145,0.172,2.3982,1480.1,2.16,547.0,21.17,92.3,5,152.0,4041.0,4.697,-0.14,0.567,0.584,296.11258,39.978779,14.804,1,confirmed
4852528,K00500.02,Kepler-80 c,CONFIRMED,9.521644639,0.023,2.3569,1491.3,2.16,495.0,14.2,79.2,5,106.0,4041.0,4.697,-0.14,0.567,0.584,296.11258,39.978779,14.804,1,confirmed
4852528,K00500.03,Kepler-80 d,CONFIRMED,3.072146607,0.032,1.8732,539.0,1.3,722.0,64.09,44.9,5,326.0,4041.0,4.697,-0.14,0.567,0.584,296.11258,39.978779,14.804,1,confirmed
4852528,K00500.04,Kepler-80 e,CONFIRMED,4.645382149,0.154,2.0271,565.5,1.33,629.0,36.9,40.4,5,189.0,4041.0,4.697,-0.14,0.567,0.584,296.11258,39.978779,14.804,1,confirmed
12058931,K00546.02,Kepler-182 b,CONFIRMED,9.82578495,0.888,5.2498,433.3,2.66,935.0,180.36,38.1,2,135.0,6246.0,4.433,0.07,1.092,1.18,289.83011,50.586239,14.896,1,confirmed
12116489,K00547.01,Kepler-595 b,CONFIRMED,25.30291816,0.04,4.4903,2105.7,3.95,535.0,19.39,117.7,3,56.0,5121.0,4.457,0.18,0.888,0.822,294.5704,50.673019,14.773,1,confirmed
12600735,K00548.01,Kepler-596 b,CONFIRMED,21.30020491,0.075,4.0852,659.8,2.99,725.0,65.37,58.1,2,65.0,6008.0,4.35,0.14,1.168,1.117,289.50067,51.68573,14.02,1,confirmed
10593626,K00087.01,Kepler-22 b,CONFIRMED,289.864067,0.856,7.565,529.1,2.34,257.0,1.03,57.4,1,4.0,5516.0,4.446,-0.26,0.886,0.799,289.2175,47.88446,11.664,1,confirmed
9958962,K00593.03,Kepler-616 d,CONFIRMED,51.0674355,0.482,4.374,597.5,2.44,499.0,14.69,18.7,4,25.0,6004.0,4.484,-0.02,0.977,1.061,294.98914,46.838329,14.957,1,confirmed
10388286,K00596.01,Kepler-617 b,CONFIRMED,1.682695938,0.025,1.3867,703.8,1.23,750.0,74.7,75.4,1,797.0,3669.0,4.787,0.0,0.47,0.494,283.74069,47.516289,14.818,1,confirmed
10600261,K00597.01,Kepler-194 c,CONFIRMED,17.30795548,0.0,5.1126,633.0,3.56,815.0,104.37,46.4,3,77.0,5565.0,4.117,0.16,1.439,0.989,291.97144,47.86417,14.915,1,confirmed
6462863,K00094.02,Kepler-89 c,CONFIRMED,10.423677439,0.005,5.2257,777.3,3.72,1012.0,247.48,204.4,4,57.0,6181.0,4.234,-0.02,1.331,1.106,297.33307,41.891121,12.205,1,confirmed
10600261,K00597.02,Kepler-194 b,CONFIRMED,2.09227115,0.271,2.4062,207.6,2.06,1648.0,1746.66,30.0,3,622.0,5565.0,4.117,0.16,1.439,0.989,291.97144,47.86417,14.915,1,confirmed
11904151,K00072.02,Kepler-10 c,CONFIRMED,45.29422297,0.025,6.83,477.1,2.26,524.0,17.75,134.8,2,26.0,5676.0,4.347,-0.12,1.044,0.884,285.67938,50.241299,10.961,1,confirmed
4633570,K00446.01,Kepler-158 b,CONFIRMED,16.70920628,0.855,2.7052,839.8,2.27,500.0,14.73,40.4,2,65.0,4621.0,4.605,-0.24,0.668,0.656,284.03223,39.78133,14.427,1,confirmed
4633570,K00446.02,Kepler-158 c,CONFIRMED,28.55158187,0.623,4.1502,807.8,1.97,418.0,7.21,36.0,2,34.0,4621.0,4.605,-0.24,0.668,0.656,284.03223,39.78133,14.427,1,confirmed
5640085,K00448.01,Kepler-159 b,CONFIRMED,10.13958818,0.078,2.6446,1155.9,1.68,447.0,9.41,40.3,2,128.0,3893.0,4.758,-0.28,0.5,0.521,297.07016,40.86879,14.902,1,confirmed
5640085,K00448.02,Kepler-159 c,CONFIRMED,43.5859419,0.011,4.6814,1708.7,2.05,275.0,1.35,38.9,2,31.0,3893.0,4.758,-0.28,0.5,0.521,297.07016,40.86879,14.902,1,confirmed
4852528,K00500.05,Kepler-80 f,CONFIRMED,0.986785834,0.026,1.1879,450.0,1.19,1054.0,292.35,51.5,5,939.0,4041.0,4.697,-0.14,0.567,0.584,296.11258,39.978779,14.804,1,confirmed
4951877,K00501.01,,CANDIDATE,24.7962801,0.01,8.33,574.4,2.7,664.0,45.92,43.6,1,53.0,5770.0,4.333,0.16,1.141,1.02,298.47321,40.075871,14.612,0,candidate
10187017,K00082.03,Kepler-102 f,CONFIRMED,27.4536146,0.765,3.747,136.4,0.95,457.0,10.34,27.5,6,48.0,4900.0,4.602,0.08,0.741,0.806,281.48273,47.208031,11.492,1,confirmed
5340644,K00503.01,Kepler-580 b,CONFIRMED,8.22241355,0.246,2.71,1468.6,2.28,558.0,22.86,67.0,1,126.0,4213.0,4.658,-0.1,0.615,0.626,283.49982,40.552799,15.0,1,confirmed
4165473,K00550.01,Kepler-597 b,CONFIRMED,13.02363236,0.032,3.9734,607.0,2.3,743.0,71.85,50.5,1,78.0,5627.0,4.453,0.0,0.945,0.925,293.47012,39.252811,14.07,1,confirmed
4270253,K00551.01,Kepler-183 c,CONFIRMED,11.6370303,0.066,3.3372,604.3,2.9,857.0,127.46,36.4,2,93.0,5576.0,4.257,0.14,1.198,0.945,293.53085,39.315891,14.943,1,confirmed
5544450,K03226.02,,CANDIDATE,6.93650854,0.331,3.674,88.7,1.51,1305.0,687.21,11.3,2,143.0,6615.0,4.173,0.04,1.574,1.343,294.89734,40.798168,12.209,0,candidate
4270253,K00551.02,Kepler-183 b,CONFIRMED,5.68798675,0.663,2.2682,476.4,2.76,1088.0,330.44,33.0,2,180.0,5576.0,4.257,0.14,1.198,0.945,293.53085,39.315891,14.943,1,confirmed
10973664,K00601.01,Kepler-619 b,CONFIRMED,5.40426917,0.229,2.5315,860.6,2.85,1073.0,312.93,40.5,3,243.0,6122.0,4.487,-0.18,0.964,1.041,290.84906,48.416012,14.697,1,confirmed
10973664,K00601.02,Kepler-619 d,CONFIRMED,11.67894236,0.94,1.2641,1185.1,4.17,830.0,112.07,23.1,3,108.0,6122.0,4.487,-0.18,0.964,1.041,290.84906,48.416012,14.697,1,confirmed
10973664,K00601.03,Kepler-619 c,CONFIRMED,1.208462378,0.831,1.544,227.3,1.64,1767.0,2307.65,17.4,3,1039.0,6122.0,4.487,-0.18,0.964,1.041,290.84906,48.416012,14.697,1,confirmed
9141746,K00929.02,Kepler-730 c,CONFIRMED,2.85188338,0.578,2.666,114.9,1.23,1398.0,903.77,10.1,2,405.0,6123.0,4.413,0.14,1.107,1.159,285.55481,45.578861,15.649,1,confirmed
12459913,K00602.01,Kepler-620 b,CONFIRMED,12.91385906,0.845,5.3685,487.9,2.49,849.0,122.66,40.5,1,105.0,6253.0,4.41,-0.54,0.997,0.93,291.15939,51.334862,14.647,1,confirmed
6462863,K00094.03,Kepler-89 e,CONFIRMED,54.31996151,0.497,8.5858,1975.0,6.07,584.0,27.4,291.3,4,11.0,6181.0,4.234,-0.02,1.331,1.106,297.33307,41.891121,12.205,1,confirmed
8226050,K01910.02,,CANDIDATE,18.3848331,0.711,3.545,151.8,1.15,587.0,27.99,10.3,2,75.0,5083.0,4.468,0.18,0.872,0.815,289.19263,44.149319,14.685,0,candidate
6291033,K00452.01,Kepler-557 b,CONFIRMED,3.705991661,0.623,5.1658,501.4,2.43,1281.0,637.42,100.3,1,366.0,6187.0,4.409,-0.26,1.034,0.997,293.70847,41.615131,14.641,1,confirmed
5461440,K00504.01,Kepler-581 b,CONFIRMED,40.606895,0.494,5.756,657.5,2.67,521.0,17.4,36.3,1,26.0,5538.0,4.384,0.14,1.027,0.93,295.4328,40.648239,14.56,1,confirmed
5689351,K00505.01,Kepler-169 e,CONFIRMED,13.76710058,0.806,2.9105,684.8,2.24,595.0,29.55,41.6,5,77.0,5001.0,4.582,0.04,0.76,0.806,285.99988,40.919319,14.194,1,confirmed
6779260,K02678.02,,CANDIDATE,2.2165905,0.703,1.0,28.7,0.48,1215.0,515.27,2.8,2,579.0,5397.0,4.543,-0.02,0.831,0.878,292.38855,42.233261,11.799,0,candidate
5689351,K00505.02,Kepler-169 c,CONFIRMED,6.1954595,0.647,2.952,296.4,1.37,776.0,85.77,27.1,5,144.0,5001.0,4.582,0.04,0.76,0.806,285.99988,40.919319,14.194,1,confirmed
5689351,K00505.03,Kepler-169 b,CONFIRMED,3.25058201,0.684,2.2537,218.4,1.19,962.0,202.09,24.0,5,309.0,5001.0,4.582,0.04,0.76,0.806,285.99988,40.919319,14.194,1,confirmed
5689351,K00505.04,Kepler-169 d,CONFIRMED,8.34819209,0.799,2.835,288.9,1.45,702.0,57.48,22.1,5,114.0,5001.0,4.582,0.04,0.76,0.806,285.99988,40.919319,14.194,1,confirmed
5443837,K00554.01,,CANDIDATE,3.65849707,0.906,2.573,4398.0,14.61,1583.0,1486.35,47.0,1,369.0,5857.0,3.972,0.04,1.822,1.135,290.35114,40.687,14.545,0,candidate
5709725,K00555.01,Kepler-598 b,CONFIRMED,3.701765401,0.713,2.6061,288.3,1.63,1050.0,286.23,35.9,2,359.0,5252.0,4.442,0.04,0.898,0.815,293.12341,40.934769,14.759,1,confirmed
5709725,K00555.02,Kepler-598 c,CONFIRMED,86.4943704,0.741,7.471,995.2,3.07,367.0,4.29,42.6,2,15.0,5252.0,4.442,0.04,0.898,0.815,293.12341,40.934769,14.759,1,confirmed
9946525,K00398.01,Kepler-148 d,CONFIRMED,51.84688984,0.681,4.7769,9636.3,8.73,413.0,6.9,257.2,3,27.0,5227.0,4.535,0.14,0.838,0.876,289.78622,46.858791,15.342,1,confirmed
9946525,K00398.02,Kepler-148 c,CONFIRMED,4.180048081,0.047,2.4479,1765.6,3.44,957.0,197.81,124.3,3,317.0,5227.0,4.535,0.14,0.838,0.876,289.78622,46.858791,15.342,1,confirmed
9946525,K00398.03,Kepler-148 b,CONFIRMED,1.729367077,0.278,1.7442,484.4,1.82,1284.0,643.54,44.7,3,722.0,5227.0,4.535,0.14,0.838,0.876,289.78622,46.858791,15.342,1,confirmed
7098355,K00454.01,Kepler-558 b,CONFIRMED,29.00789166,0.761,5.0274,906.3,2.64,498.0,14.59,44.1,1,34.0,5295.0,4.566,-0.02,0.801,0.861,284.65787,42.652679,14.805,1,confirmed
2832589,K01942.02,,CANDIDATE,2.433703498,0.952,0.975,258.3,1.66,1112.0,362.64,10.2,2,534.0,5251.0,4.592,-0.04,0.778,0.869,286.00674,38.009541,15.409,0,candidate
7269974,K00456.01,Kepler-160 c,CONFIRMED,13.69942266,0.03,4.3409,1292.9,3.85,771.0,83.6,120.0,2,97.0,5541.0,4.332,0.14,1.089,0.929,287.77356,42.869282,14.619,1,confirmed
7269974,K00456.02,Kepler-160 b,CONFIRMED,4.309381978,0.034,2.8977,310.7,1.89,1134.0,390.76,42.3,2,302.0,5541.0,4.332,0.14,1.089,0.929,287.77356,42.869282,14.619,1,confirmed
7440748,K00457.01,Kepler-161 b,CONFIRMED,4.9213639,0.026,1.8806,761.3,2.14,868.0,134.02,77.7,2,273.0,5076.0,4.55,0.1,0.799,0.827,290.51648,43.08382,14.196,1,confirmed
5689351,K00505.05,Kepler-169 f,CONFIRMED,87.0912594,0.845,7.0,1129.1,2.95,321.0,2.52,41.8,5,12.0,5001.0,4.582,0.04,0.76,0.806,285.99988,40.919319,14.194,1,confirmed
10793172,K02871.04,,CANDIDATE,7.9788198,0.05,2.874,83.8,0.99,927.0,174.85,8.3,4,150.0,5553.0,4.33,0.16,1.098,0.941,290.20163,48.185822,14.754,0,candidate
5812960,K00507.01,Kepler-582 b,CONFIRMED,18.49234792,0.034,3.4744,1655.5,3.34,603.0,31.27,61.4,1,76.0,5289.0,4.477,-0.18,0.838,0.769,297.50369,41.057018,14.915,1,confirmed
6266741,K00508.01,Kepler-170 b,CONFIRMED,7.930583519,0.559,3.6083,826.1,3.05,899.0,154.36,89.9,2,130.0,5674.0,4.446,0.48,1.032,1.086,284.52118,41.629601,14.387,1,confirmed
10187017,K00082.04,Kepler-102 c,CONFIRMED,7.07136119,0.658,2.757,65.7,0.63,719.0,63.11,22.4,6,182.0,4900.0,4.602,0.08,0.741,0.806,281.48273,47.208031,11.492,1,confirmed
5774349,K00557.01,Kepler-599 b,CONFIRMED,15.65563866,0.304,3.9305,955.9,2.55,623.0,35.62,53.2,1,69.0,5185.0,4.484,-0.06,0.837,0.779,285.9115,41.069439,14.97,1,confirmed
10285631,K00331.02,,CANDIDATE,10.52286678,1.12,1.911,130.2,23.26,1008.0,243.72,10.1,2,95.0,5548.0,4.038,0.18,1.614,1.038,296.18344,47.358761,13.497,0,candidate
5978361,K00558.01,Kepler-1722 b,CONFIRMED,9.17858526,0.582,2.1945,796.5,2.3,753.0,76.14,50.6,1,144.0,5506.0,4.584,-0.2,0.788,0.876,296.66275,41.261238,14.874,1,confirmed
6501635,K00560.01,Kepler-600 b,CONFIRMED,23.67513153,0.822,4.647,980.4,2.76,528.0,18.38,32.6,1,45.0,5309.0,4.588,-0.08,0.781,0.869,283.83307,41.978649,14.721,1,confirmed
3217264,K00401.01,Kepler-149 b,CONFIRMED,29.19899219,0.043,5.1227,2047.2,4.15,540.0,20.05,171.0,3,49.0,5376.0,4.462,0.28,0.94,0.934,285.85367,38.384121,14.001,1,confirmed
3217264,K00401.02,Kepler-149 d,CONFIRMED,160.0191598,0.852,5.472,1552.8,4.28,306.0,2.08,49.6,3,8.0,5376.0,4.462,0.28,0.94,0.934,285.85367,38.384121,14.001,1,confirmed
6850504,K00070.01,Kepler-20 c,CONFIRMED,10.854095934,0.422,3.7768,1034.4,2.99,765.0,80.88,252.8,5,123.0,5465.0,4.449,0.02,0.925,0.876,287.698,42.338718,12.498,1,confirmed
3217264,K00401.03,Kepler-149 c,CONFIRMED,55.3291399,0.209,6.918,325.7,1.67,436.0,8.55,21.8,3,23.0,5376.0,4.462,0.28,0.94,0.934,285.85367,38.384121,14.001,1,confirmed
7440748,K00457.02,Kepler-161 c,CONFIRMED,7.064252021,0.752,1.3867,728.9,2.37,769.0,82.76,52.5,2,185.0,5076.0,4.55,0.1,0.799,0.827,290.51648,43.08382,14.196,1,confirmed
7504328,K00458.01,,CANDIDATE,53.71798494,0.93,4.104,3153.5,155.12,1550.0,1363.11,103.0,1,26.0,4959.0,2.332,0.07,21.449,3.601,282.88269,43.191952,14.708,0,candidate
7977197,K00459.01,Kepler-162 c,CONFIRMED,19.44639139,0.813,3.6227,926.0,3.24,681.0,50.73,82.4,2,67.0,5815.0,4.421,-0.3,0.954,0.875,297.2789,43.724018,14.248,1,confirmed
7977197,K00459.02,Kepler-162 b,CONFIRMED,6.91986988,0.819,3.4253,170.1,1.39,961.0,201.41,25.6,2,193.0,5815.0,4.421,-0.3,0.954,0.875,297.2789,43.724018,14.248,1,confirmed
7199397,K00075.01,,CANDIDATE,105.8817667,0.539,18.044,1556.3,10.16,595.0,29.64,301.8,1,14.0,5903.0,3.757,-0.14,2.499,1.301,291.49722,42.728481,10.775,0,candidate
6266741,K00508.02,Kepler-170 c,CONFIRMED,16.6658994,0.429,4.1934,754.2,2.85,702.0,57.31,60.8,2,59.0,5674.0,4.446,0.48,1.032,1.086,284.52118,41.629601,14.387,1,confirmed
6381846,K00509.01,Kepler-171 b,CONFIRMED,4.16696628,0.022,2.7535,877.7,2.74,1053.0,291.34,80.1,3,323.0,5456.0,4.45,0.14,0.943,0.914,296.77191,41.755539,14.883,1,confirmed
6381846,K00509.02,Kepler-171 c,CONFIRMED,11.46347165,0.103,2.599,1048.6,3.0,752.0,75.57,56.5,3,108.0,5456.0,4.45,0.14,0.943,0.914,296.77191,41.755539,14.883,1,confirmed
6381846,K00509.03,Kepler-171 d,CONFIRMED,39.6034,0.166,6.487,572.7,2.22,497.0,14.47,25.8,3,31.0,5456.0,4.45,0.14,0.943,0.914,296.77191,41.755539,14.883,1,confirmed
6422155,K00510.01,Kepler-172 b,CONFIRMED,2.940304817,0.825,2.7226,472.4,2.59,1256.0,588.66,51.8,4,353.0,5527.0,4.376,0.26,1.054,0.964,283.36841,41.821861,14.532,1,confirmed
6665695,K00561.01,Kepler-601 b,CONFIRMED,5.378868001,0.758,2.7222,483.4,1.86,833.0,113.59,60.6,1,250.0,5077.0,4.567,0.0,0.774,0.806,282.00461,42.176529,14.005,1,confirmed
6707833,K00563.01,Kepler-602 b,CONFIRMED,15.28467725,0.774,6.0768,321.3,2.7,852.0,124.4,38.1,1,88.0,5763.0,4.181,0.16,1.374,1.045,296.03198,42.14196,14.519,1,confirmed
6786037,K00564.01,Kepler-603 b,CONFIRMED,21.05349939,0.008,7.1605,496.6,2.75,731.0,67.48,39.1,3,60.0,5751.0,4.254,0.14,1.247,1.018,294.28098,42.29097,14.854,1,confirmed
6786037,K00564.02,Kepler-603 c,CONFIRMED,127.905412,0.47,14.475,4020.6,8.03,401.0,6.09,171.0,3,10.0,5751.0,4.254,0.14,1.247,1.018,294.28098,42.29097,14.854,1,confirmed
6786037,K00564.03,Kepler-603 d,CONFIRMED,6.21716039,0.333,4.4289,211.2,1.81,1098.0,343.21,25.0,3,202.0,5751.0,4.254,0.14,1.247,1.018,294.28098,42.29097,14.854,1,confirmed
10157458,K01083.02,,CANDIDATE,4.57797412,0.343,2.862,125.4,0.96,1024.0,259.36,9.6,2,227.0,5795.0,4.554,-0.2,0.848,0.938,297.39319,47.164631,15.302,0,candidate
5351250,K00408.01,Kepler-150 c,CONFIRMED,7.381980206,0.096,3.1152,1433.8,3.42,876.0,138.88,101.6,5,181.0,5559.0,4.47,-0.02,0.914,0.899,288.2341,40.520901,14.985,1,confirmed
8043638,K00460.01,Kepler-559 b,CONFIRMED,17.58751692,0.106,4.3773,1377.8,4.03,706.0,58.6,109.4,2,76.0,5433.0,4.302,0.16,1.107,0.896,296.63684,43.802792,14.743,1,confirmed
8261920,K02174.04,,CANDIDATE,3.01609637,0.7,1.57,196.3,0.96,795.0,94.1,8.1,4,407.0,4245.0,4.641,0.0,0.637,0.649,300.24222,44.141399,15.673,0,candidate
8845205,K00463.01,Kepler-560 b,CONFIRMED,18.47762694,0.712,1.94,2604.6,1.55,267.0,1.21,75.7,1,69.0,3395.0,4.97,-0.12,0.283,0.271,300.20609,45.018139,14.708,1,confirmed
8890783,K00464.01,Kepler-561 b,CONFIRMED,58.36205791,0.402,6.3363,5374.7,7.02,446.0,9.33,286.6,2,21.0,5592.0,4.467,0.16,0.953,0.973,293.7471,45.10722,14.361,1,confirmed
8890783,K00464.02,Kepler-561 c,CONFIRMED,5.350156114,0.008,2.2647,764.8,2.6,989.0,226.02,87.1,2,250.0,5592.0,4.467,0.16,0.953,0.973,293.7471,45.10722,14.361,1,confirmed
6716545,K02906.03,,CANDIDATE,21.9424316,0.413,7.447,72.7,1.23,797.0,95.46,10.7,3,58.0,6052.0,4.183,0.08,1.424,1.128,297.94476,42.191879,13.716,0,candidate
6422155,K00510.02,Kepler-172 c,CONFIRMED,6.38899658,0.876,3.5032,543.3,2.89,970.0,209.17,45.8,4,150.0,5527.0,4.376,0.26,1.054,0.964,283.36841,41.821861,14.532,1,confirmed
6422155,K00510.03,Kepler-172 d,CONFIRMED,14.62709685,0.945,4.097,396.4,2.7,736.0,69.31,22.7,4,63.0,5527.0,4.376,0.26,1.054,0.964,283.36841,41.821861,14.532,1,confirmed
6422155,K00510.04,Kepler-172 e,CONFIRMED,35.1184432,0.958,4.59,542.4,3.26,550.0,21.57,20.4,4,28.0,5527.0,4.376,0.26,1.054,0.964,283.36841,41.821861,14.532,1,confirmed
6451936,K00511.01,Kepler-173 c,CONFIRMED,8.00579096,0.092,3.0549,629.7,2.36,956.0,197.06,69.2,2,168.0,6032.0,4.395,-0.78,0.935,0.793,294.6467,41.884109,14.209,1,confirmed
6451936,K00511.02,Kepler-173 b,CONFIRMED,4.26374378,0.368,2.2725,182.0,1.28,1179.0,457.15,23.8,2,307.0,6032.0,4.395,-0.78,0.935,0.793,294.6467,41.884109,14.209,1,confirmed
1723078,K07624.01,,CANDIDATE,330.025002,0.68,6.659,259.2,5.92,478.0,12.36,12.2,1,4.0,6126.0,3.578,0.06,3.466,1.658,291.86801,37.269878,12.668,0,candidate
8056665,K00089.01,Kepler-462 b,CONFIRMED,84.6877524,0.017,10.0248,347.7,3.37,611.0,32.96,95.1,2,18.0,6688.0,4.062,-0.2,1.79,1.353,299.82117,43.81427,11.642,1,confirmed
7119481,K00566.01,Kepler-604 b,CONFIRMED,25.85499978,0.265,3.8737,610.5,2.4,637.0,38.81,31.7,3,35.0,6122.0,4.487,-0.18,0.964,1.041,292.31601,42.626251,14.718,1,confirmed
7445445,K00567.01,Kepler-184 b,CONFIRMED,10.68758211,0.818,3.3812,777.7,2.64,780.0,87.41,78.9,3,128.0,5788.0,4.524,-0.34,0.848,0.877,291.9519,43.074711,14.338,1,confirmed
7445445,K00567.02,Kepler-184 c,CONFIRMED,20.30303506,0.793,4.5038,533.4,2.16,630.0,37.12,44.7,3,62.0,5788.0,4.524,-0.34,0.848,0.877,291.9519,43.074711,14.338,1,confirmed
5351250,K00408.02,Kepler-150 d,CONFIRMED,12.56096618,0.022,3.7647,923.1,2.74,734.0,68.49,55.1,5,100.0,5559.0,4.47,-0.02,0.914,0.899,288.2341,40.520901,14.985,1,confirmed
5351250,K00408.03,Kepler-150 e,CONFIRMED,30.8261043,0.943,5.914,742.2,3.18,544.0,20.68,32.3,5,41.0,5559.0,4.47,-0.02,0.914,0.899,288.2341,40.520901,14.985,1,confirmed
6850504,K00070.02,Kepler-20 b,CONFIRMED,3.696121272,0.016,2.463,383.4,1.78,1095.0,340.33,130.0,5,343.0,5465.0,4.449,0.02,0.925,0.876,287.698,42.338718,12.498,1,confirmed
5351250,K00408.04,Kepler-150 b,CONFIRMED,3.42806306,0.082,2.417,178.4,1.21,1131.0,386.14,16.6,5,347.0,5559.0,4.47,-0.02,0.914,0.899,288.2341,40.520901,14.985,1,confirmed
5444548,K00409.01,Kepler-545 b,CONFIRMED,13.24931848,0.62,4.4859,647.6,2.86,806.0,99.54,87.8,1,98.0,5799.0,4.361,0.0,1.078,0.972,290.56631,40.692039,14.15,1,confirmed
9008220,K00466.01,,CANDIDATE,9.391039263,0.964,2.8386,2895.6,11.73,1068.0,308.13,141.0,1,148.0,5944.0,4.132,0.1,1.498,1.11,286.15198,45.332561,14.663,0,candidate
9583881,K00467.01,Kepler-562 b,CONFIRMED,18.00932214,0.55,4.9611,3004.4,4.96,658.0,44.29,245.2,1,77.0,5815.0,4.54,-0.12,0.877,0.973,290.11963,46.273811,14.794,1,confirmed
9589524,K00468.01,Kepler-563 b,CONFIRMED,22.18431824,0.032,3.0397,1593.0,3.18,546.0,21.06,87.6,1,58.0,5157.0,4.5,-0.08,0.818,0.771,292.44626,46.289768,14.767,1,confirmed
9955262,K00076.01,,CANDIDATE,77.4794704,0.019,10.1151,1237.0,10.33,778.0,86.59,72.6,1,17.0,6711.0,3.73,0.07,2.909,1.657,293.54199,46.82214,10.143,0,candidate
10187017,K00082.05,Kepler-102 b,CONFIRMED,5.28691996,0.705,2.579,41.5,0.51,792.0,92.97,15.8,6,228.0,4900.0,4.602,0.08,0.741,0.806,281.48273,47.208031,11.492,1,confirmed
6838050,K00512.01,Kepler-583 b,CONFIRMED,6.51003001,0.023,3.3095,602.8,2.78,1017.0,253.24,48.1,1,207.0,5638.0,4.327,0.32,1.153,1.029,282.11133,42.3545,14.825,1,confirmed
6937692,K00513.01,Kepler-584 b,CONFIRMED,35.18105723,0.772,7.545,987.7,4.17,664.0,45.89,63.1,1,38.0,6520.0,4.375,0.07,1.215,1.279,288.23059,42.41362,14.856,1,confirmed
7445445,K00567.03,Kepler-184 d,CONFIRMED,29.02235217,0.902,4.0263,637.6,2.55,559.0,23.06,41.4,3,43.0,5788.0,4.524,-0.34,0.848,0.877,291.9519,43.074711,14.338,1,confirmed
7595157,K00568.01,Kepler-605 b,CONFIRMED,3.383540239,0.63,1.403,255.7,1.65,1133.0,389.19,36.2,2,390.0,5300.0,4.385,0.18,0.986,0.861,287.29544,43.279869,14.14,1,confirmed
7595157,K00568.02,Kepler-605 c,CONFIRMED,2.358952404,0.385,1.593,94.1,0.96,1278.0,630.43,17.3,2,549.0,5300.0,4.385,0.18,0.986,0.861,287.29544,43.279869,14.14,1,confirmed
8008206,K00569.01,Kepler-185 c,CONFIRMED,20.72904234,0.559,2.8066,561.7,1.94,530.0,18.68,31.6,2,65.0,4979.0,4.538,0.16,0.803,0.811,282.46811,43.889912,14.458,1,confirmed
8008206,K00569.02,Kepler-185 b,CONFIRMED,1.632916419,0.136,1.5599,209.2,1.13,1237.0,554.07,31.0,2,807.0,4979.0,4.538,0.16,0.803,0.811,282.46811,43.889912,14.458,1,confirmed
7906892,K04773.02,,CANDIDATE,11.1438086,0.629,7.905,41.7,0.75,906.0,159.1,10.9,2,122.0,6095.0,4.349,-0.16,1.11,1.004,296.8432,43.697441,13.556,0,candidate
5683743,K00412.01,Kepler-546 b,CONFIRMED,4.147021189,0.255,2.8997,3680.7,7.31,1258.0,590.84,421.2,1,252.0,5818.0,4.266,-0.02,1.205,0.977,283.2576,40.990501,14.288,1,confirmed
5791986,K00413.01,Kepler-151 b,CONFIRMED,15.22895514,0.777,2.5967,1124.8,3.0,639.0,39.4,63.8,2,93.0,5456.0,4.562,-0.1,0.812,0.878,292.16278,41.023239,14.769,1,confirmed
5791986,K00413.02,Kepler-151 c,CONFIRMED,24.67458244,0.817,3.2648,650.6,2.33,544.0,20.71,31.9,2,52.0,5456.0,4.562,-0.1,0.812,0.878,292.16278,41.023239,14.769,1,confirmed
8320630,K04846.02,,CANDIDATE,32.526674,0.472,6.842,204.9,1.26,525.0,17.91,9.7,2,42.0,5668.0,4.545,-0.02,0.868,0.963,298.28214,44.27206,15.23,0,candidate
9703198,K00469.01,,CANDIDATE,10.32906563,0.923,1.44,2309.8,6.17,908.0,160.44,114.8,1,125.0,6228.0,4.441,-0.08,1.049,1.107,288.63785,46.421471,14.711,0,candidate
9844088,K00470.01,Kepler-564 b,CONFIRMED,3.750832927,0.001,1.9457,2397.9,4.61,1129.0,383.77,212.5,1,286.0,5776.0,4.512,0.21,0.95,1.068,296.83838,46.6264,14.749,1,confirmed
10019643,K00471.01,Kepler-163 c,CONFIRMED,21.34736612,0.885,4.184,630.5,3.2,648.0,41.65,53.1,2,65.0,5395.0,4.324,0.16,1.071,0.882,295.00281,46.987331,14.415,1,confirmed
10019643,K00471.02,Kepler-163 b,CONFIRMED,7.81100952,0.816,3.231,126.7,1.36,906.0,159.24,15.8,2,170.0,5395.0,4.324,0.16,1.071,0.882,295.00281,46.987331,14.415,1,confirmed
10123064,K00472.01,Kepler-565 b,CONFIRMED,4.243748097,0.032,3.3603,1409.7,3.16,1063.0,301.46,139.8,1,318.0,5873.0,4.554,-0.3,0.843,0.93,283.61795,47.196678,15.0,1,confirmed
8015907,K00517.01,Kepler-585 b,CONFIRMED,2.752359689,0.436,2.0722,791.9,2.54,1178.0,455.43,115.7,1,487.0,5461.0,4.499,0.12,0.897,0.926,286.5285,43.873402,14.034,1,confirmed
8017703,K00518.01,Kepler-174 b,CONFIRMED,13.98177862,0.444,2.958,1018.4,2.09,553.0,22.1,95.6,3,94.0,4859.0,4.615,-0.52,0.651,0.636,287.43918,43.832088,14.287,1,confirmed
8017703,K00518.02,Kepler-174 c,CONFIRMED,44.0003975,0.032,5.1115,599.6,1.56,377.0,4.79,43.3,3,30.0,4859.0,4.615,-0.52,0.651,0.636,287.43918,43.832088,14.287,1,confirmed
8017703,K00518.03,Kepler-174 d,CONFIRMED,247.354914,0.044,8.677,1291.8,2.29,212.0,0.48,49.0,3,5.0,4859.0,4.615,-0.52,0.651,0.636,287.43918,43.832088,14.287,1,confirmed
8056665,K00089.02,Kepler-462 c,CONFIRMED,207.5829306,0.84,7.0686,505.1,4.52,453.0,9.97,70.0,2,6.0,6688.0,4.062,-0.2,1.79,1.353,299.82117,43.81427,11.642,1,confirmed
8120608,K00571.01,Kepler-186 c,CONFIRMED,7.26731094,0.043,2.2691,659.1,1.14,464.0,10.93,47.8,5,179.0,3751.0,4.8,-0.34,0.443,0.452,298.65271,43.955021,14.625,1,confirmed
8120608,K00571.02,Kepler-186 d,CONFIRMED,13.3430025,0.517,2.7399,799.7,1.29,379.0,4.87,47.1,5,99.0,3751.0,4.8,-0.34,0.443,0.452,298.65271,43.955021,14.625,1,confirmed
8120608,K00571.03,Kepler-186 b,CONFIRMED,3.886795001,0.119,1.7574,471.3,0.97,571.0,25.26,41.8,5,332.0,3751.0,4.8,-0.34,0.443,0.452,298.65271,43.955021,14.625,1,confirmed
8120608,K00571.04,Kepler-186 e,CONFIRMED,22.40777833,0.147,3.2881,661.3,1.15,319.0,2.44,33.9,5,54.0,3751.0,4.8,-0.34,0.443,0.452,298.65271,43.955021,14.625,1,confirmed
6289650,K00415.01,,CANDIDATE,166.7876551,0.041,5.8676,4764.2,7.03,334.0,2.93,183.8,1,9.0,5663.0,4.377,0.0,1.031,0.923,293.30606,41.606369,14.11,0,candidate
6850504,K00070.03,Kepler-20 d,CONFIRMED,77.6114427,0.094,7.1786,814.5,2.59,397.0,5.87,100.5,5,16.0,5465.0,4.449,0.02,0.925,0.876,287.698,42.338718,12.498,1,confirmed
6508221,K00416.01,Kepler-152 b,CONFIRMED,18.20795835,0.64,3.7965,1596.9,3.08,551.0,21.86,157.3,4,74.0,5176.0,4.612,-0.18,0.738,0.826,286.86548,41.989079,14.29,1,confirmed
11135694,K04896.02,,CANDIDATE,49.537365,0.435,9.862,201.7,1.48,532.0,18.87,10.1,2,27.0,6118.0,4.416,-0.24,1.023,0.995,290.90042,48.74614,15.451,0,candidate
10155434,K00473.01,Kepler-1720 b,CONFIRMED,12.70636123,0.793,2.395,871.7,2.75,697.0,55.86,54.0,1,85.0,5573.0,4.562,-0.04,0.839,0.939,296.80865,47.17194,14.673,1,confirmed
10460984,K00474.01,Kepler-164 c,CONFIRMED,10.94577783,0.819,3.0937,532.8,2.84,881.0,142.23,52.5,4,122.0,5888.0,4.342,-0.1,1.097,0.966,287.78085,47.62991,14.282,1,confirmed
10460984,K00474.02,Kepler-164 d,CONFIRMED,28.9869016,0.842,3.6233,471.6,2.7,637.0,38.82,31.5,4,47.0,5888.0,4.342,-0.1,1.097,0.966,287.78085,47.62991,14.282,1,confirmed
10460984,K00474.03,Kepler-164 e,CONFIRMED,94.886902,0.982,6.923,641.7,4.24,429.0,7.99,25.5,4,14.0,5888.0,4.342,-0.1,1.097,0.966,287.78085,47.62991,14.282,1,confirmed
10460984,K00474.04,Kepler-164 b,CONFIRMED,5.03505665,0.911,1.804,151.5,1.63,1141.0,401.23,16.6,4,250.0,5888.0,4.342,-0.1,1.097,0.966,287.78085,47.62991,14.282,1,confirmed
8022244,K00519.01,Kepler-175 b,CONFIRMED,11.90352088,0.421,4.297,633.0,2.56,827.0,110.54,47.2,2,109.0,6063.0,4.47,-0.02,1.001,1.079,289.55328,43.876179,14.939,1,confirmed
2571238,K00084.01,Kepler-19 b,CONFIRMED,9.286964466,0.004,3.3649,691.7,2.1,762.0,79.68,251.9,1,144.0,5546.0,4.575,-0.14,0.81,0.907,290.42081,37.851799,11.898,1,confirmed
8022244,K00519.02,Kepler-175 c,CONFIRMED,34.0350605,0.474,6.695,727.8,2.76,583.0,27.24,41.3,2,40.0,6063.0,4.47,-0.02,1.001,1.079,289.55328,43.876179,14.939,1,confirmed
8037145,K00520.01,Kepler-176 c,CONFIRMED,12.75934489,0.657,3.5889,882.1,2.58,633.0,37.95,70.4,4,102.0,4963.0,4.501,0.16,0.826,0.789,294.66797,43.85326,14.55,1,confirmed
8037145,K00520.02,Kepler-176 b,CONFIRMED,5.433132902,0.72,2.4012,328.2,1.61,841.0,118.56,33.1,4,232.0,4963.0,4.501,0.16,0.826,0.789,294.66797,43.85326,14.55,1,confirmed
8193178,K00572.01,Kepler-187 c,CONFIRMED,10.64021008,0.77,5.4381,455.3,2.87,963.0,203.48,58.6,2,126.0,6112.0,4.281,-0.06,1.233,1.057,299.79645,44.08931,14.173,1,confirmed
8193178,K00572.02,Kepler-187 b,CONFIRMED,4.93883135,0.633,4.388,123.5,1.44,1244.0,566.38,21.3,2,262.0,6112.0,4.281,-0.06,1.233,1.057,299.79645,44.08931,14.173,1,confirmed
8344004,K00573.01,Kepler-188 c,CONFIRMED,5.996533443,0.51,3.3129,711.4,2.96,1025.0,260.49,70.5,2,225.0,5622.0,4.346,0.14,1.089,0.958,281.27972,44.315529,14.674,1,confirmed
8344004,K00573.02,Kepler-188 b,CONFIRMED,2.06190864,0.537,1.9743,214.0,1.63,1463.0,1082.28,27.9,2,617.0,5622.0,4.346,0.14,1.089,0.958,281.27972,44.315529,14.674,1,confirmed
8355239,K00574.01,Kepler-189 c,CONFIRMED,20.13490007,0.798,3.7962,1035.2,2.98,544.0,20.66,64.7,2,69.0,4963.0,4.501,0.16,0.826,0.789,287.56473,44.305,14.859,1,confirmed
8216763,K04838.03,,CANDIDATE,24.0721647,0.949,3.171,177.3,1.1,400.0,6.08,6.7,3,56.0,4352.0,4.671,-0.2,0.613,0.64,284.26859,44.19754,15.073,0,candidate
6508221,K00416.02,Kepler-152 c,CONFIRMED,88.2553729,0.886,4.539,1132.2,2.96,326.0,2.67,54.2,4,16.0,5176.0,4.612,-0.18,0.738,0.826,286.86548,41.989079,14.29,1,confirmed
6879865,K00417.01,,CANDIDATE,19.193103549,0.98,2.5425,6807.3,12.23,656.0,43.77,258.5,1,68.0,5883.0,4.53,-0.14,0.892,0.985,296.24954,42.33548,14.847,0,candidate
8352537,K00420.01,Kepler-547 b,CONFIRMED,6.010383339,0.436,2.1939,2652.1,3.8,768.0,82.31,276.1,1,225.0,4882.0,4.558,-0.12,0.738,0.718,286.11868,44.34528,14.247,1,confirmed
3758499,K05007.02,,CANDIDATE,80.881757,0.335,12.568,142.7,2.27,581.0,26.91,12.2,2,14.0,5934.0,3.945,-0.06,1.885,1.141,294.36734,38.846889,13.698,0,candidate
9552608,K00080.01,,CANDIDATE,9.250572762,1.234,3.6373,1039.5,96.08,1966.0,3530.57,351.4,1,147.0,8133.0,3.715,-0.08,3.294,2.053,300.53757,46.10434,11.31,0,candidate
10577994,K00475.01,Kepler-165 b,CONFIRMED,8.1808949,0.521,2.7546,723.5,2.1,716.0,62.21,48.7,2,166.0,5081.0,4.596,0.12,0.77,0.864,280.69101,47.809738,14.802,1,confirmed
10577994,K00475.02,Kepler-165 c,CONFIRMED,15.31296388,0.607,3.0935,864.9,2.34,581.0,26.98,45.3,2,87.0,5081.0,4.596,0.12,0.77,0.864,280.69101,47.809738,14.802,1,confirmed
10599206,K00476.01,Kepler-566 b,CONFIRMED,18.42794957,0.727,2.9264,706.6,2.24,526.0,18.05,36.0,1,73.0,4768.0,4.536,0.18,0.779,0.759,291.5545,47.81448,14.958,1,confirmed
10221013,K00728.01,,CANDIDATE,7.189379172,0.908,2.0351,8126.4,11.94,1026.0,261.94,288.5,1,148.0,6214.0,4.442,0.07,1.076,1.169,296.6423,47.230331,15.356,0,candidate
2299738,K07628.01,,CANDIDATE,1.8134378,0.418,7.776,97.4,0.69,1158.0,423.67,19.1,1,740.0,5094.0,4.618,-0.32,0.7,0.743,290.71725,37.64901,13.961,0,candidate
10227020,K00730.01,Kepler-223 d,CONFIRMED,14.78767172,0.021,6.1191,781.8,3.46,827.0,110.42,39.4,4,69.0,5814.0,4.269,0.16,1.248,1.055,298.31836,47.279491,15.344,1,confirmed
4563268,K00627.02,Kepler-625 c,CONFIRMED,4.16536757,0.348,3.2935,120.0,1.0,1048.0,284.49,30.4,2,311.0,5604.0,4.52,0.18,0.912,1.004,292.15045,39.637581,13.307,1,confirmed
4644604,K00628.01,Kepler-626 b,CONFIRMED,14.48584765,0.93,3.1365,457.1,2.88,784.0,89.16,52.2,1,95.0,5784.0,4.352,0.0,1.085,0.966,288.69864,39.70829,13.946,1,confirmed
4656049,K00629.01,Kepler-627 b,CONFIRMED,40.6992062,0.854,7.074,429.9,3.2,685.0,52.05,38.5,1,34.0,6419.0,4.175,-0.48,1.362,1.012,292.10428,39.76791,13.949,1,confirmed
4742414,K00631.01,Kepler-628 b,CONFIRMED,15.458056682,0.05,8.79536,4253.2,9.11,871.0,136.4,1055.9,1,88.0,5868.0,4.169,0.1,1.407,1.066,290.44928,39.854801,13.398,1,confirmed
7619236,K00682.01,,CANDIDATE,562.1725914,0.7801,9.8841,5877.8,10.9,241.0,0.8,208.4,1,,5589.0,4.229,0.34,1.289,1.026,295.198,43.269508,13.916,0,candidate
7630229,K00683.01,,CANDIDATE,278.1243979,0.871,3.978,2297.8,5.86,286.0,1.57,58.5,1,4.0,5799.0,4.408,0.14,1.05,1.028,297.82431,43.258381,13.714,0,candidate
7730747,K00684.01,,CANDIDATE,4.034914368,0.965,1.7874,800.1,6.95,1452.0,1052.15,92.6,1,330.0,5548.0,3.964,0.12,1.793,1.079,281.29028,43.413342,13.831,0,candidate
7764367,K00685.01,Kepler-644 b,CONFIRMED,3.173914037,0.819,3.6069,303.0,3.07,1655.0,1769.83,76.1,1,422.0,6432.0,4.164,0.14,1.584,1.337,295.47574,43.493141,13.949,1,confirmed
7906882,K00686.01,,CANDIDATE,52.513548727,0.679,3.2743,14252.3,12.43,472.0,11.73,825.0,1,24.0,5589.0,4.421,0.06,0.98,0.925,296.84076,43.647121,13.579,0,candidate
7976520,K00687.01,,CANDIDATE,4.17838675,0.617,2.123,316.0,3.13,1430.0,988.44,15.1,1,318.0,5746.0,4.039,0.24,1.687,1.136,297.11713,43.71143,13.813,0,candidate
10227020,K00730.02,Kepler-223 c,CONFIRMED,9.84824649,0.55,5.7471,436.7,2.68,947.0,189.82,25.3,4,82.0,5814.0,4.269,0.16,1.248,1.055,298.31836,47.279491,15.344,1,confirmed
10227020,K00730.03,Kepler-223 e,CONFIRMED,19.7243672,0.898,7.202,577.9,3.57,751.0,75.23,26.0,4,51.0,5814.0,4.269,0.16,1.248,1.055,298.31836,47.279491,15.344,1,confirmed
6678383,K00111.03,Kepler-104 d,CONFIRMED,51.75530504,0.638,7.4355,609.2,2.61,515.0,16.6,116.9,4,25.0,5979.0,4.394,-0.34,1.005,0.913,287.60461,42.166779,12.596,1,confirmed
2302997,K07630.01,,CANDIDATE,16.2982201,0.698,2.558,199.0,0.78,388.0,5.38,7.9,1,80.0,3905.0,4.736,-0.2,0.521,0.538,291.4549,37.67712,14.709,0,candidate
10227020,K00730.04,Kepler-223 b,CONFIRMED,7.38443269,0.594,5.7351,349.8,2.42,1042.0,278.67,23.7,4,128.0,5814.0,4.269,0.16,1.248,1.055,298.31836,47.279491,15.344,1,confirmed
8505215,K00099.01,,CANDIDATE,2190.7010353,0.2597,19.891,1874.2,3.12,109.0,0.03,94.8,2,,4965.0,4.555,-0.22,0.736,0.709,295.43433,44.53112,12.96,0,candidate
4827723,K00632.01,Kepler-629 b,CONFIRMED,7.23858162,0.147,3.1199,268.2,1.34,816.0,104.51,41.6,1,186.0,5411.0,4.561,0.06,0.831,0.917,289.41782,39.945011,13.359,1,confirmed
4841374,K00633.01,Kepler-630 b,CONFIRMED,161.4746786,0.746,10.572,828.2,3.25,343.0,3.27,47.8,1,7.0,5761.0,4.383,0.0,1.044,0.96,293.42703,39.942429,13.871,1,confirmed
5020319,K00635.01,Kepler-1725 b,CONFIRMED,16.71987303,0.437,3.317,523.1,2.52,767.0,81.63,19.2,1,63.0,6020.0,4.389,0.0,1.085,1.049,294.37354,40.19463,13.034,1,confirmed
8161561,K00688.01,Kepler-645 b,CONFIRMED,3.275821982,0.746,3.0427,274.9,3.54,1730.0,2121.23,64.4,1,409.0,6185.0,4.013,0.36,1.972,1.46,290.32278,44.035809,13.992,1,confirmed
8361905,K00689.01,Kepler-646 b,CONFIRMED,15.87360981,0.395,3.5246,415.6,1.53,632.0,37.68,38.4,1,41.0,5656.0,4.607,-0.56,0.737,0.801,290.47134,44.387081,13.766,1,confirmed
12116489,K00547.03,Kepler-595 c,CONFIRMED,12.3860474,0.538,2.604,151.3,1.11,679.0,50.23,9.1,3,108.0,5121.0,4.457,0.18,0.888,0.822,294.5704,50.673019,14.773,1,confirmed
11250587,K00107.01,Kepler-464 b,CONFIRMED,7.256962446,0.676,4.9402,463.2,3.53,1163.0,432.1,168.3,1,184.0,5858.0,4.112,0.22,1.549,1.133,294.83517,48.982361,12.702,1,confirmed
8480285,K00691.01,Kepler-647 c,CONFIRMED,29.66631669,0.019,8.412,668.0,2.83,644.0,40.68,95.3,2,46.0,5956.0,4.322,-0.28,1.098,0.922,284.7883,44.591679,13.965,1,confirmed
8480285,K00691.02,Kepler-647 b,CONFIRMED,16.2254975,0.273,6.471,120.4,1.21,788.0,90.93,20.3,2,81.0,5956.0,4.322,-0.28,1.098,0.922,284.7883,44.591679,13.965,1,confirmed
10265898,K00732.01,Kepler-656 b,CONFIRMED,1.260258822,0.791,1.8594,1130.7,3.57,1569.0,1435.82,128.2,3,1056.0,5550.0,4.5,0.46,0.954,1.05,288.32791,47.381592,15.342,1,confirmed
10265898,K00732.02,,CANDIDATE,3.29534567,0.729,1.902,141.9,1.23,1139.0,397.37,10.4,3,330.0,5550.0,4.5,0.46,0.954,1.05,288.32791,47.381592,15.342,0,candidate
10265898,K00732.03,Kepler-656 c,CONFIRMED,5.25449393,0.837,3.078,169.0,1.41,975.0,213.25,12.6,3,241.0,5550.0,4.5,0.46,0.954,1.05,288.32791,47.381592,15.342,1,confirmed
10271806,K00733.01,Kepler-224 c,CONFIRMED,5.924993927,0.848,2.8874,1608.1,3.15,758.0,77.91,68.5,4,226.0,5016.0,4.641,-0.34,0.679,0.743,290.9343,47.357601,15.644,1,confirmed
10271806,K00733.02,Kepler-224 d,CONFIRMED,11.34934848,0.398,3.1101,1249.8,2.39,610.0,32.75,41.7,4,109.0,5016.0,4.641,-0.34,0.679,0.743,290.9343,47.357601,15.644,1,confirmed
5113822,K00638.01,Kepler-199 b,CONFIRMED,23.6421965,0.022,5.018,1102.2,2.9,595.0,29.65,97.2,2,46.0,5750.0,4.538,-0.04,0.882,0.98,295.55942,40.236271,13.595,1,confirmed
5113822,K00638.02,Kepler-199 c,CONFIRMED,67.0930642,0.822,7.334,1254.2,3.51,420.0,7.38,73.7,2,15.0,5750.0,4.538,-0.04,0.882,0.98,295.55942,40.236271,13.595,1,confirmed
5120087,K00639.01,Kepler-631 b,CONFIRMED,17.97979816,0.069,5.5828,459.1,2.89,828.0,111.12,43.9,1,72.0,6141.0,4.272,0.34,1.352,1.247,296.88577,40.22823,13.5,1,confirmed
5121511,K00640.01,Kepler-632 b,CONFIRMED,30.99664113,0.791,2.9182,655.3,2.43,500.0,14.72,59.9,1,44.0,5324.0,4.544,0.21,0.853,0.928,297.25262,40.288601,13.332,1,confirmed
8557374,K00692.01,Kepler-213 b,CONFIRMED,2.462344253,0.051,1.8113,180.1,1.33,1326.0,730.86,42.1,2,544.0,5736.0,4.467,0.34,1.008,1.087,290.82419,44.647179,13.648,1,confirmed
8557374,K00692.02,Kepler-213 c,CONFIRMED,4.822969318,0.891,0.8752,332.1,2.22,1060.0,297.73,36.0,2,256.0,5736.0,4.467,0.34,1.008,1.087,290.82419,44.647179,13.648,1,confirmed
12600735,K00548.02,,CANDIDATE,6.0799457,0.097,2.706,55.1,0.86,1101.0,348.11,7.3,2,219.0,6008.0,4.35,0.14,1.168,1.117,289.50067,51.68573,14.02,0,candidate
8738735,K00693.01,Kepler-214 c,CONFIRMED,28.7796446,0.886,8.349,253.2,1.95,619.0,34.65,36.5,2,46.0,6000.0,4.45,0.16,1.044,1.122,284.75485,44.956032,13.949,1,confirmed
8738735,K00693.02,Kepler-214 b,CONFIRMED,15.66057688,0.244,7.012,384.1,2.05,758.0,78.01,67.5,2,80.0,6000.0,4.45,0.16,1.044,1.122,284.75485,44.956032,13.949,1,confirmed
8802165,K00694.01,Kepler-648 b,CONFIRMED,17.42115972,0.651,4.9974,928.1,3.11,674.0,48.91,114.3,1,80.0,5679.0,4.487,0.3,0.972,1.058,283.89966,45.016891,13.939,1,confirmed
10271806,K00733.03,Kepler-224 b,CONFIRMED,3.13295351,0.135,2.2207,435.2,1.39,937.0,181.84,23.9,4,402.0,5016.0,4.641,-0.34,0.679,0.743,290.9343,47.357601,15.644,1,confirmed
10271806,K00733.04,Kepler-224 e,CONFIRMED,18.64349986,0.774,1.8491,813.4,2.14,517.0,16.91,16.1,4,60.0,5016.0,4.641,-0.34,0.679,0.743,290.9343,47.357601,15.644,1,confirmed
10272442,K00734.01,Kepler-657 b,CONFIRMED,24.5434566,0.042,7.2518,1151.3,3.08,616.0,34.07,64.5,2,55.0,5955.0,4.52,-0.16,0.91,0.999,291.1973,47.3078,15.344,1,confirmed
10984090,K00112.01,Kepler-466 b,CONFIRMED,51.07926451,0.017,6.3729,736.8,2.75,503.0,15.17,126.8,2,29.0,5833.0,4.407,-0.04,1.022,0.974,295.64871,48.49556,12.772,1,confirmed
10272442,K00734.02,,CANDIDATE,70.2780911,0.07,2.466,781.6,2.54,434.0,8.38,14.9,2,18.0,5955.0,4.52,-0.16,0.91,0.999,291.1973,47.3078,15.344,0,candidate
4055765,K00100.01,,CANDIDATE,9.9664004,0.966,5.0127,1619.0,16.89,1578.0,1466.1,125.9,1,135.0,6638.0,3.664,-0.16,3.079,1.595,291.17792,39.19949,12.598,0,candidate
5131180,K00641.01,,CANDIDATE,14.85185526,0.815,3.5263,1341.0,2.73,457.0,10.3,58.3,1,94.0,4129.0,4.636,0.3,0.652,0.671,299.29947,40.235069,13.583,0,candidate
8805348,K00695.01,Kepler-649 b,CONFIRMED,29.90721859,0.022,4.8475,588.0,2.16,564.0,23.92,79.8,1,45.0,5739.0,4.476,-0.26,0.896,0.875,285.65594,45.079559,13.437,1,confirmed
10843431,K07378.02,,CANDIDATE,56.391062,0.92,5.7,2042.0,3.58,310.0,2.18,11.4,2,5.0,4406.0,4.643,-0.24,0.628,0.632,282.37042,48.259289,16.324,0,candidate
8878187,K00697.01,Kepler-650 b,CONFIRMED,3.032147946,0.836,3.8627,488.6,3.62,1507.0,1218.88,103.1,1,216.0,5827.0,4.151,0.16,1.447,1.081,289.00089,45.15427,13.684,1,confirmed
4914423,K00108.01,Kepler-103 b,CONFIRMED,15.96532718,0.674,4.5837,482.2,3.33,872.0,136.42,144.2,2,84.0,5880.0,4.154,0.08,1.433,1.068,288.98456,40.064529,12.287,1,confirmed
10287242,K00735.01,,CANDIDATE,22.34213536,0.973,6.461,2264.4,5.19,526.0,18.14,51.9,1,48.0,5237.0,4.568,-0.6,0.707,0.674,296.69336,47.392151,15.637,0,candidate
10340423,K00736.01,Kepler-225 c,CONFIRMED,18.79418506,0.356,3.2906,1529.0,2.33,412.0,6.79,40.2,3,72.0,4126.0,4.668,-0.06,0.602,0.616,292.19397,47.457088,15.962,1,confirmed
10340423,K00736.02,Kepler-225 b,CONFIRMED,6.73893544,0.043,2.813,601.3,1.44,579.0,26.64,24.2,3,193.0,4126.0,4.668,-0.06,0.602,0.616,292.19397,47.457088,15.962,1,confirmed
10358759,K00738.01,Kepler-29 b,CONFIRMED,10.3392408,0.15,3.075,1184.6,2.98,777.0,86.46,51.4,2,107.0,5730.0,4.545,-0.06,0.87,0.968,298.34833,47.49123,15.282,1,confirmed
5374854,K00645.01,Kepler-633 b,CONFIRMED,8.50339249,0.825,2.9569,188.9,1.95,1021.0,257.22,28.5,2,120.0,5877.0,4.233,-0.04,1.265,0.997,295.21744,40.592251,13.716,1,confirmed
5374854,K00645.02,Kepler-633 c,CONFIRMED,23.7832097,0.01,7.939,256.5,2.01,725.0,65.26,38.3,2,45.0,5877.0,4.233,-0.04,1.265,0.997,295.21744,40.592251,13.716,1,confirmed
5531694,K00647.01,Kepler-634 b,CONFIRMED,5.16949729,0.235,4.5122,210.6,2.06,1309.0,694.32,66.2,2,265.0,6011.0,4.123,-0.3,1.409,0.963,291.19507,40.702702,13.55,1,confirmed
5596440,K00648.01,,CANDIDATE,10.47490332,0.972,33.7939,1170.2,15.45,1567.0,1427.2,150.5,1,101.0,6526.0,3.616,-0.24,3.232,1.573,282.72067,40.899181,13.22,0,candidate
8962094,K00700.01,Kepler-215 d,CONFIRMED,30.86436512,0.851,2.9557,551.3,2.23,527.0,18.22,51.8,4,45.0,5677.0,4.563,-0.18,0.828,0.92,294.97351,45.213692,13.58,1,confirmed
8962094,K00700.02,Kepler-215 b,CONFIRMED,9.36059705,0.802,3.2069,236.5,1.42,784.0,89.47,42.0,4,136.0,5677.0,4.563,-0.18,0.828,0.92,294.97351,45.213692,13.58,1,confirmed
8962094,K00700.03,Kepler-215 c,CONFIRMED,14.6672293,0.596,3.742,198.1,1.21,675.0,49.12,30.5,4,86.0,5677.0,4.563,-0.18,0.828,0.92,294.97351,45.213692,13.58,1,confirmed
8962094,K00700.04,Kepler-215 e,CONFIRMED,68.1609897,0.459,5.662,295.6,1.45,405.0,6.34,25.0,4,16.0,5677.0,4.563,-0.18,0.828,0.92,294.97351,45.213692,13.58,1,confirmed
10358759,K00738.02,Kepler-29 c,CONFIRMED,13.28689997,0.017,3.2825,1039.6,2.78,715.0,61.8,41.3,2,79.0,5730.0,4.545,-0.06,0.87,0.968,298.34833,47.49123,15.282,1,confirmed
10386984,K00739.01,Kepler-658 b,CONFIRMED,1.287076693,0.003,1.4942,729.4,1.39,871.0,135.97,65.2,1,1044.0,3736.0,4.724,0.12,0.525,0.533,282.9838,47.57859,15.488,1,confirmed
9588822,K04388.02,,CANDIDATE,61.858947,0.621,21.32,70.8,2.47,699.0,56.48,9.1,2,21.0,5529.0,3.685,-0.04,2.817,1.402,292.13428,46.202419,12.045,0,candidate
10395381,K00740.01,Kepler-659 b,CONFIRMED,17.6717714,0.86,3.4202,918.6,2.44,513.0,16.38,36.2,1,76.0,4869.0,4.636,-0.16,0.687,0.767,287.60818,47.509682,15.556,1,confirmed
5613330,K00649.01,Kepler-635 b,CONFIRMED,23.44970494,0.193,8.6567,315.6,2.71,802.0,97.94,67.9,2,60.0,6188.0,4.196,0.44,1.524,1.33,289.77325,40.80072,13.31,1,confirmed
8456679,K00102.01,Kepler-1990 b,CONFIRMED,1.73513619,0.045,2.2741,952.6,3.27,1554.0,1372.87,473.2,2,772.0,5751.0,4.391,0.21,1.071,1.028,299.70474,44.435749,12.566,1,confirmed
5786676,K00650.01,Kepler-1665 b,CONFIRMED,11.95474513,0.601,2.1433,903.4,5.15,906.0,159.04,96.3,1,114.0,5059.0,3.976,0.24,1.657,0.947,290.39618,41.040081,13.594,1,confirmed
5796675,K00652.01,Kepler-636 b,CONFIRMED,16.080657264,0.051,2.8701,3076.0,4.43,614.0,33.64,195.9,1,77.0,5303.0,4.547,0.0,0.817,0.86,293.59189,41.095161,13.653,1,confirmed
9002278,K00701.01,Kepler-62 d,CONFIRMED,18.16407304,0.021,2.9355,943.2,1.98,508.0,15.72,99.7,5,73.0,4926.0,4.653,-0.36,0.662,0.727,283.21274,45.349861,13.725,1,confirmed
9002278,K00701.02,Kepler-62 b,CONFIRMED,5.71489692,0.011,2.3572,425.9,1.33,747.0,73.38,73.0,5,230.0,4926.0,4.653,-0.36,0.662,0.727,283.21274,45.349861,13.725,1,confirmed
9002278,K00701.03,Kepler-62 e,CONFIRMED,122.3858681,0.101,7.123,711.1,1.72,269.0,1.24,46.3,5,11.0,4926.0,4.653,-0.36,0.662,0.727,283.21274,45.349861,13.725,1,confirmed
4914423,K00108.02,Kepler-103 c,CONFIRMED,179.609803,0.711,13.755,1273.0,5.47,389.0,5.41,184.6,2,7.0,5880.0,4.154,0.08,1.433,1.068,288.98456,40.064529,12.287,1,confirmed
5941160,K00654.01,Kepler-200 b,CONFIRMED,8.59481851,0.617,3.254,336.5,1.75,854.0,125.48,37.5,2,123.0,5675.0,4.459,-0.18,0.915,0.878,284.40991,41.237461,13.984,1,confirmed
5941160,K00654.02,Kepler-200 c,CONFIRMED,10.22215697,0.911,1.1939,238.2,1.72,806.0,99.68,13.6,2,94.0,5675.0,4.459,-0.18,0.915,0.878,284.40991,41.237461,13.984,1,confirmed
5966154,K00655.01,Kepler-201 b,CONFIRMED,25.6721559,0.867,5.9629,387.1,2.68,683.0,51.47,78.4,2,50.0,6034.0,4.359,0.24,1.179,1.164,293.62604,41.27282,13.004,1,confirmed
5966154,K00655.02,Kepler-201 c,CONFIRMED,151.8851881,0.788,12.091,360.6,2.47,378.0,4.81,46.3,2,10.0,6034.0,4.359,0.24,1.179,1.164,293.62604,41.27282,13.004,1,confirmed
9266431,K00704.01,Kepler-1726 b,CONFIRMED,18.39629744,0.872,2.7838,680.2,2.47,582.0,27.09,58.4,1,70.0,5316.0,4.57,0.0,0.804,0.876,284.38617,45.719711,13.704,1,confirmed
9458613,K00707.01,Kepler-33 d,CONFIRMED,21.77568158,0.025,7.9588,797.9,4.76,853.0,125.14,117.3,5,62.0,5900.0,4.022,0.0,1.694,1.1,289.07755,46.005219,13.988,1,confirmed
9458613,K00707.02,Kepler-33 f,CONFIRMED,41.0283424,0.011,9.8052,541.4,3.92,691.0,53.8,66.5,5,35.0,5900.0,4.022,0.0,1.694,1.1,289.07755,46.005219,13.988,1,confirmed
6020753,K00657.01,Kepler-202 b,CONFIRMED,4.069425638,0.102,2.0396,549.1,1.53,802.0,97.72,68.0,2,257.0,4671.0,4.636,0.0,0.68,0.75,282.97342,41.32201,13.872,1,confirmed
8456679,K00102.02,Kepler-1990 c,CONFIRMED,4.06844957,0.55,2.8349,79.8,0.98,1170.0,442.08,29.3,2,292.0,5751.0,4.391,0.21,1.071,1.028,299.70474,44.435749,12.566,1,confirmed
6020753,K00657.02,Kepler-202 c,CONFIRMED,16.28247625,0.382,2.9227,792.6,1.88,505.0,15.37,60.0,2,66.0,4671.0,4.636,0.0,0.68,0.75,282.97342,41.32201,13.872,1,confirmed
6062088,K00658.01,Kepler-203 b,CONFIRMED,3.162692075,0.716,1.9529,503.7,2.61,1308.0,692.32,75.4,3,428.0,5821.0,4.355,-0.02,1.085,0.972,297.09,41.388031,13.989,1,confirmed
9458613,K00707.03,Kepler-33 e,CONFIRMED,31.7848157,0.015,8.8077,444.5,3.55,752.0,75.59,57.6,5,42.0,5900.0,4.022,0.0,1.694,1.1,289.07755,46.005219,13.988,1,confirmed
9458613,K00707.04,Kepler-33 c,CONFIRMED,13.17555999,0.013,6.6677,280.0,2.82,1009.0,244.58,48.8,5,94.0,5900.0,4.022,0.0,1.694,1.1,289.07755,46.005219,13.988,1,confirmed
9458613,K00707.05,Kepler-33 b,CONFIRMED,5.66815821,0.177,4.9064,119.7,1.85,1336.0,752.7,27.3,5,204.0,5900.0,4.022,0.0,1.694,1.1,289.07755,46.005219,13.988,1,confirmed
9530945,K00708.01,Kepler-216 c,CONFIRMED,17.40665216,0.022,6.864,586.9,2.95,814.0,104.04,85.7,2,76.0,6086.0,4.274,-0.16,1.216,1.013,293.72806,46.12915,13.998,1,confirmed
10610039,K04577.02,,CANDIDATE,3.07365139,0.034,2.102,90.5,0.79,1215.0,515.92,9.6,2,347.0,6068.0,4.565,-0.5,0.831,0.931,295.6709,47.830399,14.894,0,candidate
6062088,K00658.02,Kepler-203 c,CONFIRMED,5.370639542,0.667,2.1121,491.3,2.54,1096.0,341.68,58.8,3,232.0,5821.0,4.355,-0.02,1.085,0.972,297.09,41.388031,13.989,1,confirmed
6062088,K00658.03,Kepler-203 d,CONFIRMED,11.32977062,0.036,3.845,162.4,1.37,855.0,126.21,18.5,3,115.0,5821.0,4.355,-0.02,1.085,0.972,297.09,41.388031,13.989,1,confirmed
6125481,K00659.01,Kepler-637 b,CONFIRMED,23.20579353,0.059,4.3243,342.5,5.86,1002.0,238.21,46.9,1,58.0,5460.0,3.626,0.42,3.231,1.609,292.41721,41.41687,13.413,1,confirmed
6267535,K00660.01,Kepler-638 b,CONFIRMED,6.07972016,0.471,7.1228,290.8,2.32,1111.0,360.77,77.9,1,173.0,5460.0,4.139,0.08,1.346,0.911,284.91943,41.617191,13.532,1,confirmed
1025986,K07621.01,,CANDIDATE,275.07365,0.595,3.37,228.9,1.86,303.0,2.0,7.5,1,4.0,5604.0,4.226,-0.12,1.187,0.864,291.03369,36.771042,10.15,0,candidate
6347299,K00661.01,Kepler-204 b,CONFIRMED,14.40090414,0.872,4.1682,379.6,2.71,828.0,111.24,41.1,2,75.0,5815.0,4.27,-0.02,1.198,0.976,285.3472,41.761921,13.909,1,confirmed
9530945,K00708.02,Kepler-216 b,CONFIRMED,7.69363627,0.366,5.0324,295.1,2.12,1069.0,308.61,55.1,2,168.0,6086.0,4.274,-0.16,1.216,1.013,293.72806,46.12915,13.998,1,confirmed
9578686,K00709.01,Kepler-651 b,CONFIRMED,21.3851584,0.518,4.0819,663.9,2.17,574.0,25.63,67.3,1,64.0,5376.0,4.516,-0.16,0.825,0.814,287.33279,46.20351,13.94,1,confirmed
9590976,K00710.01,Kepler-217 b,CONFIRMED,5.37493289,0.228,3.9567,155.8,2.12,1413.0,942.35,49.0,3,255.0,6167.0,4.037,-0.12,1.689,1.135,293.03775,46.277519,13.294,1,confirmed
9590976,K00710.02,Kepler-217 c,CONFIRMED,8.58600968,0.728,3.3443,102.1,1.84,1208.0,503.98,23.2,3,149.0,6167.0,4.037,-0.12,1.689,1.135,293.03775,46.277519,13.294,1,confirmed
11284772,K04622.02,,CANDIDATE,4.50158249,0.016,1.855,175.7,0.73,676.0,49.21,9.7,2,236.0,4339.0,4.711,-0.58,0.553,0.573,284.56689,49.01255,15.142,0,candidate
9590976,K00710.03,Kepler-217 d,CONFIRMED,3.88688862,0.035,3.683,58.3,1.29,1574.0,1448.04,20.8,3,312.0,6167.0,4.037,-0.12,1.689,1.135,293.03775,46.277519,13.294,1,confirmed
4832837,K00605.01,Kepler-621 b,CONFIRMED,2.628117322,0.612,1.8289,936.8,1.77,737.0,69.56,98.1,2,508.0,3939.0,4.705,-0.04,0.557,0.575,290.92731,39.91415,14.915,1,confirmed
4832837,K00605.02,,CANDIDATE,5.06546874,0.477,2.203,121.1,0.62,592.0,29.01,10.4,2,256.0,3939.0,4.705,-0.04,0.557,0.575,290.92731,39.91415,14.915,0,candidate
5441980,K00607.01,,CANDIDATE,5.89399142,0.867,1.2737,10993.0,11.16,940.0,185.03,252.5,1,117.0,5713.0,4.541,0.07,0.893,1.01,289.80908,40.615841,14.377,0,candidate
6347299,K00661.02,Kepler-204 c,CONFIRMED,25.6613816,0.864,4.459,166.5,1.78,683.0,51.48,14.6,2,43.0,5815.0,4.27,-0.02,1.198,0.976,285.3472,41.761921,13.909,1,confirmed
6365156,K00662.01,Kepler-639 b,CONFIRMED,10.21418792,0.016,5.8201,303.8,2.29,957.0,198.34,78.6,1,131.0,5843.0,4.25,0.3,1.332,1.151,292.18689,41.727051,13.336,1,confirmed
6425957,K00663.01,Kepler-205 b,CONFIRMED,2.755637216,0.717,1.8559,536.7,1.37,757.0,77.57,99.8,2,372.0,4121.0,4.709,-0.34,0.553,0.57,285.28711,41.861172,13.506,1,confirmed
2444412,K00103.01,Kepler-1710 b,CONFIRMED,14.91095177,0.014,3.325,864.5,2.62,694.0,54.87,116.9,1,93.0,5650.0,4.5,-0.04,0.899,0.932,291.68335,37.751591,12.593,1,confirmed
6425957,K00663.02,Kepler-205 c,CONFIRMED,20.30652862,0.714,2.8014,715.4,1.58,389.0,5.4,60.8,2,48.0,4121.0,4.709,-0.34,0.553,0.57,285.28711,41.861172,13.506,1,confirmed
9597345,K00711.01,Kepler-218 c,CONFIRMED,44.6996563,0.472,6.2289,837.7,3.05,500.0,14.81,71.3,3,26.0,5497.0,4.394,0.38,1.046,0.988,295.41281,46.266472,13.967,1,confirmed
9597345,K00711.02,Kepler-218 b,CONFIRMED,3.619309734,0.116,3.0504,206.6,1.47,1156.0,422.53,47.4,3,371.0,5497.0,4.394,0.38,1.046,0.988,295.41281,46.266472,13.967,1,confirmed
9597345,K00711.03,Kepler-218 d,CONFIRMED,124.5245224,0.004,9.654,689.9,2.69,356.0,3.78,47.5,3,11.0,5497.0,4.394,0.38,1.046,0.988,295.41281,46.266472,13.967,1,confirmed
10972902,K04692.02,,CANDIDATE,7.6720844,0.523,3.451,75.1,0.72,875.0,138.74,8.4,2,178.0,5972.0,4.57,-0.54,0.807,0.884,290.44476,48.462891,14.766,0,candidate
5686174,K00610.01,Kepler-622 b,CONFIRMED,14.28228147,0.019,2.6588,983.2,1.82,446.0,9.38,44.7,1,73.0,4102.0,4.675,-0.06,0.595,0.612,284.47849,40.933102,14.672,1,confirmed
6309763,K00611.01,,CANDIDATE,3.251659087,0.938,1.5286,4747.9,9.83,1384.0,865.87,466.2,1,412.0,6367.0,4.419,-0.14,1.087,1.131,298.29404,41.6838,14.022,0,candidate
6462863,K00094.04,Kepler-89 b,CONFIRMED,3.743166733,0.008,3.6888,126.3,1.5,1423.0,971.76,47.2,4,154.0,6181.0,4.234,-0.02,1.331,1.106,297.33307,41.891121,12.205,1,confirmed
6442340,K00664.01,Kepler-206 c,CONFIRMED,13.13747785,0.8,4.8655,212.8,1.85,825.0,109.68,43.1,3,101.0,5762.0,4.314,0.06,1.143,0.982,291.63467,41.833858,13.484,1,confirmed
6442340,K00664.02,Kepler-206 b,CONFIRMED,7.78199862,0.816,3.947,106.9,1.32,983.0,220.8,25.6,3,167.0,5762.0,4.314,0.06,1.143,0.982,291.63467,41.833858,13.484,1,confirmed
6442340,K00664.03,Kepler-206 d,CONFIRMED,23.4433748,0.924,5.768,85.0,1.29,681.0,50.72,14.1,3,53.0,5762.0,4.314,0.06,1.143,0.982,291.63467,41.833858,13.484,1,confirmed
6685609,K00665.01,Kepler-207 d,CONFIRMED,5.868066282,0.801,4.1246,436.5,3.6,1254.0,584.32,97.6,3,224.0,5918.0,4.127,0.21,1.555,1.181,290.03052,42.16605,13.182,1,confirmed
6685609,K00665.02,Kepler-207 b,CONFIRMED,1.61189046,0.782,3.0792,101.1,1.72,1930.0,3267.98,38.0,3,775.0,5918.0,4.127,0.21,1.555,1.181,290.03052,42.16605,13.182,1,confirmed
9450647,K00110.01,Kepler-465 b,CONFIRMED,9.940666412,0.02,3.9092,520.2,2.87,996.0,233.04,161.4,1,138.0,6215.0,4.305,0.08,1.259,1.17,284.55573,46.063831,12.663,1,confirmed
9702072,K00714.01,Kepler-652 b,CONFIRMED,4.182001885,0.015,2.2209,847.4,2.46,974.0,213.29,160.3,1,321.0,5328.0,4.551,0.32,0.865,0.971,288.00812,46.47356,13.393,1,confirmed
9413156,K04700.02,,CANDIDATE,66.47762,0.384,4.487,553.5,1.83,388.0,5.34,9.1,2,18.0,5515.0,4.592,-0.26,0.775,0.868,295.36145,45.914841,15.972,0,candidate
9846348,K00716.01,,CANDIDATE,26.89316101,0.98,2.3266,2193.2,6.78,614.0,33.54,119.6,1,39.0,6096.0,4.511,-0.34,0.908,0.975,297.49216,46.694519,13.754,0,candidate
9873254,K00717.01,Kepler-653 b,CONFIRMED,14.70749512,0.127,3.1506,262.0,2.04,819.0,106.22,36.3,2,88.0,5676.0,4.247,0.32,1.28,1.056,282.21292,46.717819,13.387,1,confirmed
6587002,K00612.01,Kepler-196 b,CONFIRMED,20.73989406,0.777,3.1505,616.1,2.11,536.0,19.47,44.2,3,47.0,5132.0,4.571,-0.06,0.77,0.805,284.96851,42.079201,14.157,1,confirmed
6587002,K00612.02,Kepler-196 c,CONFIRMED,47.4277116,0.678,5.2679,820.4,2.33,407.0,6.46,49.9,3,20.0,5132.0,4.571,-0.06,0.77,0.805,284.96851,42.079201,14.157,1,confirmed
7368664,K00614.01,Kepler-434 b,CONFIRMED,12.874712426,0.932,2.2491,3860.7,11.26,926.0,173.5,218.5,1,102.0,5963.0,4.218,0.34,1.424,1.22,293.58636,42.928909,14.517,1,confirmed
6685609,K00665.03,Kepler-207 c,CONFIRMED,3.07155284,0.855,4.0935,86.0,1.65,1556.0,1389.97,27.2,3,348.0,5918.0,4.127,0.21,1.555,1.181,290.03052,42.16605,13.182,1,confirmed
6707835,K00666.01,Kepler-640 b,CONFIRMED,22.24814617,0.868,4.1483,613.7,2.72,609.0,32.58,74.2,1,62.0,5629.0,4.503,0.26,0.943,1.033,296.0322,42.131672,13.721,1,confirmed
2696205,K07636.01,,CANDIDATE,0.702739679,0.742,1.379,65.1,0.73,1765.0,2292.96,9.5,1,1899.0,5269.0,4.508,-0.04,0.836,0.819,286.89841,37.93745,14.99,0,candidate
10318874,K00104.01,Kepler-94 b,CONFIRMED,2.508057497,0.742,1.1134,1507.6,3.25,997.0,234.06,312.7,1,540.0,4780.0,4.597,0.34,0.761,0.835,281.19473,47.497131,12.895,1,confirmed
9873254,K00717.02,Kepler-653 c,CONFIRMED,0.900375925,0.093,1.257,41.4,0.82,2078.0,4399.18,14.6,2,1445.0,5676.0,4.247,0.32,1.28,1.056,282.21292,46.717819,13.387,1,confirmed
9884104,K00718.01,Kepler-219 b,CONFIRMED,4.585466941,0.823,3.4437,383.5,3.29,1307.0,688.54,84.8,3,297.0,5788.0,4.16,0.26,1.495,1.179,288.73898,46.762562,13.764,1,confirmed
9884104,K00718.02,Kepler-219 c,CONFIRMED,22.71443351,0.816,6.0875,575.1,4.01,766.0,81.57,74.4,3,55.0,5788.0,4.16,0.26,1.495,1.179,288.73898,46.762562,13.764,1,confirmed
9884104,K00718.03,Kepler-219 d,CONFIRMED,47.903427,0.918,6.191,379.3,3.55,598.0,30.17,34.1,3,28.0,5788.0,4.16,0.26,1.495,1.179,288.73898,46.762562,13.764,1,confirmed
9950612,K00719.01,Kepler-220 c,CONFIRMED,9.034190783,0.846,1.5501,577.6,1.8,586.0,27.87,82.1,4,147.0,4499.0,4.635,-0.26,0.639,0.643,291.50616,46.895741,13.177,1,confirmed
10353968,K00618.01,Kepler-623 b,CONFIRMED,9.07098164,0.013,2.6903,1026.2,2.94,825.0,109.61,59.1,1,117.0,5672.0,4.506,0.14,0.929,1.008,296.98672,47.47739,14.959,1,confirmed
11773022,K00620.01,Kepler-51 b,CONFIRMED,45.15535633,0.063,5.7845,6208.7,7.65,523.0,17.68,285.1,3,29.0,6046.0,4.486,-0.08,0.972,1.053,296.47977,49.937679,14.669,1,confirmed
7033671,K00670.01,Kepler-641 b,CONFIRMED,9.48965527,0.795,3.587,262.2,2.16,926.0,173.79,42.5,1,140.0,5672.0,4.279,0.2,1.204,1.005,291.82349,42.516209,13.774,1,confirmed
7040629,K00671.01,Kepler-208 b,CONFIRMED,4.22865217,0.009,3.3275,150.0,1.83,1379.0,854.59,41.5,4,313.0,5966.0,4.169,0.18,1.499,1.213,293.8902,42.527966,13.749,1,confirmed
7040629,K00671.02,Kepler-208 c,CONFIRMED,7.46662068,0.255,3.87,120.9,1.65,1141.0,401.08,27.4,4,165.0,5966.0,4.169,0.18,1.499,1.213,293.8902,42.527966,13.749,1,confirmed
7040629,K00671.03,Kepler-208 e,CONFIRMED,16.25951967,0.374,3.854,129.5,1.72,880.0,142.1,19.6,4,72.0,5966.0,4.169,0.18,1.499,1.213,293.8902,42.527966,13.749,1,confirmed
7040629,K00671.04,Kepler-208 d,CONFIRMED,11.1317901,0.342,4.051,95.5,1.47,999.0,235.55,18.2,4,105.0,5966.0,4.169,0.18,1.499,1.213,293.8902,42.527966,13.749,1,confirmed
9950612,K00719.02,Kepler-220 d,CONFIRMED,28.1224393,0.516,4.174,194.3,0.9,401.0,6.13,26.9,4,47.0,4499.0,4.635,-0.26,0.639,0.643,291.50616,46.895741,13.177,1,confirmed
6678383,K00111.01,Kepler-104 b,CONFIRMED,11.427550984,0.608,4.6074,500.9,2.35,852.0,124.31,165.5,4,116.0,5979.0,4.394,-0.34,1.005,0.913,287.60461,42.166779,12.596,1,confirmed
9950612,K00719.03,Kepler-220 e,CONFIRMED,45.9029768,0.303,5.0041,361.8,1.18,341.0,3.19,42.9,4,29.0,4499.0,4.635,-0.26,0.639,0.643,291.50616,46.895741,13.177,1,confirmed
9950612,K00719.04,Kepler-220 b,CONFIRMED,4.159816554,0.676,1.6261,160.3,0.86,759.0,78.4,35.6,4,313.0,4499.0,4.635,-0.26,0.639,0.643,291.50616,46.895741,13.177,1,confirmed
9963524,K00720.01,Kepler-221 c,CONFIRMED,5.69059163,0.573,2.557,1384.3,3.1,860.0,129.31,45.5,4,185.0,5244.0,4.538,-0.04,0.81,0.826,296.65475,46.83527,13.749,1,confirmed
5780885,K00097.01,Kepler-7 b,CONFIRMED,4.885488596,0.361,5.16165,7458.4,16.66,1496.0,1182.79,2590.1,1,277.0,6036.0,3.968,0.1,1.909,1.236,288.58151,41.089809,12.885,1,confirmed
11773022,K00620.02,Kepler-51 d,CONFIRMED,130.17802962,0.022,8.4534,11570.9,10.44,367.0,4.31,365.2,3,10.0,6046.0,4.486,-0.08,0.972,1.053,296.47977,49.937679,14.669,1,confirmed
11773022,K00620.03,Kepler-51 c,CONFIRMED,85.3162004,0.972,2.7441,1902.6,6.34,423.0,7.57,32.6,3,14.0,6046.0,4.486,-0.08,0.972,1.053,296.47977,49.937679,14.669,1,confirmed
12251650,K00621.01,,CANDIDATE,17.761998411,0.907,2.4644,24176.9,14.25,538.0,19.78,731.7,1,75.0,5088.0,4.612,-0.58,0.669,0.667,287.46097,50.975071,14.762,0,candidate
12417486,K00622.01,,CANDIDATE,155.042265,0.824,9.848,4880.9,26.44,511.0,16.15,117.9,1,9.0,4994.0,3.509,0.0,3.322,1.3,295.88028,51.26379,14.932,0,candidate
12068975,K00623.01,Kepler-197 c,CONFIRMED,10.34973276,0.905,4.4859,119.0,1.44,930.0,177.25,44.5,4,128.0,6003.0,4.303,-0.38,1.109,0.902,295.22644,50.558979,11.811,1,confirmed
7115785,K00672.01,Kepler-209 b,CONFIRMED,16.08786246,0.824,3.095,612.5,2.56,668.0,47.17,63.7,3,83.0,5506.0,4.473,0.04,0.914,0.904,291.16953,42.640808,13.998,1,confirmed
2834805,K07638.01,,CANDIDATE,25.0032023,0.756,5.498,64.1,1.47,837.0,116.27,12.6,1,54.0,6148.0,4.055,0.0,1.685,1.176,286.70145,38.042191,12.55,0,candidate
7115785,K00672.02,Kepler-209 c,CONFIRMED,41.74938613,0.226,5.6098,1055.4,2.94,486.0,13.22,95.0,3,34.0,5506.0,4.473,0.04,0.914,0.904,291.16953,42.640808,13.998,1,confirmed
7124613,K00673.01,Kepler-642 b,CONFIRMED,4.41746257,0.085,2.965,291.0,3.95,1810.0,2536.07,22.6,1,304.0,6570.0,3.86,-0.12,2.297,1.396,293.83456,42.624962,13.343,1,confirmed
8711794,K00105.01,Kepler-463 b,CONFIRMED,8.981014925,0.097,1.8478,1059.3,3.14,880.0,141.77,198.3,1,153.0,5666.0,4.362,-0.4,0.967,0.785,298.93704,44.85791,12.87,1,confirmed
7277317,K00674.01,Kepler-643 b,CONFIRMED,16.33888067,0.256,9.3599,1718.4,10.47,963.0,203.31,201.9,1,40.0,4877.0,3.645,0.16,2.595,1.085,290.32733,42.898281,13.781,1,confirmed
9963524,K00720.02,Kepler-221 d,CONFIRMED,10.04157214,0.768,2.6577,1114.0,2.97,712.0,60.74,28.1,4,104.0,5244.0,4.538,-0.04,0.81,0.826,296.65475,46.83527,13.749,1,confirmed
9963524,K00720.03,Kepler-221 e,CONFIRMED,18.36974658,0.947,2.939,1143.3,3.58,582.0,27.14,20.1,4,58.0,5244.0,4.538,-0.04,0.81,0.826,296.65475,46.83527,13.749,1,confirmed
9963524,K00720.04,Kepler-221 b,CONFIRMED,2.79590004,0.638,2.056,383.7,1.66,1090.0,333.31,16.3,4,351.0,5244.0,4.538,-0.04,0.81,0.826,296.65475,46.83527,13.749,1,confirmed
9964801,K00721.01,Kepler-654 b,CONFIRMED,13.72462702,0.748,6.9758,281.8,2.13,831.0,112.82,50.1,1,77.0,5817.0,4.293,0.0,1.171,0.982,297.06842,46.834278,13.645,1,confirmed
9965439,K00722.01,Kepler-655 b,CONFIRMED,46.40626,0.018,7.0281,469.1,2.66,588.0,28.23,51.2,1,25.0,6086.0,4.276,-0.1,1.227,1.037,297.25909,46.843189,13.489,1,confirmed
2569995,K07634.01,,CANDIDATE,80.84069,0.003,8.567,9326.0,15.11,500.0,14.83,21.6,1,4.0,5511.0,4.069,0.46,1.597,1.089,290.22925,37.840961,17.187,0,candidate
12068975,K00623.02,Kepler-197 d,CONFIRMED,15.67750191,0.911,5.5082,115.5,1.42,810.0,101.79,39.6,4,72.0,6003.0,4.303,-0.38,1.109,0.902,295.22644,50.558979,11.811,1,confirmed
12068975,K00623.03,Kepler-197 b,CONFIRMED,5.59931543,0.914,3.8944,84.8,1.22,1142.0,402.39,41.4,4,231.0,6003.0,4.303,-0.38,1.109,0.902,295.22644,50.558979,11.811,1,confirmed
12068975,K00623.04,Kepler-197 e,CONFIRMED,25.2100146,0.771,6.553,62.1,0.95,691.0,54.06,18.8,4,43.0,6003.0,4.303,-0.38,1.109,0.902,295.22644,50.558979,11.811,1,confirmed
3541946,K00624.01,Kepler-198 b,CONFIRMED,17.79001678,0.182,4.4116,871.4,2.7,655.0,43.5,67.2,3,75.0,5569.0,4.474,0.07,0.927,0.935,290.67313,38.69101,13.597,1,confirmed
3541946,K00624.02,Kepler-198 c,CONFIRMED,49.5674085,0.866,4.002,730.0,2.91,465.0,11.09,31.2,3,25.0,5569.0,4.474,0.07,0.927,0.935,290.67313,38.69101,13.597,1,confirmed
10264660,K00098.01,Kepler-14 b,CONFIRMED,6.790120801,0.486,6.0437,2302.3,9.86,1434.0,998.97,526.1,1,198.0,6372.0,3.954,0.04,2.001,1.313,287.70883,47.33305,12.128,1,confirmed
7447200,K00676.01,Kepler-210 c,CONFIRMED,7.972510087,0.739,2.9754,3139.0,3.22,497.0,14.45,206.7,2,166.0,3912.0,4.728,-0.12,0.533,0.556,292.50339,43.083149,13.822,1,confirmed
7447200,K00676.02,Kepler-210 b,CONFIRMED,2.453236139,0.496,1.6691,1723.2,2.26,737.0,69.36,158.0,2,500.0,3912.0,4.728,-0.12,0.533,0.556,292.50339,43.083149,13.822,1,confirmed
7509886,K00678.01,Kepler-211 c,CONFIRMED,6.0404622,0.508,1.98,241.0,1.3,841.0,118.56,14.9,2,213.0,5297.0,4.578,0.21,0.825,0.938,285.43915,43.16848,13.283,1,confirmed
7509886,K00678.02,Kepler-211 b,CONFIRMED,4.13852825,0.185,2.281,256.5,1.3,954.0,196.51,20.5,2,321.0,5297.0,4.578,0.21,0.825,0.938,285.43915,43.16848,13.283,1,confirmed
10002866,K00723.01,Kepler-222 b,CONFIRMED,3.936993144,0.801,1.887,1266.0,3.36,1004.0,240.16,59.3,3,331.0,5431.0,4.563,0.12,0.843,0.945,287.9061,46.937771,15.063,1,confirmed
10002866,K00723.02,Kepler-222 d,CONFIRMED,28.08185982,0.425,4.5288,1840.3,3.63,522.0,17.52,50.8,3,43.0,5431.0,4.563,0.12,0.843,0.945,287.9061,46.937771,15.063,1,confirmed
6678383,K00111.02,Kepler-104 c,CONFIRMED,23.66834635,0.758,5.8297,449.4,2.32,668.0,47.11,112.8,4,52.0,5979.0,4.394,-0.34,1.005,0.913,287.60461,42.166779,12.596,1,confirmed
10002866,K00723.03,Kepler-222 c,CONFIRMED,10.08881066,0.921,1.7726,1995.9,4.71,734.0,68.62,51.4,3,132.0,5431.0,4.563,0.12,0.843,0.945,287.9061,46.937771,15.063,1,confirmed
2577353,K07635.01,,CANDIDATE,60.458443,0.451,8.43,175.2,1.59,511.0,16.14,9.7,1,24.0,5865.0,4.297,0.02,1.181,1.008,291.78079,37.811508,14.544,0,candidate
3541946,K00624.03,Kepler-198 d,CONFIRMED,1.311842968,0.121,1.7876,245.1,1.43,1562.0,1410.6,44.2,3,992.0,5569.0,4.474,0.07,0.927,0.935,290.67313,38.69101,13.597,1,confirmed
4478168,K00626.01,Kepler-624 b,CONFIRMED,14.58649856,0.665,4.0249,378.7,2.45,852.0,124.89,53.0,2,74.0,6063.0,4.29,-0.14,1.191,1.009,295.19339,39.539669,13.49,1,confirmed
4478168,K00626.02,,CANDIDATE,8.0292018,0.51,3.462,65.6,0.99,1040.0,276.27,11.7,2,135.0,6063.0,4.29,-0.14,1.191,1.009,295.19339,39.539669,13.49,0,candidate
4563268,K00627.01,Kepler-625 b,CONFIRMED,7.75192755,0.546,3.5413,407.3,1.89,852.0,124.47,77.3,2,175.0,5604.0,4.52,0.18,0.912,1.004,292.15045,39.637581,13.307,1,confirmed
7515212,K00679.01,Kepler-212 c,CONFIRMED,31.80475991,0.87,8.699,360.6,2.99,664.0,45.9,73.4,2,44.0,5867.0,4.235,0.24,1.356,1.153,287.62082,43.141647,13.178,1,confirmed
7515212,K00679.02,Kepler-212 b,CONFIRMED,16.2580276,0.131,6.375,47.0,0.92,830.0,112.41,11.5,2,76.0,5867.0,4.235,0.24,1.356,1.153,287.62082,43.141647,13.178,1,confirmed
7529266,K00680.01,Kepler-435 b,CONFIRMED,8.600153929,0.296,9.0015,4510.2,26.52,1703.0,1986.75,1208.1,1,156.0,6093.0,3.475,-0.18,3.913,1.667,292.28732,43.197281,13.643,1,confirmed
8686373,K04066.01,Kepler-1936 b,CONFIRMED,126.55719,0.965,8.079,366.4,4.59,524.0,17.85,24.8,1,11.0,6501.0,4.054,0.1,1.854,1.419,290.73001,44.836121,13.666,1,confirmed
3867615,K02289.02,Kepler-379 b,CONFIRMED,20.0983676,0.02,5.207,157.8,1.58,775.0,85.34,20.9,2,51.0,6053.0,4.279,0.06,1.26,1.098,295.70111,38.945831,13.358,1,confirmed
7256914,K04136.01,,CANDIDATE,2.41750021,0.895,4.33,58.2,1.19,1507.0,1221.36,15.2,2,561.0,5575.0,4.189,0.16,1.308,0.965,281.82318,42.811169,13.955,0,candidate
7256914,K04136.02,,CANDIDATE,4.03357434,0.855,5.886,66.2,1.23,1270.0,616.04,15.5,2,282.0,5575.0,4.189,0.16,1.308,0.965,281.82318,42.811169,13.955,0,candidate
6871071,K02220.04,,CANDIDATE,7.66462913,0.216,3.614,114.1,1.6,1106.0,353.31,13.2,5,136.0,5640.0,4.087,0.14,1.515,1.024,294.13791,42.370499,14.686,0,candidate
5530112,K04067.01,Kepler-1937 b,CONFIRMED,9.6887216,0.118,2.0,655.5,3.09,1014.0,250.25,18.1,1,10.0,6457.0,4.358,-0.06,1.196,1.19,290.65839,40.778542,14.158,1,confirmed
6226908,K04068.01,Kepler-1546 b,CONFIRMED,19.597317,0.87,4.508,1014.1,3.78,671.0,47.9,23.7,1,22.0,5569.0,4.368,-0.02,1.019,0.883,297.58392,41.541229,15.412,1,confirmed
5906694,K04069.01,Kepler-1938 b,CONFIRMED,13.06243545,0.128,3.244,464.3,1.36,527.0,18.25,21.4,1,102.0,4522.0,4.615,-0.22,0.655,0.646,299.3519,41.19574,14.885,1,confirmed
9956082,K04139.01,Kepler-1557 b,CONFIRMED,3.74031708,0.277,2.394,165.6,1.38,1287.0,646.81,15.6,1,356.0,6260.0,4.433,-0.08,1.063,1.118,293.88141,46.838879,15.331,1,confirmed
6755944,K04072.01,Kepler-1547 b,CONFIRMED,0.692978457,0.938,1.1366,61.0,2.24,3186.0,24240.83,20.9,1,1491.0,6105.0,3.805,-0.26,2.304,1.235,283.76407,42.222172,13.447,1,confirmed
3112129,K04144.01,,CANDIDATE,0.487656278,0.037,1.0129,109.8,0.99,2299.0,6647.8,25.1,1,1371.0,5957.0,4.506,-0.08,0.937,1.026,290.33719,38.205009,14.374,0,candidate
9334893,K02298.02,Kepler-1178 b,CONFIRMED,31.8055128,0.476,3.979,141.7,0.63,378.0,4.84,10.9,3,41.0,4729.0,4.726,-1.42,0.525,0.534,288.45605,45.80212,13.831,1,confirmed
3103212,K04145.01,,CANDIDATE,3.25424652,0.665,5.378,82.1,0.96,1220.0,521.81,18.3,1,411.0,5692.0,4.421,0.08,1.004,0.968,287.75903,38.281551,14.359,0,candidate
10000941,K04146.01,Kepler-1558 b,CONFIRMED,3.50472344,0.309,1.9464,90.7,0.8,1019.0,254.49,18.4,2,384.0,5115.0,4.477,0.08,0.854,0.798,286.81937,46.91169,13.632,1,confirmed
9455677,K04076.01,Kepler-1548 b,CONFIRMED,124.827797,0.096,6.479,647.5,2.57,350.0,3.56,17.1,1,11.0,5349.0,4.353,0.18,1.032,0.875,287.47122,46.080662,15.259,1,confirmed
6871071,K02220.05,,CANDIDATE,11.9294568,0.3789,3.193,132.3,1.05,797.0,95.42,11.7,5,,5975.0,4.48,-0.44,0.9,0.891,294.13791,42.370499,14.686,0,candidate
10875007,K04149.01,,CANDIDATE,9.54699216,0.879,5.063,143.0,1.71,996.0,232.24,17.4,2,111.0,6274.0,4.357,0.26,1.232,1.261,296.9621,48.25639,14.718,0,candidate
10875007,K04149.02,,CANDIDATE,14.708641,0.96,5.394,130.6,1.82,862.0,130.5,12.8,2,68.0,6274.0,4.357,0.26,1.232,1.261,296.9621,48.25639,14.718,0,candidate
11465651,K04150.01,Kepler-1941 b,CONFIRMED,31.3351094,0.706,6.071,264.9,1.99,666.0,46.53,16.7,1,43.0,6404.0,4.393,-0.06,1.142,1.175,296.62704,49.353901,14.681,1,confirmed
3937814,K04084.01,Kepler-1549 b,CONFIRMED,214.881456,0.023,9.581,759.2,2.68,286.0,1.59,16.1,3,7.0,5323.0,4.378,0.16,0.995,0.862,286.05243,39.09605,15.188,1,confirmed
5881120,K04156.01,Kepler-1943 b,CONFIRMED,4.85018974,0.985,5.676,64.5,1.1,1098.0,344.04,15.8,1,277.0,6032.0,4.485,-0.06,0.973,1.055,293.31827,41.116669,13.809,1,confirmed
4548098,K04157.01,Kepler-1982 b,CONFIRMED,3.82315697,0.064,2.388,47.2,0.77,1282.0,638.38,8.9,2,352.0,6202.0,4.422,0.21,1.122,1.213,287.41006,39.65868,12.692,1,confirmed
7021681,K00255.02,,CANDIDATE,13.6032081,0.777,2.592,180.5,0.75,397.0,5.85,9.4,3,97.0,3780.0,4.746,-0.02,0.511,0.531,287.85812,42.542629,15.108,0,candidate
4770617,K02243.02,Kepler-1154 c,CONFIRMED,8.45805119,0.697,2.998,258.7,2.52,1117.0,367.05,18.3,3,140.0,6172.0,4.198,0.16,1.471,1.25,297.47711,39.877239,14.806,1,confirmed
6106282,K04087.01,Kepler-440 b,CONFIRMED,101.1107014,0.046,8.029,878.1,1.61,229.0,0.65,24.1,1,10.0,4133.0,4.705,-0.3,0.561,0.578,285.34995,41.452209,15.134,1,confirmed
4078311,K04166.01,Kepler-1944 b,CONFIRMED,9.84262076,0.234,1.6018,626.4,2.41,801.0,97.62,16.8,1,109.0,5585.0,4.49,0.48,0.972,1.064,296.5105,39.173321,15.308,1,confirmed
11709124,K00435.05,Kepler-154 c,CONFIRMED,62.3026877,0.712,7.509,859.3,3.05,454.0,10.05,45.0,6,21.0,5688.0,4.415,-0.12,0.971,0.895,289.78052,49.89653,14.534,1,confirmed
9022166,K02175.02,Kepler-368 c,CONFIRMED,72.3826983,0.791,8.279,366.4,4.21,575.0,25.83,29.5,2,9.0,5508.0,3.897,0.1,1.988,1.136,291.88004,45.387932,12.848,1,confirmed
11967788,K04021.01,,CANDIDATE,7.23531329,0.326,3.338,112.2,1.53,1207.0,501.36,14.0,2,182.0,6422.0,4.219,-0.06,1.421,1.22,294.03436,50.371651,13.166,0,candidate
3103227,K04091.01,Kepler-1550 b,CONFIRMED,225.585245,0.066,11.166,754.9,3.71,348.0,3.48,18.6,1,5.0,5929.0,4.243,0.3,1.363,1.185,287.76456,38.294701,14.9,1,confirmed
4850961,K04092.01,Kepler-1551 b,CONFIRMED,24.4972683,0.817,5.43,449.1,2.74,722.0,64.25,19.5,1,43.0,6392.0,4.399,0.07,1.162,1.232,295.78552,39.907921,15.152,1,confirmed
7199060,K04152.01,,CANDIDATE,64.1862264,0.968,8.485,507.3,8.0,839.0,116.97,18.6,1,19.0,6951.0,3.766,-0.08,2.758,1.618,291.38602,42.709129,12.972,0,candidate
8439323,K04153.01,Kepler-1942 b,CONFIRMED,4.62602867,0.739,0.643,346.9,1.65,1012.0,247.34,14.7,1,296.0,5834.0,4.566,-0.5,0.797,0.852,294.98059,44.425301,14.667,1,confirmed
4458082,K02303.02,Kepler-1181 c,CONFIRMED,8.93484887,0.888,2.579,135.9,1.83,1124.0,377.25,9.7,2,134.0,6688.0,4.304,0.07,1.347,1.336,289.74731,39.523453,13.827,1,confirmed
11967788,K04021.02,,CANDIDATE,4.93211932,0.034,3.144,50.5,1.02,1372.0,837.01,7.5,2,261.0,6422.0,4.219,-0.06,1.421,1.22,294.03436,50.371651,13.166,0,candidate
7733731,K04022.01,,CANDIDATE,4.85819429,0.086,5.356,76.3,2.04,1685.0,1904.91,25.2,1,279.0,6109.0,3.78,-0.4,2.326,1.188,283.12854,43.45686,13.269,0,candidate
10714072,K04024.01,Kepler-1541 b,CONFIRMED,8.40693068,0.015,1.866,167.1,1.95,1048.0,285.67,6.8,1,162.0,5365.0,4.02,-0.06,1.533,0.899,283.78702,48.02956,13.801,1,confirmed
3110177,K07644.01,,CANDIDATE,3.39904814,0.596,2.922,69.6,0.81,1191.0,477.15,8.1,1,393.0,5766.0,4.444,-0.26,0.929,0.876,289.84286,38.237049,14.803,0,candidate
5942808,K02250.02,Kepler-1814 c,CONFIRMED,0.626281766,0.553,1.1812,433.1,1.76,1711.0,2011.27,31.0,2,1264.0,4922.0,4.505,0.2,0.823,0.79,285.21667,41.282429,15.622,1,confirmed
3232249,K07648.01,,CANDIDATE,1.183505016,0.403,1.275,116.6,0.8,1293.0,658.87,10.0,1,1127.0,4832.0,4.592,0.12,0.746,0.791,290.6864,38.355598,15.424,0,candidate
5688683,K04097.01,Kepler-1939 b,CONFIRMED,2.790643481,0.787,0.6871,202.0,0.99,816.0,104.74,20.2,2,369.0,4353.0,4.681,-0.18,0.603,0.648,285.69,40.99453,13.435,1,confirmed
6607644,K04159.01,Kepler-1559 b,CONFIRMED,0.971915957,0.592,1.6023,73.7,0.79,1609.0,1591.27,16.7,1,1376.0,5196.0,4.458,0.12,0.889,0.828,292.28659,42.07246,14.5,1,confirmed
7610663,K04160.01,Kepler-1560 b,CONFIRMED,3.03196812,0.287,1.723,81.5,0.9,1269.0,614.2,15.8,1,446.0,5755.0,4.402,-0.14,0.993,0.909,292.78461,43.215981,13.421,1,confirmed
7449554,K02357.02,,CANDIDATE,15.9042402,0.876,2.093,444.8,3.79,863.0,131.11,13.3,2,0.0,5583.0,4.077,0.16,1.53,1.017,293.20377,43.057011,15.61,0,candidate
8282651,K02193.02,,CANDIDATE,4.16288745,0.4265,0.678,391.7,1.32,763.0,80.23,12.0,2,,4478.0,4.615,-0.22,0.651,0.637,284.10779,44.245811,15.658,0,candidate
5688683,K04097.02,,CANDIDATE,4.44902309,0.034,1.373,88.9,0.55,699.0,56.19,10.4,2,223.0,4353.0,4.681,-0.18,0.603,0.648,285.69,40.99453,13.435,0,candidate
8222627,K04098.01,,CANDIDATE,1.121733366,0.464,1.032,84.3,2.39,2384.0,7641.15,13.6,1,1190.0,5023.0,3.682,0.04,2.571,1.157,287.50375,44.167259,13.875,0,candidate
8951205,K04099.01,Kepler-1940 b,CONFIRMED,4.95060632,0.458,1.719,309.5,1.28,885.0,145.23,17.4,1,267.0,5431.0,4.623,-0.44,0.717,0.802,291.20419,45.238392,15.309,1,confirmed
7838675,K04169.01,Kepler-1561 b,CONFIRMED,1.005205893,0.137,1.63,97.5,0.85,1682.0,1893.23,15.0,1,1329.0,5718.0,4.549,-0.08,0.863,0.96,296.92361,43.566471,14.658,1,confirmed
7100673,K04032.01,Kepler-1542 b,CONFIRMED,3.95116635,0.374,2.566,60.9,0.83,1160.0,427.07,20.4,5,341.0,5574.0,4.354,0.12,1.065,0.933,285.72849,42.65453,12.639,1,confirmed
7100673,K04032.02,Kepler-1542 c,CONFIRMED,2.89223998,0.017,2.521,44.3,0.7,1287.0,647.55,17.3,5,407.0,5574.0,4.354,0.12,1.065,0.933,285.72849,42.65453,12.639,1,confirmed
2984990,K07641.01,,CANDIDATE,3.79437277,0.05,2.289,83.2,1.36,1383.0,865.53,7.7,1,352.0,5455.0,4.025,-0.18,1.507,0.877,290.32401,38.111111,14.816,0,candidate
3747817,K04103.01,Kepler-1552 b,CONFIRMED,184.77271,0.04,9.568,951.4,2.41,268.0,1.21,21.0,2,8.0,5273.0,4.566,0.0,0.801,0.861,291.67682,38.874908,14.838,1,confirmed
7758018,K04105.01,,CANDIDATE,363.41165,0.3923,14.79,961.7,3.14,263.0,1.12,17.4,1,,6025.0,4.472,0.02,0.999,1.08,293.53253,43.406151,15.445,0,candidate
9071593,K02257.02,Kepler-1162 c,CONFIRMED,59.284064,0.556,5.42,424.4,1.81,401.0,6.14,13.1,2,24.0,5225.0,4.505,0.14,0.859,0.861,283.29214,45.434109,15.48,1,confirmed
10089911,K04034.01,Kepler-1543 b,CONFIRMED,6.96704926,0.906,3.73,213.7,6.14,1774.0,2341.58,18.6,2,157.0,6303.0,3.595,0.28,3.53,1.786,297.1243,47.037022,13.487,1,confirmed
11415243,K04036.01,Kepler-1544 b,CONFIRMED,168.81133,0.083,6.582,614.4,1.69,241.0,0.8,15.3,1,9.0,4798.0,4.62,0.0,0.707,0.771,297.285,49.21246,14.061,1,confirmed
3548044,K02194.02,Kepler-371 c,CONFIRMED,67.968656,0.317,7.948,321.8,1.71,443.0,9.09,27.3,3,22.0,5670.0,4.387,-0.36,0.95,0.802,292.32645,38.657581,13.865,1,confirmed
8264402,K04037.01,,CANDIDATE,215.956008,0.959,10.425,392.7,3.36,361.0,4.03,23.3,1,7.0,6163.0,4.27,0.1,1.313,1.174,300.94568,44.164688,12.853,0,candidate
3129238,K07645.01,,CANDIDATE,2.00870696,0.194,4.87,53.5,0.55,1232.0,542.87,12.2,1,0.0,5341.0,4.526,-0.5,0.759,0.705,294.3035,38.203011,12.334,0,candidate
7907808,K04109.01,,CANDIDATE,0.655939788,0.301,1.318,73.0,1.48,2411.0,7986.43,18.7,1,2037.0,4968.0,3.924,0.21,1.755,0.944,297.08301,43.679951,14.511,0,candidate
11401767,K02195.02,Kepler-372 d,CONFIRMED,30.0899459,0.907,6.654,242.6,2.25,660.0,44.79,16.6,3,43.0,6056.0,4.332,0.16,1.209,1.147,291.2562,49.258949,14.881,1,confirmed
11709124,K00435.06,Kepler-154 f,CONFIRMED,9.91937693,0.163,4.326,186.7,1.32,838.0,116.43,18.8,6,127.0,5688.0,4.415,-0.12,0.971,0.895,289.78052,49.89653,14.534,1,confirmed
8613535,K02263.02,Kepler-1165 b,CONFIRMED,9.47850818,0.112,6.154,184.6,1.47,946.0,189.14,26.7,3,141.0,6249.0,4.428,-0.04,1.076,1.13,286.97128,44.708302,14.456,1,confirmed
3955817,K04117.01,Kepler-1553 b,CONFIRMED,4.24263096,0.201,2.582,187.6,1.1,926.0,174.24,15.9,1,319.0,5072.0,4.521,0.14,0.825,0.822,291.91916,39.02227,14.955,1,confirmed
10360722,K04051.01,Kepler-1545 b,CONFIRMED,163.692336,0.028,6.853,1138.0,2.75,274.0,1.34,21.0,1,6.0,4999.0,4.49,0.18,0.843,0.8,298.89877,47.463089,15.031,1,confirmed
9700449,K04120.01,,CANDIDATE,110.461746,0.036,12.46,331.2,1.93,420.0,7.34,15.8,1,12.0,6321.0,4.434,-0.16,1.058,1.108,287.03952,46.481701,15.092,0,candidate
6349881,K04121.01,Kepler-1554 b,CONFIRMED,198.088873,0.633,7.955,1027.7,3.24,288.0,1.63,18.0,1,7.0,5275.0,4.397,0.18,0.969,0.855,286.57617,41.741459,15.717,1,confirmed
6140059,K04123.01,,CANDIDATE,44.6226725,0.931,12.974,131.9,1.73,613.0,33.39,20.6,1,28.0,6198.0,4.252,-0.3,1.239,0.998,296.3566,41.455391,13.519,0,candidate
1718958,K04053.01,Kepler-1934 b,CONFIRMED,1.41975831,0.644,1.429,60.9,0.85,1700.0,1968.38,8.1,1,950.0,5925.0,4.394,-0.14,1.035,0.968,290.91934,37.28717,12.801,1,confirmed
6428794,K04054.01,Kepler-1701 b,CONFIRMED,169.135056,0.754,8.931,640.7,2.21,273.0,1.31,24.5,1,9.0,5171.0,4.545,0.0,0.801,0.82,286.60889,41.889339,14.566,1,confirmed
4673628,K04056.01,Kepler-1935 b,CONFIRMED,3.951383138,1.217,1.0582,405.7,23.51,1083.0,324.78,23.9,1,268.0,5570.0,4.458,-0.18,0.899,0.845,296.40375,39.722649,14.368,1,confirmed
11401767,K02195.03,Kepler-372 b,CONFIRMED,6.84978728,0.954,4.919,139.2,1.83,1081.0,322.19,17.0,3,182.0,6056.0,4.332,0.16,1.209,1.147,291.2562,49.258949,14.881,1,confirmed
3852872,K07673.01,,CANDIDATE,80.769893,0.158,4.2,128.5,1.87,475.0,12.07,6.7,1,16.0,4965.0,3.961,0.42,1.708,0.973,292.13876,38.94154,13.026,0,candidate
9718066,K02287.02,Kepler-378 c,CONFIRMED,28.9060526,0.863,3.099,99.0,0.79,414.0,6.94,13.3,2,48.0,4657.0,4.641,0.02,0.67,0.748,294.94858,46.438641,12.485,1,confirmed
9272070,K04126.01,Kepler-1555 b,CONFIRMED,8.10503551,0.353,4.459,209.9,1.45,959.0,199.74,16.5,1,172.0,6201.0,4.472,-0.2,0.989,1.058,287.63547,45.716061,15.353,1,confirmed
5088400,K04127.01,Kepler-1556 b,CONFIRMED,8.82715783,0.249,2.019,368.6,1.67,797.0,95.25,11.1,1,127.0,5550.0,4.539,0.12,0.878,0.972,288.397,40.213188,15.247,1,confirmed
9086154,K04060.01,,CANDIDATE,225.26213,0.349,14.459,389.2,2.36,329.0,2.77,24.6,1,7.0,5799.0,4.276,0.0,1.191,0.977,290.83389,45.43565,13.841,0,candidate
11970988,K04129.01,,CANDIDATE,2.31482311,0.067,2.127,58.6,0.69,1237.0,554.4,14.2,1,579.0,5240.0,4.428,0.12,0.923,0.833,295.52948,50.370399,13.506,0,candidate
6792908,K04341.01,,CANDIDATE,10.778313,0.591,5.256,90.7,1.25,1067.0,306.18,12.5,1,125.0,6726.0,4.262,-0.6,1.258,1.054,295.96259,42.200256,13.264,0,candidate
8087812,K04343.01,Kepler-1952 b,CONFIRMED,27.2106807,0.973,10.515,99.4,1.73,725.0,65.27,16.9,1,51.0,5973.0,4.171,-0.34,1.305,0.922,288.07648,43.958488,13.694,1,confirmed
10534155,K04345.01,,CANDIDATE,4.32710895,1.158,1.387,108.9,26.6,1397.0,900.23,12.9,1,310.0,5776.0,4.018,-0.66,1.455,0.804,291.50122,47.74773,13.404,0,candidate
10397751,K02859.04,,CANDIDATE,2.90512019,0.417,2.293,61.2,0.57,1075.0,314.96,13.2,5,381.0,5374.0,4.555,-0.68,0.721,0.68,288.83136,47.551991,13.851,0,candidate
5308537,K04409.01,Kepler-1955 b,CONFIRMED,14.2651545,0.353,3.601,66.3,1.06,853.0,125.45,13.9,1,95.0,5825.0,4.237,0.14,1.291,1.049,299.53479,40.477779,12.515,1,confirmed
6350882,K04410.01,,CANDIDATE,5.04404366,0.08,1.682,236.5,1.47,1078.0,318.92,11.6,1,257.0,6039.0,4.493,-0.14,0.951,1.027,287.04236,41.752209,15.744,0,candidate
5281113,K04411.01,Kepler-1602 b,CONFIRMED,11.17931581,0.381,3.103,90.6,1.81,1159.0,426.61,12.0,1,95.0,6292.0,4.014,-0.08,1.873,1.324,293.58087,40.427471,13.352,1,confirmed
3450040,K04205.01,,CANDIDATE,1.166960319,0.033,1.6823,97.8,0.88,1596.0,1534.29,17.9,1,1152.0,5632.0,4.537,0.21,0.904,1.026,293.05408,38.54179,14.391,0,candidate
9456281,K04207.01,,CANDIDATE,0.701944362,0.07,0.641,210.8,0.8,1227.0,535.78,17.1,1,1906.0,4236.0,4.698,-0.68,0.539,0.528,287.80502,46.00116,15.397,0,candidate
5129453,K04208.01,,CANDIDATE,3.05772668,0.007,1.819,311.0,1.23,878.0,141.1,13.7,1,422.0,4483.0,4.57,0.26,0.731,0.723,298.98502,40.203709,15.745,0,candidate
7918478,K04209.01,,CANDIDATE,9.9092109,0.755,2.552,942.0,2.35,693.0,54.54,6.4,1,115.0,5396.0,4.632,-0.48,0.702,0.784,299.66617,43.619469,15.96,0,candidate
6026924,K04276.01,Kepler-1580 b,CONFIRMED,56.644452,0.579,16.551,104.6,2.44,733.0,68.37,21.8,1,19.0,6237.0,3.862,0.12,2.295,1.399,285.96872,41.363564,12.561,1,confirmed
9509343,K04346.01,,CANDIDATE,6.39269778,0.011,2.138,174.3,1.21,890.0,148.31,11.3,1,209.0,5248.0,4.416,0.16,0.943,0.844,282.76062,46.177841,14.93,0,candidate
3244792,K04347.01,Kepler-1592 b,CONFIRMED,3.0570982,0.104,3.571,144.0,0.99,1202.0,493.09,15.7,1,350.0,6021.0,4.57,-0.5,0.819,0.922,293.85065,38.397751,14.803,1,confirmed
7673841,K02585.03,,CANDIDATE,7.87845756,0.562,3.912,44.1,0.78,989.0,226.11,10.5,3,163.0,5767.0,4.287,-0.14,1.135,0.91,288.66077,43.36808,13.455,0,candidate
1724719,K04212.01,Kepler-1569 b,CONFIRMED,5.79179934,0.896,3.474,118.5,1.69,1222.0,528.14,17.7,2,233.0,6174.0,4.244,0.02,1.318,1.109,292.20471,37.221218,13.96,1,confirmed
8120608,K00571.05,Kepler-186 f,CONFIRMED,129.945392,0.909,5.786,500.1,1.18,177.0,0.23,13.1,5,8.0,3751.0,4.8,-0.34,0.443,0.452,298.65271,43.955021,14.625,1,confirmed
11968463,K02433.04,,CANDIDATE,27.9040511,0.854,5.346,300.2,2.19,677.0,49.53,12.8,7,36.0,6325.0,4.409,-0.04,1.112,1.157,294.33847,50.33654,15.212,0,candidate
5436161,K04351.01,,CANDIDATE,0.644322147,1.3275,0.893,1076.6,24.39,1592.0,1516.94,79.6,1,,5136.0,4.648,-1.04,0.612,0.608,287.75916,40.65704,14.999,0,candidate
4571844,K04353.01,,CANDIDATE,17.8075656,0.474,1.643,1511.0,3.92,742.0,71.56,11.8,1,9.0,6194.0,4.45,-0.32,0.981,0.988,294.42126,39.628471,15.574,0,candidate
2859893,K04418.01,,CANDIDATE,333.03842,0.2184,5.948,1260.0,3.19,247.0,0.89,7.0,1,,5743.0,4.534,0.07,0.903,1.018,293.01489,38.012402,15.954,0,candidate
6026737,K02949.02,,CANDIDATE,3.75030469,0.77,3.246,35.5,0.87,1374.0,842.07,10.3,2,255.0,5866.0,4.191,0.0,1.339,1.016,285.87579,41.332432,13.313,0,candidate
7582691,K04419.01,,CANDIDATE,0.259819659,0.972,0.6513,231.5,1.22,1559.0,1410.9,24.1,1,2180.0,3939.0,4.736,-0.2,0.526,0.55,281.11646,43.28244,15.174,0,candidate
9836563,K04421.01,,CANDIDATE,4.72693131,0.065,4.036,26.2,0.61,1203.0,495.58,11.5,2,283.0,5950.0,4.323,0.14,1.196,1.1,294.12488,46.67289,12.788,0,candidate
1724719,K04212.02,,CANDIDATE,10.0989634,0.529,6.428,57.0,1.03,1016.0,251.36,8.9,2,122.0,6174.0,4.244,0.02,1.318,1.109,292.20471,37.221218,13.96,0,candidate
9366617,K04215.01,Kepler-1570 b,CONFIRMED,26.5487294,0.21,7.968,142.0,2.54,836.0,115.61,15.3,1,52.0,5456.0,3.802,-0.24,2.154,1.074,299.86182,45.827351,13.961,1,confirmed
11081504,K04287.01,,CANDIDATE,13.12297275,0.885,2.234,43.7,1.29,1030.0,266.05,12.9,2,104.0,6134.0,4.065,0.02,1.665,1.173,290.45831,48.661369,11.265,0,candidate
4548011,K04288.01,Kepler-1581 b,CONFIRMED,6.28384079,0.101,4.291,35.7,0.73,1108.0,356.49,14.9,4,208.0,5888.0,4.275,0.06,1.227,1.036,287.37125,39.603569,12.4,1,confirmed
12016267,K02590.02,,CANDIDATE,22.7909233,0.871,9.565,53.6,1.38,862.0,130.75,19.4,2,62.0,6311.0,4.116,0.02,1.642,1.286,293.50702,50.450119,11.638,0,candidate
8459663,K04356.01,Kepler-1593 b,CONFIRMED,174.510276,0.024,6.689,1530.0,1.74,186.0,0.28,14.8,1,7.0,4367.0,4.822,-1.46,0.452,0.496,300.48816,44.46067,15.873,1,confirmed
3550372,K04357.01,,CANDIDATE,0.681180633,0.31,0.8844,156.4,2.97,2782.0,14116.16,16.6,1,1962.0,4939.0,3.635,-0.18,2.377,0.889,292.90771,38.68309,15.069,0,candidate
7046035,K04424.01,Kepler-1603 b,CONFIRMED,2.27164952,0.01,4.054,82.4,0.97,1522.0,1269.46,12.7,1,589.0,6274.0,4.434,-0.1,1.062,1.115,295.32983,42.534962,15.332,1,confirmed
8240790,K04426.01,,CANDIDATE,369.13236,0.0824,10.34,215.9,2.14,328.0,2.73,11.9,1,,6282.0,4.151,-0.22,1.449,1.084,294.45038,44.166779,13.665,0,candidate
4548011,K04288.02,,CANDIDATE,9.08745206,0.341,3.786,35.1,0.73,980.0,217.95,11.7,4,138.0,5888.0,4.275,0.06,1.227,1.036,287.37125,39.603569,12.4,0,candidate
8463346,K02529.02,Kepler-436 b,CONFIRMED,64.0019669,0.701,4.724,1112.5,2.48,322.0,2.55,14.2,2,22.0,4652.0,4.617,0.02,0.697,0.734,301.72076,44.41206,15.856,1,confirmed
5868793,K04290.01,Kepler-1582 b,CONFIRMED,4.83809469,0.014,1.096,1544.0,0.79,354.0,3.7,11.3,1,70.0,3187.0,5.091,0.1,0.2,0.18,289.37668,41.158672,17.058,1,confirmed
10063208,K04292.01,Kepler-1583 b,CONFIRMED,9.3281912,0.044,3.991,45.2,0.59,788.0,91.02,13.7,1,149.0,5525.0,4.514,0.08,0.888,0.939,286.38693,47.016628,12.897,1,confirmed
7191646,K04358.01,,CANDIDATE,106.957467,0.705,7.006,539.6,2.4,394.0,5.7,11.7,1,12.0,6075.0,4.486,-0.12,0.969,1.048,289.08313,42.70414,15.716,0,candidate
10669994,K04360.01,Kepler-1594 b,CONFIRMED,2.71603664,0.44,1.744,98.5,1.05,1360.0,807.43,13.1,1,494.0,6011.0,4.452,0.14,1.041,1.119,293.62308,47.96191,14.801,1,confirmed
7801070,K04361.01,,CANDIDATE,75.8781344,0.705,1.383,1054.0,3.39,417.0,7.18,11.9,1,17.0,5579.0,4.413,-0.02,0.972,0.893,282.16364,43.510132,15.183,0,candidate
4172805,K04427.01,,CANDIDATE,147.661729,0.002,6.207,1087.8,1.59,176.0,0.23,13.2,1,7.0,3788.0,4.774,-0.1,0.49,0.52,295.11722,39.27409,15.645,0,candidate
5126182,K04428.01,,CANDIDATE,13.00291716,0.701,3.058,225.3,1.28,710.0,60.11,14.0,1,109.0,5796.0,4.575,-0.4,0.8,0.882,298.2934,40.239632,14.634,0,candidate
8949925,K02972.02,,CANDIDATE,42.0292298,0.015,8.499,373.7,2.33,578.0,26.46,14.5,2,23.0,5850.0,4.297,0.16,1.217,1.072,290.73447,45.297791,15.085,0,candidate
9642018,K04430.01,,CANDIDATE,0.505111993,0.841,0.4053,212.8,1.58,1886.0,2970.58,18.7,1,2642.0,5262.0,4.59,-0.02,0.783,0.875,288.59683,46.326038,15.544,0,candidate
9183378,K04222.01,Kepler-1571 b,CONFIRMED,3.38557445,0.129,1.879,121.9,1.63,1476.0,1122.9,13.1,1,396.0,5718.0,4.069,-0.18,1.48,0.936,300.93539,45.596539,13.767,1,confirmed
7596240,K04295.01,Kepler-1584 b,CONFIRMED,13.3997555,0.375,3.534,167.3,1.51,886.0,145.65,13.6,1,99.0,6401.0,4.389,-0.04,1.15,1.183,287.7627,43.274429,14.924,1,confirmed
7661893,K04296.01,,CANDIDATE,2.49385348,0.331,1.414,46.9,0.59,1251.0,579.64,12.3,1,538.0,5615.0,4.477,-0.4,0.85,0.79,282.63617,43.3661,13.03,0,candidate
9776794,K04363.01,,CANDIDATE,18.22211768,0.973,2.044,2318.0,7.45,620.0,34.99,15.2,1,19.0,5162.0,4.411,0.32,0.958,0.862,294.36514,46.501759,16.084,0,candidate
7427764,K04364.01,Kepler-1595 b,CONFIRMED,4.56383697,0.365,2.271,201.8,1.22,980.0,218.18,9.9,1,288.0,5408.0,4.496,-0.06,0.861,0.848,285.72272,43.00948,15.448,1,confirmed
7673192,K02722.05,,CANDIDATE,16.5340022,0.525,4.063,89.2,1.17,819.0,106.21,9.3,5,73.0,6052.0,4.285,-0.12,1.202,1.015,288.37024,43.35461,13.268,0,candidate
8416523,K04441.01,Kepler-1604 b,CONFIRMED,0.341842017,0.957,1.1554,285.6,1.72,2023.0,3991.16,70.1,1,1956.0,5016.0,4.601,0.02,0.747,0.817,285.41061,44.412209,14.915,1,confirmed
11124436,K04442.01,,CANDIDATE,13.9482197,0.197,7.686,119.4,2.53,1063.0,301.8,14.5,1,76.0,5529.0,3.808,0.14,2.346,1.291,284.35312,48.740211,14.305,0,candidate
5780855,K04443.01,,CANDIDATE,5.67577999,0.91,3.554,51.2,1.22,1357.0,802.11,11.2,1,238.0,6681.0,4.233,-0.08,1.438,1.294,288.56729,41.09013,13.802,0,candidate
9491832,K04226.01,,CANDIDATE,49.564693,0.685,8.54,113.5,1.63,588.0,28.19,15.0,1,27.0,5907.0,4.212,0.46,1.442,1.234,300.56241,46.037819,12.83,0,candidate
9872831,K04230.01,Kepler-1572 b,CONFIRMED,5.49548533,0.202,2.461,85.8,1.3,1293.0,661.04,14.2,1,243.0,6157.0,4.159,-0.26,1.392,1.02,281.89731,46.722664,13.95,1,confirmed
2852941,K04298.01,,CANDIDATE,2.89494709,0.191,3.254,45.8,1.16,1919.0,3204.25,14.3,2,463.0,7087.0,4.137,-0.18,1.684,1.418,291.54343,38.048759,13.458,0,candidate
12306058,K02541.02,Kepler-391 c,CONFIRMED,20.4853893,0.834,10.229,89.5,3.6,1015.0,251.16,17.9,2,56.0,4938.0,3.45,0.0,3.324,1.136,290.62183,51.057301,13.007,1,confirmed
8507475,K04300.01,Kepler-1585 b,CONFIRMED,3.58273837,0.143,1.523,360.5,1.64,1064.0,302.74,11.6,1,314.0,5448.0,4.517,0.07,0.872,0.912,296.159,44.56311,15.965,1,confirmed
8773015,K04301.01,Kepler-1586 b,CONFIRMED,15.604841,0.715,4.543,73.4,1.57,1013.0,248.62,15.3,2,86.0,6254.0,4.019,-0.26,1.706,1.11,298.20261,44.925831,13.096,1,confirmed
10647452,K04366.01,,CANDIDATE,0.762950224,0.197,1.133,187.3,1.0,1651.0,1763.73,15.8,1,1479.0,5385.0,4.61,-0.36,0.731,0.797,282.91397,47.970299,15.556,0,candidate
4773392,K04367.01,,CANDIDATE,170.995748,0.839,3.88,477.1,4.9,463.0,10.86,15.5,1,9.0,6127.0,3.991,0.21,1.983,1.405,298.03305,39.883179,13.985,0,candidate
9936080,K04431.01,,CANDIDATE,19.5650801,0.025,4.242,61.7,0.97,791.0,92.77,13.8,2,67.0,6180.0,4.294,0.02,1.235,1.09,283.72427,46.879112,12.674,0,candidate
11080405,K02442.02,Kepler-386 b,CONFIRMED,12.3101351,0.783,3.797,263.7,1.51,651.0,42.42,12.9,2,104.0,5009.0,4.491,0.16,0.84,0.797,289.85889,48.693851,15.629,1,confirmed
11509504,K04232.01,Kepler-1573 b,CONFIRMED,2.61576515,0.25,2.777,120.4,1.06,1379.0,851.6,15.1,1,515.0,6088.0,4.446,-0.4,0.958,0.934,292.98834,49.48497,15.18,1,confirmed
11611275,K04234.01,Kepler-1574 b,CONFIRMED,6.94245216,0.485,3.491,160.8,1.34,1003.0,239.39,14.7,1,192.0,6108.0,4.466,0.07,1.03,1.132,292.15866,49.63776,15.158,1,confirmed
6290935,K04302.01,,CANDIDATE,5.53312006,0.299,3.486,53.1,1.05,1303.0,680.77,13.4,1,240.0,6170.0,4.15,-0.22,1.425,1.047,293.68127,41.611969,13.591,0,candidate
12734396,K04303.01,,CANDIDATE,200.721168,0.234,9.91,822.5,3.32,327.0,2.72,13.1,1,6.0,5566.0,4.275,0.14,1.17,0.94,288.90952,51.930561,15.511,0,candidate
11612280,K04304.01,Kepler-1587 b,CONFIRMED,9.4061364,0.397,4.882,79.5,1.14,981.0,219.36,13.2,1,141.0,5855.0,4.24,0.04,1.268,1.02,292.67773,49.66391,14.09,1,confirmed
11444514,K04371.01,Kepler-1596 b,CONFIRMED,66.373298,0.021,8.559,415.0,1.99,471.0,11.59,13.7,1,17.0,6143.0,4.47,-0.22,0.976,1.027,285.5575,49.33007,15.37,1,confirmed
9886361,K02732.02,Kepler-403 d,CONFIRMED,13.61165024,0.112,7.617,95.5,1.46,958.0,198.73,31.6,4,95.0,6170.0,4.192,0.24,1.499,1.282,289.92145,46.74456,12.805,1,confirmed
9702006,K04372.01,Kepler-1953 b,CONFIRMED,6.24564633,0.594,2.459,212.0,1.06,731.0,67.62,11.9,1,211.0,4858.0,4.622,-0.02,0.707,0.786,287.96814,46.470612,15.485,1,confirmed
8278685,K04435.01,,CANDIDATE,10.8614163,0.939,6.02,64.8,1.01,899.0,154.68,12.9,2,124.0,6339.0,4.454,-0.28,1.017,1.069,281.95569,44.261532,13.517,0,candidate
6103377,K03004.02,,CANDIDATE,7.03965141,0.778,3.141,268.7,2.72,1171.0,445.49,9.8,2,46.0,5902.0,4.128,0.16,1.513,1.12,283.94244,41.4716,14.935,0,candidate
3660581,K07662.01,,CANDIDATE,4.72519164,0.6,3.751,98.8,3.98,2250.0,6060.79,10.0,1,228.0,6655.0,3.49,-0.48,3.831,1.653,295.1442,38.799831,12.358,0,candidate
10794974,K04235.01,,CANDIDATE,66.6434565,0.985,2.385,277.3,2.99,476.0,12.17,14.8,1,21.0,5751.0,4.339,0.32,1.164,1.079,290.9227,48.180328,13.224,0,candidate
3558849,K04307.01,,CANDIDATE,160.850075,0.769,9.427,428.1,3.41,413.0,6.87,16.1,1,7.0,5999.0,4.168,0.18,1.507,1.225,294.94983,38.60519,14.218,0,candidate
6587002,K00612.03,Kepler-196 d,CONFIRMED,122.0804953,0.957,4.054,799.9,2.92,297.0,1.83,23.3,3,7.0,5132.0,4.571,-0.06,0.77,0.805,284.96851,42.079201,14.157,1,confirmed
5175024,K02563.02,,CANDIDATE,6.2614227,0.069,4.779,51.4,0.81,1146.0,407.58,10.6,2,217.0,6384.0,4.361,-0.24,1.121,1.046,288.09564,40.365971,13.973,0,candidate
10991114,K04374.01,,CANDIDATE,3.70386741,0.033,1.41,125.7,0.86,1012.0,247.2,13.1,1,287.0,5496.0,4.592,-0.24,0.776,0.869,298.18341,48.44381,14.108,0,candidate
4945764,K04377.01,,CANDIDATE,19.8751355,0.919,8.041,109.0,2.49,1061.0,299.47,15.2,1,68.0,6918.0,4.021,0.0,2.004,1.536,297.16089,40.042858,13.543,0,candidate
11718389,K04444.01,Kepler-1956 b,CONFIRMED,5.94373492,0.197,1.847,301.0,1.14,674.0,48.82,13.2,1,226.0,4391.0,4.598,0.04,0.682,0.671,294.62097,49.89415,15.583,1,confirmed
10329196,K04446.01,Kepler-1605 b,CONFIRMED,85.7567919,0.713,5.695,159.1,2.99,528.0,18.44,16.9,1,16.0,5037.0,3.783,0.08,2.213,1.083,287.13489,47.488621,12.429,1,confirmed
10604592,K04447.01,Kepler-1957 b,CONFIRMED,2.18660188,0.828,1.585,122.3,0.98,1099.0,345.07,14.2,1,611.0,4904.0,4.535,0.0,0.772,0.745,293.71136,47.887539,14.793,1,confirmed
9834731,K03043.02,,CANDIDATE,7.2929891,0.022,4.053,72.5,0.73,904.0,158.19,7.1,2,,5959.0,4.549,-0.32,0.856,0.945,293.43079,46.692089,14.829,0,candidate
9285568,K04241.01,Kepler-1575 b,CONFIRMED,2.55315031,0.32,1.849,185.3,1.25,1312.0,699.7,15.4,1,448.0,5970.0,4.521,-0.18,0.908,0.996,293.74326,45.761589,15.424,1,confirmed
7604328,K02458.02,Kepler-1245 c,CONFIRMED,2.936587946,0.863,1.8952,279.6,1.77,1190.0,473.18,20.1,2,455.0,5455.0,4.421,-0.2,0.909,0.795,290.74432,43.26078,15.404,1,confirmed
9514372,K04242.01,,CANDIDATE,145.786556,0.133,4.891,378.0,1.82,331.0,2.84,13.9,1,10.0,5578.0,4.44,0.0,0.95,0.905,285.66006,46.143471,14.41,0,candidate
7103919,K04310.01,Kepler-1950 b,CONFIRMED,10.7769944,0.069,2.616,185.6,1.15,752.0,75.83,11.3,1,122.0,5455.0,4.457,-0.34,0.852,0.759,287.08749,42.668671,14.587,1,confirmed
3762750,K07668.01,,CANDIDATE,2.5093344,0.019,1.833,184.3,1.47,1483.0,1143.04,8.4,1,409.0,6278.0,4.425,-0.06,1.081,1.132,295.37204,38.897739,15.588,0,candidate
10722485,K04312.01,Kepler-1588 b,CONFIRMED,7.84931877,0.107,3.747,68.2,0.81,925.0,172.98,12.6,1,174.0,5678.0,4.365,-0.28,0.99,0.828,288.2327,48.002178,13.858,1,confirmed
9886361,K02732.04,,CANDIDATE,24.5607107,0.374,8.679,55.2,1.13,787.0,90.55,14.9,4,26.0,6170.0,4.192,0.24,1.499,1.282,289.92145,46.74456,12.805,0,candidate
6937529,K04382.01,Kepler-1597 b,CONFIRMED,2.94648935,0.01,3.155,57.0,0.89,1497.0,1187.5,12.7,2,455.0,6481.0,4.378,-0.08,1.171,1.194,288.16397,42.481079,14.144,1,confirmed
12737015,K04245.01,,CANDIDATE,24.6683831,0.751,8.556,109.2,1.76,788.0,91.32,15.3,1,53.0,6059.0,4.151,0.16,1.554,1.249,290.48007,51.965012,13.572,0,candidate
5177859,K04246.01,Kepler-1576 b,CONFIRMED,6.98472143,0.451,2.724,90.7,1.19,1059.0,297.15,11.7,2,196.0,5839.0,4.279,0.12,1.227,1.044,289.07397,40.366009,13.382,1,confirmed
8482059,K04247.01,,CANDIDATE,349.41047,0.2791,15.02,652.8,2.41,253.0,0.97,17.7,1,,5878.0,4.512,0.07,0.945,1.058,285.85315,44.57222,15.346,0,candidate
9286088,K04318.01,,CANDIDATE,14.8162925,0.857,4.973,108.2,1.57,912.0,163.33,12.5,1,89.0,6356.0,4.27,0.0,1.325,1.191,293.93832,45.719021,12.583,0,candidate
6937529,K04382.02,,CANDIDATE,3.98167088,0.2076,3.609,44.7,0.79,1356.0,798.79,10.3,2,,6484.0,4.377,-0.08,1.173,1.195,288.16397,42.481079,14.144,0,candidate
9883606,K04383.01,Kepler-1598 b,CONFIRMED,4.34195312,0.118,2.598,73.3,0.94,1236.0,552.7,10.6,2,304.0,6164.0,4.378,-0.12,1.09,1.032,288.46909,46.78368,13.874,1,confirmed
5860968,K04384.01,Kepler-1599 b,CONFIRMED,122.358116,0.255,10.768,352.8,2.15,407.0,6.46,12.2,1,8.0,5998.0,4.324,-0.12,1.139,0.998,286.22089,41.151249,14.945,1,confirmed
3645438,K04385.01,Kepler-1600 c,CONFIRMED,7.298142,0.411,3.024,370.5,1.6,786.0,90.04,13.6,3,155.0,5119.0,4.508,0.1,0.834,0.818,291.39938,38.78775,15.825,1,confirmed
8480582,K04386.01,Kepler-1702 b,CONFIRMED,18.5010898,0.719,3.179,421.1,1.62,555.0,22.4,14.7,1,74.0,5242.0,4.613,-0.24,0.734,0.815,284.9725,44.567551,15.789,1,confirmed
5197233,K04178.01,,CANDIDATE,7.016016,0.89,3.8,169.0,1.72,1138.0,396.43,6.3,1,153.0,6642.0,4.39,-0.3,1.136,1.157,294.63516,40.322128,14.404,0,candidate
7119481,K00566.03,,CANDIDATE,42.068554,0.022,5.723,186.3,1.32,541.0,20.28,9.8,3,23.0,6122.0,4.487,-0.18,0.964,1.041,292.31601,42.626251,14.718,0,candidate
8741470,K04251.01,,CANDIDATE,6.23968392,0.679,0.668,155.9,1.55,1060.0,299.03,9.0,1,215.0,5751.0,4.303,0.0,1.143,0.956,286.35339,44.961182,13.795,0,candidate
11125613,K02485.02,Kepler-1254 c,CONFIRMED,3.60082855,0.395,1.938,296.3,1.36,927.0,174.45,17.9,3,296.0,4838.0,4.524,0.18,0.796,0.771,285.17334,48.770039,15.311,1,confirmed
10525049,K04252.01,Kepler-1948 b,CONFIRMED,15.5714121,0.312,2.294,173.5,0.72,399.0,5.98,13.0,1,82.0,3872.0,4.714,0.12,0.557,0.585,287.36404,47.78521,13.977,1,confirmed
9896018,K02579.02,Kepler-1859 c,CONFIRMED,3.59645081,0.781,2.661,149.6,1.66,1327.0,732.82,16.2,3,335.0,5887.0,4.292,0.16,1.235,1.09,293.98871,46.718021,15.147,1,confirmed
5095082,K04320.01,Kepler-1951 b,CONFIRMED,20.6579443,0.188,8.798,98.2,1.27,728.0,66.27,14.1,1,66.0,5468.0,4.171,0.14,1.306,0.923,290.49988,40.287689,14.216,1,confirmed
2997459,K04389.01,,CANDIDATE,16.3368863,0.066,3.597,225.9,1.27,642.0,40.22,12.1,1,81.0,5410.0,4.49,-0.1,0.859,0.834,293.13098,38.159679,15.05,0,candidate
8330207,K04390.01,,CANDIDATE,1.63668262,1.22,1.907,921.7,103.99,2562.0,10160.3,12.9,1,164.0,5234.0,3.436,-0.36,3.739,1.39,300.92484,44.24968,16.494,0,candidate
5881813,K02744.02,,CANDIDATE,11.615625,0.977,2.233,191.2,2.84,905.0,158.69,8.8,2,112.0,5332.0,4.083,0.18,1.453,0.932,293.52756,41.111439,15.162,0,candidate
11560897,K02365.02,Kepler-430 c,CONFIRMED,110.978266,0.074,11.312,150.2,1.86,463.0,10.84,14.0,2,13.0,5883.0,4.149,0.2,1.529,1.205,292.80865,49.579441,13.848,1,confirmed
6752002,K04184.01,Kepler-1945 b,CONFIRMED,6.08003714,0.254,1.308,184.0,1.07,808.0,100.72,17.7,1,219.0,4991.0,4.513,0.04,0.804,0.767,281.89813,42.28587,13.473,1,confirmed
7257966,K04185.01,Kepler-1946 b,CONFIRMED,3.035206175,0.965,0.6182,696.9,3.59,1143.0,403.53,19.1,1,438.0,5505.0,4.503,-0.04,0.873,0.887,282.33563,42.84544,15.556,1,confirmed
9202434,K04253.01,,CANDIDATE,173.2578372,1.9038,2.027,687.0,117.29,376.0,4.73,13.5,1,8.0,6392.0,4.399,0.07,1.162,1.232,283.72552,45.676849,14.201,0,candidate
10407482,K04255.01,Kepler-1577 b,CONFIRMED,6.30558387,0.601,2.619,193.1,2.52,1125.0,378.9,9.5,1,185.0,4934.0,3.927,0.28,1.756,0.952,292.95526,47.573101,15.056,1,confirmed
7901016,K04257.01,,CANDIDATE,41.6757509,0.256,10.848,142.0,2.1,690.0,53.72,22.6,1,33.0,5745.0,3.957,-0.16,1.763,1.027,295.1333,43.631432,13.34,0,candidate
5385410,K04323.01,,CANDIDATE,11.49589567,0.295,2.256,108.3,1.59,1057.0,295.46,13.2,2,118.0,6290.0,4.133,-0.14,1.506,1.123,297.58194,40.5313,13.582,0,candidate
7749002,K04325.01,,CANDIDATE,0.609926502,0.24,1.2529,133.8,1.12,2141.0,4990.14,15.3,1,2128.0,5936.0,4.501,0.07,0.965,1.075,290.39172,43.440338,15.682,0,candidate
5371777,K04327.01,Kepler-1589 b,CONFIRMED,0.991659646,0.765,2.215,77.3,1.19,2102.0,4614.18,13.5,1,1078.0,6117.0,4.315,0.14,1.244,1.17,294.4418,40.571678,14.978,1,confirmed
3848083,K07670.01,,CANDIDATE,8.4795266,0.136,6.052,163.3,1.18,865.0,132.02,8.0,1,135.0,5841.0,4.52,0.07,0.931,1.047,290.81589,38.970921,15.994,0,candidate
6359926,K04391.01,,CANDIDATE,49.4746966,0.491,10.46,291.0,1.62,498.0,14.5,17.2,1,28.0,5952.0,4.475,-0.28,0.928,0.94,290.39505,41.78157,14.955,0,candidate
8324518,K04393.01,,CANDIDATE,1.62888267,0.147,1.72,130.9,0.92,1327.0,733.67,12.5,1,826.0,5398.0,4.571,-0.02,0.811,0.896,299.27658,44.291981,15.295,0,candidate
3103473,K04395.01,,CANDIDATE,1.920062587,0.387,1.437,226.8,1.12,1189.0,471.84,12.6,1,702.0,5266.0,4.611,-0.22,0.741,0.83,287.84,38.255489,15.686,0,candidate
6879171,K04188.01,Kepler-1947 b,CONFIRMED,6.96352699,0.09,3.192,68.1,1.4,1298.0,669.78,17.4,1,194.0,6040.0,3.978,-0.44,1.686,0.984,296.10406,42.34259,13.128,1,confirmed
9897364,K04189.01,Kepler-1562 b,CONFIRMED,64.2729088,0.908,12.136,1213.9,5.38,554.0,22.31,27.4,1,6.0,6341.0,4.278,-0.04,1.299,1.165,294.45569,46.743561,15.589,1,confirmed
12505503,K04190.01,Kepler-1563 b,CONFIRMED,3.4327371,0.703,4.001,63.2,0.75,1134.0,390.57,15.3,1,396.0,5757.0,4.536,-0.06,0.881,0.974,288.57358,51.472752,13.583,1,confirmed
5785279,K04259.01,,CANDIDATE,0.909127736,0.098,1.431,98.7,0.98,1818.0,2566.87,13.9,1,1463.0,5486.0,4.389,0.06,0.996,0.885,290.01245,41.089989,15.195,0,candidate
10526887,K04261.01,Kepler-1578 b,CONFIRMED,1.450889836,0.333,1.753,135.7,1.21,1700.0,1970.75,15.7,1,919.0,6046.0,4.423,-0.14,1.023,1.011,288.302,47.775551,15.369,1,confirmed
11125613,K02485.03,Kepler-1254 d,CONFIRMED,5.72716067,0.447,2.23,310.9,1.4,794.0,93.96,16.0,3,171.0,4838.0,4.524,0.18,0.796,0.771,285.17334,48.770039,15.311,1,confirmed
9896018,K02579.03,,CANDIDATE,10.30148508,0.445,3.903,162.7,1.6,934.0,180.14,12.6,3,112.0,5887.0,4.292,0.16,1.235,1.09,293.98871,46.718021,15.147,0,candidate
12456063,K04329.01,,CANDIDATE,17.8007815,0.928,6.547,44.5,1.02,816.0,105.04,14.2,1,74.0,6240.0,4.326,0.14,1.252,1.214,289.01178,51.376019,12.018,0,candidate
5096053,K04331.01,,CANDIDATE,1.717859841,0.35,0.908,66.3,1.45,2212.0,5645.85,9.5,1,782.0,6694.0,4.084,-0.22,1.732,1.333,290.81366,40.254875,13.228,0,candidate
5802637,K04398.01,,CANDIDATE,7.3422467,0.253,2.029,366.8,1.6,837.0,115.93,11.8,1,118.0,5573.0,4.562,-0.04,0.839,0.939,295.21127,41.086971,15.486,0,candidate
5531694,K00647.02,,CANDIDATE,8.1134681,0.454,4.961,40.5,0.92,1127.0,381.27,10.5,2,150.0,6011.0,4.123,-0.3,1.409,0.963,291.19507,40.702702,13.55,0,candidate
8733898,K02842.03,Kepler-446 c,CONFIRMED,3.036208739,0.111,0.9324,1820.5,1.4,520.0,17.31,26.0,3,154.0,3464.0,4.923,-0.14,0.328,0.328,282.25021,44.921108,16.257,1,confirmed
9828127,K04192.01,Kepler-1564 b,CONFIRMED,18.0541469,0.175,4.587,283.1,1.51,635.0,38.57,19.3,2,72.0,5505.0,4.501,0.16,0.909,0.955,290.58612,46.642689,15.004,1,confirmed
7107802,K02420.02,,CANDIDATE,5.4675514,0.27,3.283,87.2,1.07,1078.0,319.36,10.4,2,236.0,5557.0,4.288,0.14,1.151,0.936,288.58835,42.605659,14.746,0,candidate
5644412,K04194.01,Kepler-1565 b,CONFIRMED,1.538185321,0.7,1.683,277.2,1.29,1234.0,547.92,15.2,1,740.0,5107.0,4.615,-0.2,0.723,0.794,297.95297,40.806808,15.329,1,confirmed
12509829,K04264.01,,CANDIDATE,0.888478095,0.452,1.5312,340.4,1.51,1665.0,1825.96,24.6,1,1505.0,5553.0,4.577,-0.16,0.806,0.903,291.06168,51.404781,15.85,0,candidate
2576962,K04333.01,,CANDIDATE,309.25581,0.2875,10.72,421.4,2.18,287.0,1.61,9.9,1,,6060.0,4.419,0.0,1.057,1.067,291.7005,37.843731,14.205,0,candidate
10140274,K04334.01,,CANDIDATE,2.44232399,0.303,1.921,229.0,1.1,1029.0,264.82,14.1,1,543.0,4849.0,4.561,-0.08,0.738,0.723,291.51819,47.139301,15.849,0,candidate
10730070,K04335.01,Kepler-1590 b,CONFIRMED,7.61758198,0.234,3.545,85.4,1.0,1020.0,255.32,13.4,1,176.0,6202.0,4.401,-0.12,1.072,1.05,291.40781,48.017891,14.11,1,confirmed
8345384,K04399.01,,CANDIDATE,42.1003351,0.88,1.0834,214.0,1.42,466.0,11.17,13.9,1,33.0,5595.0,4.57,-0.14,0.82,0.917,282.12888,44.303162,11.965,0,candidate
2831055,K04400.01,Kepler-1601 b,CONFIRMED,2.20923119,0.11,2.392,59.8,0.84,1507.0,1217.79,14.3,1,602.0,5991.0,4.375,-0.02,1.092,1.032,285.51294,38.079739,13.764,1,confirmed
7703882,K04403.01,Kepler-1954 b,CONFIRMED,5.88350251,0.362,2.556,217.7,1.27,949.0,192.09,11.9,1,227.0,5840.0,4.553,-0.24,0.849,0.942,298.00293,43.35461,15.741,1,confirmed
9072639,K04198.01,,CANDIDATE,1.182862515,0.284,2.928,22.3,1.26,2800.0,14544.87,16.5,1,1132.0,6017.0,3.699,-0.38,2.639,1.269,283.85291,45.48526,12.638,0,candidate
5340878,K04199.01,Kepler-1566 b,CONFIRMED,0.539915033,0.291,1.1466,97.0,0.82,1871.0,2901.68,17.6,1,1914.0,5102.0,4.502,0.1,0.837,0.811,283.58762,40.574928,14.311,1,confirmed
7450747,K04267.01,Kepler-1949 b,CONFIRMED,2.20829637,0.205,2.841,87.9,1.36,1709.0,2016.25,12.0,1,605.0,6028.0,4.189,0.14,1.454,1.194,293.5423,43.0261,15.201,1,confirmed
7826620,K04268.01,Kepler-1579 b,CONFIRMED,0.849906734,0.64,1.141,124.3,0.59,1139.0,396.64,12.0,1,1578.0,4296.0,4.733,-1.0,0.505,0.503,293.28802,43.514992,15.22,1,confirmed
8890924,K04269.01,Kepler-1993 b,CONFIRMED,26.6565737,0.686,4.954,163.4,4.15,903.0,157.45,18.8,2,53.0,5159.0,3.604,-0.04,3.062,1.373,293.79684,45.160728,13.263,1,confirmed
8890924,K04269.02,,CANDIDATE,4.4408541,0.005,8.083,33.9,1.74,1642.0,1719.2,12.0,2,302.0,5159.0,3.604,-0.04,3.062,1.373,293.79684,45.160728,13.263,0,candidate
8573193,K04337.01,Kepler-1591 b,CONFIRMED,8.18504859,0.601,4.673,97.6,0.93,892.0,149.41,12.5,1,164.0,5984.0,4.521,-0.2,0.906,0.993,296.51666,44.608608,14.686,1,confirmed
7673841,K02585.02,Kepler-392 c,CONFIRMED,10.42317343,0.811,2.341,71.2,1.07,901.0,155.7,11.2,3,123.0,5767.0,4.287,-0.14,1.135,0.91,288.66077,43.36808,13.455,1,confirmed
4054784,K07679.01,,CANDIDATE,1.8679943,0.173,1.087,73.4,0.7,1291.0,658.77,10.0,1,717.0,5487.0,4.568,-0.08,0.815,0.899,290.88486,39.115921,14.185,0,candidate
10745365,K04405.01,,CANDIDATE,8.9172863,0.062,4.468,196.3,1.39,931.0,177.84,7.2,1,117.0,6210.0,4.467,-0.24,0.986,1.035,296.896,48.04726,14.671,0,candidate
8396660,K04407.01,,CANDIDATE,1.33807075,0.003,1.425,20.2,0.6,2008.0,3844.97,8.5,1,995.0,6355.0,4.299,0.16,1.319,1.269,301.15656,44.379532,11.179,0,candidate
5084171,K04202.01,Kepler-1567 b,CONFIRMED,153.979362,0.036,9.028,792.5,2.53,330.0,2.82,16.1,1,9.0,5858.0,4.502,-0.2,0.903,0.944,286.69522,40.291809,15.672,1,confirmed
11968463,K02433.03,Kepler-385 d,CONFIRMED,56.4148314,0.908,8.075,480.1,2.9,535.0,19.37,16.4,7,18.0,6325.0,4.409,-0.04,1.112,1.157,294.33847,50.33654,15.212,1,confirmed
10593535,K04204.01,Kepler-1568 b,CONFIRMED,20.9254083,0.201,6.783,109.0,1.26,729.0,66.95,15.5,1,64.0,5821.0,4.283,0.1,1.21,1.025,289.18265,47.873379,13.966,1,confirmed
5959719,K02498.02,Kepler-390 c,CONFIRMED,13.0600399,0.495,2.851,106.8,0.8,630.0,37.3,12.5,2,98.0,5168.0,4.566,-0.12,0.769,0.793,291.62878,41.208599,13.942,1,confirmed
9716028,K04273.01,,CANDIDATE,17.3731821,0.227,3.36,71.7,1.31,901.0,155.73,14.0,1,75.0,6180.0,4.155,0.07,1.54,1.237,294.20984,46.479969,12.677,0,candidate
6223324,K04274.01,,CANDIDATE,1.97507424,0.152,2.61,130.5,1.08,1477.0,1122.82,15.0,1,570.0,6065.0,4.495,-0.18,0.947,1.022,296.81158,41.51569,15.276,0,candidate
9701962,K04617.01,Kepler-1617 b,CONFIRMED,27.4784659,0.008,7.5,83.2,1.52,736.0,69.3,12.3,1,49.0,5432.0,3.993,0.21,1.707,1.046,287.93719,46.418491,13.63,1,confirmed
9773980,K04691.01,,CANDIDATE,3.3879165,0.117,1.818,78.6,1.09,1336.0,750.6,10.4,1,400.0,5702.0,4.247,0.14,1.245,0.997,293.28015,46.560089,14.491,0,candidate
10467714,K04480.01,,CANDIDATE,58.7488629,0.186,3.191,473.6,1.75,425.0,7.7,13.6,1,24.0,5574.0,4.505,-0.5,0.805,0.756,290.77655,47.64843,14.122,0,candidate
4141593,K07685.01,,CANDIDATE,64.740274,0.74,15.082,113.1,1.35,518.0,16.96,16.4,2,22.0,5999.0,4.263,-0.32,1.177,0.926,286.77313,39.277531,13.219,0,candidate
7778427,K04482.01,,CANDIDATE,5.38299284,0.417,3.336,35.1,0.78,1253.0,582.98,10.7,1,249.0,6256.0,4.27,-0.02,1.293,1.135,299.09537,43.439098,12.642,0,candidate
6523058,K04549.01,,CANDIDATE,2.0481582,0.179,1.899,183.3,1.16,1346.0,773.92,11.7,1,549.0,5799.0,4.548,-0.16,0.86,0.955,292.02621,41.984119,15.98,0,candidate
5977470,K04550.01,Kepler-1653 b,CONFIRMED,140.251943,0.323,6.576,567.7,1.84,271.0,1.28,11.9,1,11.0,4821.0,4.529,0.16,0.788,0.765,296.45776,41.266022,15.429,1,confirmed
11769689,K04551.01,,CANDIDATE,14.7179342,0.704,5.844,132.3,1.25,784.0,89.3,12.7,1,92.0,6102.0,4.449,-0.06,1.018,1.058,295.09201,49.940079,14.654,0,candidate
11284772,K04622.01,Kepler-441 b,CONFIRMED,207.24785,0.21,6.159,809.2,1.56,189.0,0.3,13.2,2,6.0,4339.0,4.711,-0.58,0.553,0.573,284.56689,49.01255,15.142,1,confirmed
6153407,K03179.01,Kepler-1911 b,CONFIRMED,5.99078221,0.944,1.699,69.9,1.03,987.0,223.93,8.6,1,223.0,5721.0,4.442,0.0,0.972,0.954,299.3028,41.441017,10.884,1,confirmed
11519187,K04625.01,Kepler-1964 b,CONFIRMED,2.440839436,1.253,0.968,509.5,21.29,986.0,223.8,14.4,1,463.0,4803.0,4.623,-0.08,0.698,0.752,297.05902,49.4785,15.877,1,confirmed
8417078,K04693.01,Kepler-1619 b,CONFIRMED,23.6223571,0.369,6.852,57.0,1.07,797.0,95.35,11.4,1,61.0,6144.0,4.149,-0.3,1.393,0.999,285.70346,44.422001,13.341,1,confirmed
9457948,K04694.01,,CANDIDATE,19.2527652,0.028,4.862,138.5,1.24,740.0,71.04,10.8,1,69.0,6258.0,4.442,-0.12,1.046,1.102,288.70859,46.018188,14.851,0,candidate
4072271,K07680.01,,CANDIDATE,219.20579,0.517,14.5,207.8,2.66,456.0,10.18,15.2,1,4.0,6990.0,4.115,0.06,1.785,1.515,295.31512,39.141048,12.449,0,candidate
9898017,K04484.01,Kepler-1960 b,CONFIRMED,2.29794819,0.108,2.84,83.2,0.98,1547.0,1352.14,12.2,1,583.0,6371.0,4.426,-0.18,1.072,1.117,294.69696,46.720188,15.079,1,confirmed
6278762,K03158.02,Kepler-444 c,CONFIRMED,4.54586982,0.563,1.756,76.5,0.65,868.0,134.21,24.4,5,252.0,5051.0,4.562,-0.36,0.721,0.692,289.75229,41.634605,8.717,1,confirmed
8098212,K04487.01,,CANDIDATE,3.48754109,0.32,1.811,85.1,0.72,988.0,224.74,7.3,1,377.0,5252.0,4.593,0.07,0.783,0.896,292.02829,43.946362,14.371,0,candidate
6369131,K04554.01,,CANDIDATE,8.0772455,0.984,7.272,79.2,2.61,1228.0,537.66,12.5,1,167.0,5684.0,3.915,0.3,2.032,1.239,293.43478,41.716881,14.579,0,candidate
7820699,K04555.01,,CANDIDATE,364.08733,0.1702,14.09,372.0,1.39,211.0,0.47,8.8,1,,5376.0,4.601,-0.42,0.727,0.769,291.22043,43.574268,14.816,0,candidate
10257229,K04557.01,,CANDIDATE,5.75651958,0.247,2.309,65.3,0.83,1089.0,332.97,11.2,1,230.0,6208.0,4.454,-0.12,1.024,1.086,283.70471,47.385288,13.666,0,candidate
3539231,K04626.01,,CANDIDATE,91.95723,0.015,10.471,308.4,2.66,497.0,14.41,12.3,1,14.0,5854.0,4.114,0.16,1.528,1.107,289.90417,38.651371,14.876,0,candidate
6311891,K04627.01,,CANDIDATE,7.51731745,0.256,2.484,170.7,1.19,861.0,129.74,10.7,1,179.0,5525.0,4.488,0.16,0.923,0.957,298.75836,41.631031,15.029,0,candidate
7834045,K04630.01,,CANDIDATE,44.6966177,0.373,10.532,257.3,2.46,637.0,38.95,15.3,1,32.0,5929.0,4.123,0.12,1.518,1.116,295.59735,43.596401,14.875,0,candidate
10663738,K04698.01,,CANDIDATE,8.5275894,0.311,2.959,112.5,1.28,1049.0,286.1,10.4,1,157.0,6469.0,4.385,0.07,1.193,1.26,291.12744,47.938801,14.765,0,candidate
7891294,K04699.01,,CANDIDATE,3.07714195,0.983,3.571,34.2,1.08,1493.0,1175.0,9.9,1,211.0,6108.0,4.251,0.1,1.336,1.162,291.88797,43.649811,12.889,0,candidate
9413156,K04700.01,,CANDIDATE,3.83488354,0.242,2.026,243.0,1.2,1003.0,239.15,10.9,2,300.0,5515.0,4.592,-0.26,0.775,0.868,295.36145,45.914841,15.972,0,candidate
4556468,K04491.01,Kepler-1609 b,CONFIRMED,114.336052,0.529,14.077,239.8,2.09,429.0,8.02,13.0,1,12.0,5802.0,4.218,0.14,1.316,1.044,290.14655,39.665821,15.015,1,confirmed
5431027,K04558.01,,CANDIDATE,8.8233996,0.022,6.735,104.6,1.13,929.0,176.13,13.3,1,117.0,5602.0,4.269,-0.14,1.121,0.852,285.59543,40.679722,14.598,0,candidate
7747457,K04561.01,Kepler-1613 b,CONFIRMED,1.5184181,0.561,2.842,196.8,1.85,1926.0,3261.65,15.9,1,61.0,6302.0,4.259,-0.18,1.269,1.063,289.87506,43.420959,14.118,1,confirmed
6070337,K04632.01,,CANDIDATE,40.0691482,1.125,2.928,784.1,13.25,458.0,10.42,10.5,1,27.0,5485.0,4.575,-0.38,0.762,0.796,299.01312,41.329311,15.618,0,candidate
5954001,K04633.01,,CANDIDATE,11.6933447,0.353,6.551,66.9,1.12,950.0,192.95,12.7,1,115.0,6049.0,4.248,0.18,1.354,1.189,289.77954,41.214409,13.848,0,candidate
8196226,K04634.01,,CANDIDATE,4.02745396,0.304,1.33,85.2,0.98,1250.0,577.46,10.8,1,332.0,6174.0,4.398,-0.28,1.041,0.987,300.6496,44.05574,13.685,0,candidate
9002538,K03196.01,,CANDIDATE,4.96061094,0.058,2.864,20.4,0.59,1272.0,618.99,12.5,2,272.0,6117.0,4.244,-0.04,1.298,1.079,283.35046,45.339111,11.525,0,candidate
5642688,K04705.01,,CANDIDATE,1.4733245,0.197,1.406,124.0,1.03,1576.0,1453.8,11.9,1,769.0,5751.0,4.431,-0.36,0.921,0.834,297.60236,40.803219,15.078,0,candidate
10026502,K04706.01,Kepler-1620 b,CONFIRMED,101.952048,0.084,5.991,152.5,1.31,428.0,7.92,10.3,1,11.0,6210.0,4.407,-0.18,1.054,1.028,297.27087,46.928421,13.658,1,confirmed
5552562,K04495.01,,CANDIDATE,5.93218209,0.097,4.507,205.3,1.39,1000.0,235.68,14.9,1,192.0,5843.0,4.474,0.08,0.977,1.036,296.77414,40.793282,15.466,0,candidate
6186182,K04496.01,,CANDIDATE,96.384483,0.095,5.253,591.0,2.41,400.0,6.03,10.4,1,11.0,5919.0,4.485,0.21,1.0,1.114,284.68292,41.592411,15.602,0,candidate
4073017,K07681.01,,CANDIDATE,6.05552018,0.19,2.818,134.6,0.92,844.0,119.89,9.8,1,177.0,5352.0,4.585,0.07,0.805,0.919,295.47382,39.124561,14.772,0,candidate
9002278,K00701.05,Kepler-62 c,CONFIRMED,12.4418003,0.043,3.572,78.4,0.57,576.0,26.03,11.4,5,103.0,4926.0,4.653,-0.36,0.662,0.727,283.21274,45.349861,13.725,1,confirmed
10585749,K04563.01,,CANDIDATE,54.333582,0.823,10.545,152.0,1.7,513.0,16.37,10.5,1,20.0,5500.0,4.228,0.14,1.221,0.92,285.15942,47.88274,14.487,0,candidate
9579208,K03165.01,,CANDIDATE,4.11754421,0.312,4.362,34.3,1.02,1581.0,1477.06,22.1,1,323.0,6263.0,4.024,-0.18,1.726,1.147,287.6376,46.204411,10.335,0,candidate
11650401,K04566.01,Kepler-1614 b,CONFIRMED,3.94660745,0.278,2.705,309.4,1.4,981.0,218.91,12.7,1,268.0,5376.0,4.576,-0.02,0.806,0.897,284.87134,49.775909,15.923,1,confirmed
9773270,K04636.01,,CANDIDATE,122.749053,0.997,8.342,1041.2,6.13,348.0,3.48,15.0,1,9.0,5619.0,4.488,0.44,0.976,1.069,292.98517,46.506569,15.511,0,candidate
9457728,K04637.01,,CANDIDATE,4.37992345,0.728,4.949,15.5,0.81,1608.0,1579.65,13.9,1,310.0,6311.0,3.993,-0.12,1.918,1.324,288.59967,46.031712,10.438,0,candidate
2303903,K04709.01,,CANDIDATE,3.70858595,0.115,1.94,305.4,1.33,995.0,231.84,11.3,1,358.0,5420.0,4.596,-0.2,0.771,0.864,291.64294,37.632408,15.947,0,candidate
9278216,K04710.01,,CANDIDATE,9.4527721,0.746,3.817,197.3,1.3,832.0,113.38,11.3,1,140.0,5973.0,4.547,-0.34,0.857,0.945,290.7377,45.725368,15.58,0,candidate
8355131,K04711.01,,CANDIDATE,4.3638313,0.39,1.457,194.1,1.08,976.0,214.31,10.3,1,152.0,5623.0,4.596,-0.4,0.763,0.853,287.50766,44.31424,15.642,0,candidate
6278762,K03158.03,Kepler-444 d,CONFIRMED,6.18943952,0.334,2.3316,83.2,0.65,783.0,88.79,26.8,5,207.0,5051.0,4.562,-0.36,0.721,0.692,289.75229,41.634605,8.717,1,confirmed
12645057,K04497.01,,CANDIDATE,6.83006228,0.006,3.315,187.4,1.09,882.0,142.95,12.1,1,196.0,5807.0,4.576,-0.4,0.8,0.886,289.26697,51.751221,15.17,0,candidate
4844367,K04498.01,,CANDIDATE,17.1622587,1.201,4.668,312.2,22.42,674.0,48.86,11.7,1,63.0,5729.0,4.509,0.16,0.939,1.037,294.22134,39.989521,14.841,0,candidate
10937749,K04499.01,,CANDIDATE,5.19898615,0.428,2.359,136.8,1.04,1035.0,271.21,11.5,1,206.0,6058.0,4.54,-0.4,0.867,0.95,298.78278,48.312809,14.652,0,candidate
9100953,K04500.01,Kepler-1610 b,CONFIRMED,8.70179611,0.045,3.048,304.1,1.37,750.0,74.58,11.8,3,128.0,5295.0,4.548,-0.1,0.8,0.825,295.90503,45.40543,15.85,1,confirmed
8332521,K04567.01,,CANDIDATE,14.74426,1.063,8.168,113.6,8.1,784.0,89.04,11.9,2,86.0,6146.0,4.454,-0.22,0.987,1.006,301.56284,44.240391,13.775,0,candidate
4060229,K04570.01,,CANDIDATE,35.0175053,0.809,3.608,292.0,2.13,617.0,34.32,12.8,1,36.0,5944.0,4.293,-0.32,1.123,0.905,292.35605,39.11945,14.638,0,candidate
6761777,K04571.01,Kepler-1615 b,CONFIRMED,47.3128645,0.967,11.444,217.4,3.71,658.0,44.26,17.6,1,30.0,5749.0,4.002,0.34,1.876,1.288,286.35922,42.227482,14.553,1,confirmed
9412623,K04640.01,Kepler-1618 b,CONFIRMED,6.1082945,0.63,3.493,61.1,1.06,1267.0,608.39,10.8,1,219.0,6720.0,4.316,-0.14,1.289,1.261,295.17538,45.930908,13.606,1,confirmed
4735826,K03184.01,Kepler-1972 b,CONFIRMED,7.545922037,0.625,4.0329,22.2,0.68,1084.0,326.67,13.4,3,180.0,5788.0,4.178,0.12,1.376,1.039,288.39529,39.872627,11.158,1,confirmed
8443527,K03197.01,,CANDIDATE,22.599501,0.12,4.38,76.9,0.96,734.0,68.48,2.9,1,59.0,6335.0,4.375,-0.3,1.087,1.017,296.29056,44.42326,11.531,0,candidate
7778621,K04725.01,Kepler-1967 b,CONFIRMED,7.28171395,0.956,1.723,111.6,2.59,1086.0,329.68,14.4,1,181.0,4970.0,3.924,0.32,1.806,0.996,299.13779,43.498638,13.367,1,confirmed
9100953,K04500.02,Kepler-1610 c,CONFIRMED,44.9851885,0.664,4.164,617.8,2.09,433.0,8.34,12.7,3,26.0,5295.0,4.548,-0.1,0.8,0.825,295.90503,45.40543,15.85,1,confirmed
10907132,K04503.01,,CANDIDATE,5.89089509,0.282,2.402,267.7,1.54,985.0,223.02,11.7,1,176.0,5869.0,4.513,0.07,0.942,1.054,284.6134,48.37347,15.683,0,candidate
6520753,K04504.01,,CANDIDATE,4.13029832,0.041,2.461,325.3,1.44,995.0,231.52,8.7,2,271.0,5490.0,4.557,-0.16,0.81,0.864,291.2941,41.91283,15.956,0,candidate
9893468,K04575.01,,CANDIDATE,201.325036,0.597,14.4,125.4,1.98,410.0,6.71,14.2,1,7.0,6120.0,4.093,0.16,1.699,1.306,292.93643,46.753021,13.174,0,candidate
11655826,K04643.01,,CANDIDATE,5.59346375,0.079,1.668,236.5,1.43,1008.0,243.63,9.5,1,0.0,5874.0,4.498,-0.06,0.933,1.001,288.44839,49.714031,15.308,0,candidate
1721157,K04644.01,,CANDIDATE,3.44928111,0.534,1.424,237.0,1.23,966.0,206.55,9.7,1,387.0,5119.0,4.591,0.14,0.781,0.879,291.45734,37.206841,15.144,0,candidate
9947653,K04647.01,,CANDIDATE,37.9043889,0.473,11.638,98.2,1.97,693.0,54.36,13.9,2,35.0,5303.0,3.87,-0.04,1.964,1.042,290.25931,46.885109,13.726,0,candidate
9002538,K03196.02,,CANDIDATE,6.88297756,0.707,2.065,30.4,0.77,1141.0,400.53,13.2,2,185.0,6117.0,4.244,-0.04,1.298,1.079,283.35046,45.339111,11.525,0,candidate
5253802,K04713.01,,CANDIDATE,8.7963166,0.979,4.696,96.5,1.36,882.0,142.92,11.9,1,118.0,5780.0,4.438,0.0,1.0,1.0,283.83884,40.421974,13.641,0,candidate
12554634,K04714.01,,CANDIDATE,2.049602348,0.435,1.061,186.1,1.08,1203.0,494.57,11.3,1,657.0,5356.0,4.589,-0.12,0.78,0.872,289.18149,51.562538,15.277,0,candidate
6264750,K04715.01,,CANDIDATE,53.285584,0.754,6.492,158.6,1.44,537.0,19.63,11.0,1,20.0,6015.0,4.297,-0.68,1.057,0.806,283.57269,41.695728,13.98,0,candidate
11290515,K04716.01,,CANDIDATE,5.8943338,0.003,3.475,28.9,0.61,1092.0,335.9,10.7,2,179.0,5929.0,4.357,0.16,1.145,1.087,288.34488,49.021938,12.322,0,candidate
6520753,K04504.02,,CANDIDATE,8.119343,0.032,3.558,350.4,1.5,794.0,94.08,8.2,2,137.0,5490.0,4.557,-0.16,0.81,0.864,291.2941,41.91283,15.956,0,candidate
6278762,K03158.04,Kepler-444 e,CONFIRMED,7.74347801,0.018,2.7878,77.8,0.62,727.0,65.88,24.4,5,169.0,5051.0,4.562,-0.36,0.721,0.692,289.75229,41.634605,8.717,1,confirmed
8493354,K04505.01,,CANDIDATE,18.0071438,0.081,5.401,80.8,1.05,799.0,96.25,13.1,1,75.0,6173.0,4.314,-0.16,1.167,1.023,291.09943,44.545689,13.615,0,candidate
4545570,K04506.01,Kepler-1961 b,CONFIRMED,5.60473115,0.221,2.885,210.0,1.11,866.0,132.98,11.9,1,241.0,5401.0,4.593,-0.16,0.777,0.871,286.33011,39.683182,15.683,1,confirmed
5457326,K04508.01,,CANDIDATE,2.49915311,0.666,1.803,179.2,1.02,983.0,220.65,13.4,1,427.0,4705.0,4.572,-0.04,0.72,0.707,294.3735,40.65144,15.352,0,candidate
10610039,K04577.01,,CANDIDATE,105.997107,0.667,3.751,430.8,1.83,373.0,4.59,10.9,2,11.0,6068.0,4.565,-0.5,0.831,0.931,295.6709,47.830399,14.894,0,candidate
8628761,K04580.01,,CANDIDATE,6.30432354,0.665,2.508,40.0,1.23,1510.0,1229.72,10.7,1,206.0,6728.0,3.987,-0.46,1.836,1.192,293.37381,44.727982,13.01,0,candidate
4750669,K04649.01,,CANDIDATE,3.38419892,0.176,1.485,228.2,1.2,1074.0,313.79,11.5,1,317.0,5613.0,4.581,-0.26,0.795,0.888,292.96661,39.899639,15.446,0,candidate
6717252,K04651.01,,CANDIDATE,1.19260017,0.015,1.502,58.0,0.77,1726.0,2107.84,11.7,1,1118.0,5600.0,4.349,-0.18,1.013,0.837,298.08716,42.164349,13.818,0,candidate
4902202,K04717.01,,CANDIDATE,216.456055,0.033,11.067,1002.8,3.61,320.0,2.48,14.2,1,4.0,5645.0,4.299,0.14,1.155,0.969,283.69351,40.018021,15.58,0,candidate
11350118,K04509.01,,CANDIDATE,12.003678,0.076,2.799,281.7,0.97,503.0,15.12,12.0,1,111.0,4328.0,4.654,-0.42,0.594,0.58,291.69516,49.187859,15.675,0,candidate
11671579,K04510.01,Kepler-1611 b,CONFIRMED,5.17624997,0.097,5.261,78.7,1.31,1243.0,565.42,13.4,1,265.0,5578.0,4.088,0.14,1.497,1.001,296.51205,49.72776,14.435,1,confirmed
9216775,K04513.01,Kepler-1612 b,CONFIRMED,3.91794676,0.337,2.549,116.5,0.94,1030.0,266.81,13.5,1,345.0,5500.0,4.547,0.16,0.87,0.974,291.25027,45.655071,14.75,1,confirmed
2572029,K04581.01,,CANDIDATE,6.0059966,0.135,3.096,39.2,0.73,1130.0,385.87,7.8,1,227.0,6103.0,4.331,-0.04,1.16,1.05,290.60806,37.801891,13.549,0,candidate
7905106,K04582.01,,CANDIDATE,4.22426989,0.716,4.22,13.6,0.35,1069.0,309.32,11.0,1,319.0,5735.0,4.501,-0.2,0.883,0.903,296.33688,43.60009,11.756,0,candidate
9007151,K04583.01,,CANDIDATE,330.906041,0.005,3.846,740.0,2.05,225.0,0.6,7.3,1,,5461.0,4.589,-0.26,0.769,0.838,285.66843,45.374771,15.77,0,candidate
4450844,K03168.01,,CANDIDATE,56.3479517,0.768,8.789,43.6,1.06,586.0,27.97,15.1,1,24.0,5843.0,4.086,-0.2,1.471,0.963,287.31485,39.538181,10.455,0,candidate
11181260,K04653.01,,CANDIDATE,19.9778599,0.172,5.96,83.4,1.07,773.0,84.29,12.8,1,52.0,6392.0,4.399,0.07,1.162,1.232,286.56033,48.893051,13.52,0,candidate
2558163,K04655.01,,CANDIDATE,17.543847,0.579,5.948,196.3,1.15,658.0,44.42,9.9,1,81.0,5957.0,4.579,-0.6,0.791,0.865,287.06534,37.899479,15.388,0,candidate
8107611,K04656.01,,CANDIDATE,3.8183717,0.878,2.687,50.8,1.39,1683.0,1894.37,11.8,1,350.0,6738.0,4.109,-0.18,1.692,1.351,295.24191,43.972599,13.821,0,candidate
8752940,K04730.01,,CANDIDATE,9.07829171,0.164,0.783,530.9,3.69,984.0,221.32,7.0,1,68.0,5086.0,4.002,0.3,1.611,0.951,291.58875,44.907509,14.383,0,candidate
6278762,K03158.05,Kepler-444 f,CONFIRMED,9.74048508,0.89,1.6993,121.4,0.95,673.0,48.52,25.8,5,135.0,5051.0,4.562,-0.36,0.721,0.692,289.75229,41.634605,8.717,1,confirmed
4384909,K07693.01,,CANDIDATE,6.41097179,0.261,2.582,233.5,1.4,886.0,146.16,8.5,1,138.0,5383.0,4.486,0.4,0.933,0.972,296.22168,39.405762,15.631,0,candidate
9009036,K04585.01,Kepler-1616 b,CONFIRMED,6.76289308,0.553,6.204,50.9,1.21,1337.0,754.37,14.6,1,198.0,6547.0,4.122,-0.16,1.63,1.289,286.54364,45.304871,13.499,1,confirmed
11506654,K04586.01,,CANDIDATE,75.2116373,0.058,3.203,362.6,2.83,516.0,16.78,13.1,1,16.0,5818.0,4.165,0.28,1.5,1.2,291.51758,49.43462,14.39,0,candidate
5687700,K04587.01,,CANDIDATE,6.36283414,0.141,3.752,159.4,1.12,956.0,197.84,9.9,1,160.0,5955.0,4.534,-0.24,0.883,0.972,285.22415,40.958931,15.567,0,candidate
8806985,K04588.01,,CANDIDATE,7.53737498,0.225,3.966,41.1,0.93,1210.0,506.84,11.3,1,178.0,6483.0,4.206,-0.16,1.436,1.212,286.51355,45.038044,12.912,0,candidate
6527078,K04657.01,,CANDIDATE,7.57600886,0.267,3.361,49.0,0.54,778.0,86.87,12.5,2,185.0,5361.0,4.588,-0.16,0.774,0.848,293.29279,41.997589,13.241,0,candidate
2857607,K04659.01,Kepler-1965 b,CONFIRMED,41.8681996,0.923,5.783,150.7,1.25,492.0,13.89,12.5,1,31.0,5852.0,4.559,-0.3,0.837,0.928,292.51468,38.02206,13.664,1,confirmed
5962262,K04661.01,Kepler-1966 b,CONFIRMED,8.61742738,0.059,2.713,154.9,1.01,733.0,68.28,11.3,1,153.0,5009.0,4.491,0.16,0.84,0.797,292.46387,41.299068,14.79,1,confirmed
7429240,K04450.01,Kepler-1606 b,CONFIRMED,196.436796,0.019,8.556,631.9,2.33,292.0,1.72,14.4,1,7.0,5462.0,4.452,0.16,0.946,0.924,286.37827,43.07325,15.139,1,confirmed
10120548,K04451.01,,CANDIDATE,8.8303681,0.746,3.426,296.2,1.32,676.0,49.36,10.9,1,153.0,5051.0,4.628,-0.24,0.706,0.786,282.19565,47.105679,15.945,0,candidate
4474462,K04452.01,,CANDIDATE,12.85755895,0.55,4.831,106.5,1.23,860.0,129.15,14.2,1,82.0,5860.0,4.276,-0.2,1.156,0.922,294.30099,39.519058,13.821,0,candidate
4141593,K07685.02,,CANDIDATE,33.502923,0.756,11.947,70.9,1.08,645.0,40.79,12.5,2,38.0,5999.0,4.263,-0.32,1.177,0.926,286.77313,39.277531,13.219,0,candidate
10003058,K04519.01,,CANDIDATE,148.568877,0.243,4.399,404.4,5.97,555.0,22.49,11.6,1,8.0,5814.0,3.68,0.34,2.985,1.556,288.01013,46.978519,14.744,0,candidate
9031703,K04520.01,,CANDIDATE,9.3335486,0.725,6.643,71.2,1.69,1082.0,323.68,11.7,1,138.0,5354.0,3.927,0.14,1.863,1.071,295.21426,45.324509,14.276,0,candidate
12204137,K04590.01,,CANDIDATE,9.54060855,0.031,1.869,462.0,1.75,735.0,69.25,11.2,1,133.0,5271.0,4.522,0.0,0.831,0.839,288.87082,50.815559,15.836,0,candidate
5389956,K04591.01,,CANDIDATE,1.80926734,0.385,2.469,98.0,0.89,1444.0,1028.71,10.9,1,738.0,5897.0,4.531,-0.16,0.891,0.983,298.54257,40.51479,15.186,0,candidate
10662202,K00750.02,,CANDIDATE,5.04413987,0.727,1.623,172.0,1.18,862.0,130.09,10.2,4,262.0,4954.0,4.5,0.18,0.828,0.791,290.46512,47.92918,15.377,0,candidate
3934657,K07676.01,,CANDIDATE,5.3694084,0.837,3.949,40.0,0.62,974.0,212.68,8.0,1,252.0,5753.0,4.538,-0.12,0.869,0.951,284.73474,39.045361,13.786,0,candidate
7515336,K04663.01,,CANDIDATE,5.65690281,0.014,3.583,32.2,0.74,1159.0,425.7,10.4,1,234.0,5687.0,4.191,0.1,1.32,0.986,287.67059,43.197239,12.715,0,candidate
3557560,K04456.01,,CANDIDATE,7.4299322,0.826,4.013,164.9,1.81,1024.0,259.7,9.8,1,142.0,5635.0,4.23,0.14,1.252,0.972,294.67126,38.698971,15.128,0,candidate
12109267,K04457.01,,CANDIDATE,79.334347,0.652,10.886,164.9,1.56,500.0,14.73,14.6,1,17.0,6384.0,4.33,-0.3,1.15,1.027,290.51242,50.649288,13.815,0,candidate
8700895,K04523.01,,CANDIDATE,5.68251605,0.0,3.479,81.2,1.03,1090.0,333.82,9.4,1,233.0,5753.0,4.319,0.16,1.157,1.016,296.04425,44.80529,14.878,0,candidate
5003670,K04524.01,Kepler-1962 b,CONFIRMED,7.99144696,0.94,3.639,145.0,1.53,901.0,155.95,12.8,3,167.0,5700.0,4.434,0.16,1.006,1.003,289.5484,40.1642,14.955,1,confirmed
5003670,K04524.02,,CANDIDATE,4.52628739,0.5,3.736,99.6,1.02,1089.0,332.79,12.5,3,291.0,5700.0,4.434,0.16,1.006,1.003,289.5484,40.1642,14.955,0,candidate
12265786,K04595.01,,CANDIDATE,0.597018404,0.44,0.4778,245.4,1.09,1578.0,1473.77,16.5,1,2237.0,4985.0,4.675,-0.54,0.63,0.688,295.41479,50.979012,15.509,0,candidate
10873178,K04597.01,,CANDIDATE,4.82025124,0.538,2.129,94.1,0.78,1018.0,254.2,8.5,1,220.0,6035.0,4.591,-0.74,0.777,0.864,296.3609,48.213001,14.639,0,candidate
11337012,K04666.01,,CANDIDATE,12.4019263,0.924,4.043,211.1,1.49,713.0,60.93,9.5,1,86.0,5555.0,4.514,-0.28,0.832,0.824,284.04172,49.138199,15.355,0,candidate
8359569,K04667.01,,CANDIDATE,152.823896,0.119,7.734,456.2,2.45,395.0,5.77,9.9,1,8.0,6452.0,4.394,-0.12,1.137,1.167,289.63535,44.379711,15.408,0,candidate
9837828,K04670.01,,CANDIDATE,6.80899076,1.9253,2.077,1192.0,89.29,795.0,94.48,11.5,1,40.0,4992.0,4.483,0.24,0.854,0.81,294.58066,46.610592,16.303,0,candidate
4857058,K03061.02,,CANDIDATE,77.915425,0.448,8.274,178.8,1.17,367.0,4.28,9.2,2,18.0,5135.0,4.464,0.12,0.874,0.812,297.04208,39.912231,14.316,0,candidate
9947389,K04460.01,,CANDIDATE,284.727213,0.316,10.299,355.3,2.02,278.0,1.41,12.7,1,6.0,5497.0,4.332,0.14,1.08,0.913,290.14725,46.802872,14.636,0,candidate
3765917,K04526.01,,CANDIDATE,30.5392931,0.045,6.887,428.2,2.72,669.0,47.46,15.0,2,37.0,5803.0,4.211,0.14,1.328,1.046,295.96893,38.867168,15.271,0,candidate
7833305,K04528.01,,CANDIDATE,8.31224474,1.111,2.663,70.8,10.63,801.0,97.64,12.2,1,155.0,5421.0,4.483,-0.4,0.816,0.739,295.37476,43.500431,13.019,0,candidate
12647577,K04530.01,,CANDIDATE,12.6362048,0.174,3.961,124.0,1.1,774.0,85.06,11.5,1,106.0,5772.0,4.457,0.14,0.992,1.028,290.73434,51.770962,14.241,0,candidate
4252671,K07687.01,,CANDIDATE,23.266633,0.092,8.315,49.9,2.66,1156.0,422.77,11.4,1,59.0,5758.0,3.456,-0.56,3.775,1.487,288.86908,39.30986,13.047,0,candidate
11153476,K04601.01,,CANDIDATE,7.94004281,0.004,3.282,81.9,0.98,1010.0,245.79,10.7,1,134.0,6278.0,4.425,-0.06,1.081,1.132,298.43478,48.706139,13.757,0,candidate
6144039,K04602.01,,CANDIDATE,2.85855049,0.972,2.341,85.4,1.23,1212.0,510.14,11.4,1,469.0,5441.0,4.415,0.08,0.964,0.881,297.23273,41.433411,14.636,0,candidate
5985713,K03190.01,,CANDIDATE,8.95294046,0.718,2.995,44.0,0.86,1012.0,247.66,13.0,1,153.0,6047.0,4.266,-0.22,1.207,0.98,298.26816,41.251663,11.458,0,candidate
6839010,K04674.01,,CANDIDATE,4.84350003,0.906,3.045,50.2,0.9,1121.0,373.1,10.4,1,280.0,5762.0,4.348,-0.14,1.056,0.906,282.58282,42.346352,13.59,0,candidate
9775385,K04462.01,,CANDIDATE,45.163025,0.2057,7.03,130.3,2.35,886.0,145.48,8.7,1,,7675.0,4.051,-0.12,2.015,1.665,293.85294,46.590809,11.069,0,candidate
6197344,K04463.01,,CANDIDATE,36.7614011,0.984,15.982,160.9,1.52,475.0,12.0,16.2,1,32.0,5305.0,4.504,-0.16,0.823,0.789,289.41428,41.51004,15.598,0,candidate
11357664,K04464.01,,CANDIDATE,4.373570433,0.1,0.623,366.0,1.23,727.0,66.12,14.5,1,306.0,4362.0,4.623,-0.18,0.64,0.627,295.30652,49.179668,15.194,0,candidate
7272132,K04466.01,,CANDIDATE,154.674369,0.777,9.35,435.8,2.29,371.0,4.47,13.5,1,7.0,6338.0,4.449,-0.36,1.002,1.023,288.63861,42.857288,15.015,0,candidate
8430053,K04603.01,,CANDIDATE,15.9513866,0.197,2.285,99.2,1.17,849.0,123.03,9.2,1,84.0,6451.0,4.375,-0.08,1.168,1.181,291.53922,44.44706,13.629,0,candidate
12458605,K04605.01,,CANDIDATE,7.7859111,0.675,7.788,45.5,0.68,939.0,183.92,12.0,1,174.0,6045.0,4.479,-0.18,0.954,0.994,290.42307,51.388729,13.515,0,candidate
4953173,K04676.01,,CANDIDATE,31.183688,0.8319,6.14,139.8,3.21,876.0,139.27,7.9,2,,5947.0,3.814,0.18,2.407,1.378,298.74335,40.07214,13.931,0,candidate
5352640,K04467.01,,CANDIDATE,2.94242323,0.447,1.519,293.3,1.42,1098.0,344.64,14.7,1,383.0,5436.0,4.573,0.0,0.819,0.919,288.72598,40.531631,15.907,0,candidate
4048898,K07678.01,,CANDIDATE,13.0914878,0.145,2.037,37.5,0.79,892.0,149.52,8.0,1,103.0,5919.0,4.238,0.04,1.288,1.048,289.24884,39.106541,11.993,0,candidate
4587135,K04680.01,,CANDIDATE,54.0812235,0.182,6.279,411.1,1.54,431.0,8.19,11.6,1,27.0,5757.0,4.597,-0.5,0.762,0.865,297.59964,39.626339,15.487,0,candidate
7133294,K04473.01,Kepler-1607 b,CONFIRMED,13.6471211,0.617,8.331,75.0,1.25,913.0,164.06,14.7,1,99.0,5771.0,4.106,-0.3,1.382,0.89,296.05984,42.65604,13.897,1,confirmed
4381429,K04474.01,Kepler-1608 b,CONFIRMED,16.473474,0.014,4.201,470.5,1.63,612.0,33.22,13.0,1,66.0,5364.0,4.529,-0.54,0.754,0.702,295.56357,39.417599,15.889,1,confirmed
5511659,K04541.01,,CANDIDATE,8.5291223,0.606,3.241,325.4,2.08,911.0,162.94,12.8,2,120.0,5543.0,4.318,0.16,1.111,0.937,283.25119,40.72311,15.377,0,candidate
10220837,K04613.01,Kepler-1963 b,CONFIRMED,1.962282625,0.169,1.45,68.3,0.81,1448.0,1038.36,12.9,1,545.0,5726.0,4.418,-0.1,0.979,0.915,296.58755,47.207161,13.885,1,confirmed
7583650,K04614.01,,CANDIDATE,6.4546845,0.93,3.071,69.9,1.38,1244.0,565.72,10.8,1,208.0,6474.0,4.243,-0.16,1.362,1.185,281.73087,43.282341,13.784,0,candidate
3867794,K04685.01,,CANDIDATE,0.494247662,0.366,1.2443,224.9,1.51,2257.0,6096.15,18.1,1,872.0,5763.0,4.484,0.36,0.998,1.107,295.73773,38.903912,15.666,0,candidate
5819801,K04686.01,,CANDIDATE,11.8299383,0.502,5.168,41.4,1.6,1177.0,453.44,11.7,1,117.0,5747.0,3.802,0.26,2.431,1.365,298.90576,41.04261,12.327,0,candidate
6276791,K04477.01,,CANDIDATE,5.30179786,0.357,2.24,197.2,1.22,973.0,211.8,11.5,2,249.0,5749.0,4.547,-0.1,0.864,0.961,289.10422,41.69014,15.466,0,candidate
6278762,K03158.01,Kepler-444 b,CONFIRMED,3.60011712,0.025,2.396,50.2,0.5,938.0,182.81,21.6,5,342.0,5051.0,4.562,-0.36,0.721,0.692,289.75229,41.634605,8.717,1,confirmed
6276791,K04477.02,Kepler-1958 b,CONFIRMED,9.32867952,0.035,1.572,354.4,1.62,806.0,99.6,12.7,2,140.0,5749.0,4.547,-0.1,0.864,0.961,289.10422,41.69014,15.466,1,confirmed
8636600,K04478.01,Kepler-1959 b,CONFIRMED,6.38671206,0.015,1.201,223.7,1.19,811.0,102.25,11.6,1,212.0,5071.0,4.505,-0.02,0.811,0.768,296.02225,44.732658,14.58,1,confirmed
10140122,K04545.01,,CANDIDATE,0.849362238,0.453,1.36,114.9,0.85,1498.0,1190.04,11.9,1,1332.0,4973.0,4.595,0.36,0.788,0.891,291.45813,47.15863,15.357,0,candidate
5033823,K04546.01,,CANDIDATE,0.741768294,1.201,0.4164,60.3,72.36,3380.0,30981.32,14.0,1,0.0,5897.0,3.637,0.14,3.147,1.566,297.27325,40.136761,13.469,0,candidate
3223433,K04548.01,,CANDIDATE,61.083322,0.649,10.396,227.5,1.61,465.0,11.01,11.5,1,20.0,5803.0,4.444,0.16,1.015,1.044,288.12555,38.347431,14.748,0,candidate
8803757,K04904.01,,CANDIDATE,3.5944891,0.041,2.557,89.9,0.98,1178.0,455.99,10.4,1,369.0,5523.0,4.364,0.14,1.046,0.922,284.72797,45.064968,15.033,0,candidate
9479306,K04906.01,,CANDIDATE,4.8608059,0.374,1.966,252.1,1.21,925.0,172.76,8.9,1,173.0,5541.0,4.6,-0.36,0.757,0.839,297.05664,46.08353,15.933,0,candidate
5437762,K04907.01,,CANDIDATE,4.04481159,0.393,2.479,33.0,0.67,1325.0,729.15,7.5,1,331.0,6358.0,4.359,-0.16,1.141,1.082,288.39761,40.6269,13.778,0,candidate
9447166,K03296.01,Kepler-1459 b,CONFIRMED,62.869463,0.954,6.842,341.7,1.96,349.0,3.51,16.2,1,20.0,4762.0,4.535,0.2,0.781,0.762,282.42303,46.014019,14.591,1,confirmed
8151055,K03298.01,Kepler-1460 b,CONFIRMED,29.9632816,0.855,2.6,893.2,2.24,391.0,5.55,17.7,1,41.0,4463.0,4.623,-0.28,0.638,0.624,285.5578,44.010792,15.947,1,confirmed
3348082,K01196.02,Kepler-274 b,CONFIRMED,11.63486009,0.053,5.466,292.3,2.61,961.0,201.96,18.4,3,110.0,5570.0,4.066,0.16,1.548,1.019,292.92276,38.47728,15.035,1,confirmed
4996057,K07712.01,,CANDIDATE,4.8302364,0.316,7.983,22.5,1.06,1453.0,1052.42,11.6,1,279.0,5086.0,3.678,-0.38,2.247,0.877,286.69318,40.170109,11.994,0,candidate
8349399,K04763.01,,CANDIDATE,56.446465,0.874,7.371,147.9,1.57,522.0,17.5,12.4,1,23.0,5995.0,4.337,-0.14,1.117,0.988,284.38248,44.308231,14.046,0,candidate
6043562,K04764.01,,CANDIDATE,31.4202111,0.075,4.021,390.5,1.45,471.0,11.6,10.6,1,39.0,5269.0,4.603,-0.2,0.748,0.822,292.18646,41.328041,15.809,0,candidate
10615440,K04765.01,Kepler-1622 b,CONFIRMED,10.8118317,0.896,2.627,76.8,1.24,922.0,170.74,9.5,1,97.0,6025.0,4.331,0.12,1.196,1.119,297.32889,47.815472,13.385,1,confirmed
4919550,K04766.01,,CANDIDATE,5.56676609,0.392,1.812,173.8,1.12,859.0,128.51,12.0,2,238.0,5032.0,4.479,0.2,0.859,0.81,290.46756,40.056438,15.223,0,candidate
5645170,K04837.01,,CANDIDATE,5.38613715,0.197,1.943,169.3,0.86,846.0,121.37,8.9,1,249.0,5516.0,4.669,-0.84,0.656,0.74,298.12167,40.81358,15.347,0,candidate
8216763,K04838.01,,CANDIDATE,13.2965044,0.902,5.68,133.4,0.88,488.0,13.42,9.1,3,98.0,4352.0,4.671,-0.2,0.613,0.64,284.26859,44.19754,15.073,0,candidate
9110610,K04839.01,,CANDIDATE,21.8420304,0.208,3.843,79.5,2.01,1016.0,251.46,9.5,1,60.0,6194.0,3.813,-0.38,2.241,1.189,298.40958,45.461639,13.547,0,candidate
5208962,K04912.01,,CANDIDATE,0.876850385,0.049,1.534,59.2,1.35,2543.0,9858.55,9.7,1,1527.0,6102.0,4.069,0.16,1.756,1.32,297.19199,40.387951,14.878,0,candidate
4742188,K07703.01,,CANDIDATE,413.51856,0.019,10.395,391.1,1.96,254.0,0.98,7.9,1,3.0,6031.0,4.45,-0.14,0.992,1.012,290.38721,39.829941,15.106,0,candidate
8301878,K03301.01,,CANDIDATE,20.7106368,0.604,2.693,142.5,1.12,626.0,36.18,11.0,1,62.0,5631.0,4.478,-0.12,0.901,0.89,292.62964,44.283119,14.18,0,candidate
7510820,K03303.01,Kepler-1461 b,CONFIRMED,29.3493852,0.75,4.313,659.2,2.02,451.0,9.81,20.3,1,47.0,4987.0,4.613,-0.12,0.722,0.784,285.83047,43.198391,15.689,1,confirmed
10221505,K04768.01,,CANDIDATE,3.43633133,0.114,0.675,473.5,1.44,945.0,188.22,14.5,1,310.0,5201.0,4.616,-0.84,0.651,0.638,296.78934,47.234531,15.71,0,candidate
11658036,K04771.01,,CANDIDATE,142.703888,0.062,5.808,225.5,1.95,440.0,8.88,11.0,1,10.0,6701.0,4.326,-0.02,1.289,1.292,289.68073,49.745831,13.964,0,candidate
8397947,K04772.01,,CANDIDATE,3.38080537,0.067,3.275,200.9,1.69,1362.0,814.73,11.6,3,339.0,6072.0,4.343,0.14,1.193,1.146,301.57855,44.31218,15.514,0,candidate
6665860,K04840.01,,CANDIDATE,10.4716194,0.184,4.512,123.9,1.74,1035.0,271.12,11.7,1,128.0,5812.0,4.083,0.14,1.574,1.095,282.09314,42.160271,14.486,0,candidate
7983117,K03214.01,Kepler-1988 b,CONFIRMED,11.49500229,0.911,7.602,51.4,1.53,1105.0,351.79,22.9,2,116.0,6033.0,3.985,-0.1,1.788,1.127,298.67377,43.795479,12.014,1,confirmed
5769810,K04913.01,,CANDIDATE,6.78788113,0.022,2.26,73.1,2.44,1679.0,1875.92,7.8,2,150.0,6537.0,3.76,-0.02,2.829,1.677,283.6788,41.096882,13.36,0,candidate
12071754,K04914.01,,CANDIDATE,5.47455167,0.931,3.71,73.2,1.4,1155.0,419.95,10.8,1,249.0,5611.0,4.19,0.14,1.312,0.972,296.40094,50.558338,14.211,0,candidate
10384298,K03224.01,,CANDIDATE,3.43861067,0.629,1.264,46.8,1.01,1348.0,779.48,9.5,1,389.0,5383.0,4.112,0.16,1.401,0.926,281.32745,47.584869,12.192,0,candidate
3109550,K03225.01,,CANDIDATE,4.8754765,0.084,1.902,39.6,0.8,1180.0,458.62,8.8,1,273.0,5513.0,4.179,0.07,1.286,0.911,289.67175,38.297871,12.207,0,candidate
6880517,K03305.01,Kepler-1462 b,CONFIRMED,65.6491001,0.038,7.298,983.9,2.52,390.0,5.48,20.5,1,17.0,5436.0,4.573,0.0,0.819,0.919,296.39752,42.396919,15.858,1,confirmed
6615511,K03306.01,Kepler-1463 b,CONFIRMED,25.1593389,0.035,5.198,358.1,1.76,619.0,34.7,13.1,1,47.0,5973.0,4.506,-0.1,0.935,1.024,294.4873,42.00692,15.759,1,confirmed
6131130,K03307.01,,CANDIDATE,10.5071781,0.232,2.68,271.8,1.41,737.0,69.76,11.1,1,121.0,5290.0,4.46,-0.1,0.865,0.788,294.13626,41.456692,15.654,0,candidate
3632089,K03308.01,Kepler-1464 b,CONFIRMED,31.7787564,0.29,8.093,262.0,1.5,564.0,23.96,25.9,2,42.0,5638.0,4.391,-0.42,0.928,0.773,287.23569,38.754162,14.159,1,confirmed
4742452,K07704.01,,CANDIDATE,5.4398033,0.136,3.256,85.5,1.0,1112.0,361.47,8.4,1,215.0,6108.0,4.43,0.12,1.08,1.147,290.46088,39.837212,14.829,0,candidate
8397947,K04772.02,Kepler-1705 b,CONFIRMED,9.0194714,0.2805,5.92,191.6,1.07,789.0,91.74,7.2,3,,5775.0,4.59,-0.52,0.768,0.838,301.57855,44.31218,15.514,1,confirmed
7906892,K04773.01,,CANDIDATE,8.8493948,0.819,6.928,43.8,0.82,978.0,216.18,12.1,2,142.0,6095.0,4.349,-0.16,1.11,1.004,296.8432,43.697441,13.556,0,candidate
4277304,K04774.01,,CANDIDATE,51.567801,0.554,5.514,210.1,1.3,433.0,8.3,13.5,1,22.0,5285.0,4.467,0.0,0.876,0.821,295.12238,39.391033,13.882,0,candidate
8626325,K04775.01,,CANDIDATE,16.4491515,0.866,6.696,70.9,2.75,1036.0,272.9,11.0,1,43.0,5334.0,3.712,0.32,2.789,1.464,292.40323,44.782009,12.999,0,candidate
3098605,K04844.01,,CANDIDATE,0.428046051,0.041,0.776,126.0,0.87,2017.0,3877.26,14.1,1,1045.0,5285.0,4.566,-0.18,0.775,0.805,286.14777,38.241798,15.247,0,candidate
8320630,K04846.01,,CANDIDATE,19.254536,0.806,4.754,186.0,1.32,625.0,36.02,9.2,2,64.0,5668.0,4.545,-0.02,0.868,0.963,298.28214,44.27206,15.23,0,candidate
9005321,K04848.01,,CANDIDATE,384.6961,0.5221,6.167,787.0,1.78,157.0,0.14,8.2,1,,4228.0,4.64,-0.12,0.623,0.618,284.76764,45.341228,15.677,0,candidate
9569711,K03232.01,Kepler-1912 b,CONFIRMED,6.05919881,0.438,1.365,154.2,1.21,976.0,214.55,11.7,1,220.0,5734.0,4.462,0.04,0.962,0.977,282.11783,46.22393,12.253,1,confirmed
12314973,K00279.03,Kepler-450 d,CONFIRMED,7.5143967,0.399,4.865,36.3,0.96,1199.0,488.52,9.8,3,170.0,6206.0,4.159,0.22,1.573,1.305,295.48651,51.0135,11.684,1,confirmed
3348082,K01196.03,Kepler-274 c,CONFIRMED,33.1981761,0.826,4.709,336.7,3.21,678.0,49.9,11.8,3,36.0,5570.0,4.066,0.16,1.548,1.019,292.92276,38.47728,15.035,1,confirmed
3632089,K03308.02,Kepler-1464 c,CONFIRMED,5.32784157,0.116,4.696,87.2,0.86,1023.0,259.32,15.9,2,243.0,5638.0,4.391,-0.42,0.928,0.773,287.23569,38.754162,14.159,1,confirmed
5563300,K03309.01,,CANDIDATE,71.05457555,0.061,1.9162,4853.2,5.91,390.0,5.45,95.9,1,18.0,5290.0,4.46,-0.1,0.865,0.788,298.96829,40.797352,14.71,0,candidate
12253769,K03310.01,,CANDIDATE,20.5512722,0.946,4.639,191.2,1.64,607.0,32.01,20.0,1,65.0,5401.0,4.464,0.12,0.918,0.894,288.80457,50.99062,13.55,0,candidate
12735830,K03311.01,Kepler-1465 b,CONFIRMED,31.827649,0.785,1.639,520.0,4.98,668.0,47.21,16.4,1,43.0,4774.0,3.838,0.38,1.954,0.959,289.81934,51.90485,14.41,1,confirmed
8054719,K04776.01,,CANDIDATE,7.5861587,0.858,4.32,116.8,1.07,928.0,175.29,10.8,1,179.0,5934.0,4.444,-0.8,0.871,0.767,299.34955,43.8503,14.84,0,candidate
6592335,K04777.01,Kepler-1971 b,CONFIRMED,0.824000125,0.7697,0.855,183.1,0.42,746.0,73.09,12.3,2,1620.0,3396.0,4.991,-0.1,0.28,0.28,287.26215,42.03231,15.896,1,confirmed
4762283,K07706.01,,CANDIDATE,42.049523793,0.23,2.1372,607.9,1.19,303.0,2.0,5.1,1,26.0,4281.0,4.761,-1.18,0.48,0.485,295.79251,39.89257,15.263,0,candidate
3849187,K04780.01,,CANDIDATE,6.60180003,0.204,2.624,213.4,1.25,875.0,138.25,8.1,1,207.0,5591.0,4.559,0.07,0.86,0.977,291.13574,38.90543,15.414,0,candidate
2976017,K04849.01,,CANDIDATE,3.19938075,0.268,1.761,76.1,0.62,1026.0,262.08,9.8,1,421.0,5483.0,4.632,-0.56,0.702,0.779,287.81729,38.194809,14.261,0,candidate
6786224,K04850.01,,CANDIDATE,3.04185157,0.176,1.434,69.0,0.71,1184.0,465.54,11.1,1,437.0,5802.0,4.537,-0.24,0.857,0.922,294.33328,42.26413,14.147,0,candidate
11072016,K04852.01,,CANDIDATE,1.89873195,0.197,1.382,78.0,0.93,1524.0,1279.95,10.2,1,560.0,5942.0,4.439,0.18,1.05,1.104,284.94226,48.666512,14.457,0,candidate
3245969,K01101.02,,CANDIDATE,11.39110963,0.569,2.749,593.4,1.9,632.0,37.65,12.1,2,,4999.0,4.587,0.06,0.76,0.814,294.11566,38.393478,15.681,0,candidate
10057494,K03234.01,Kepler-1443 b,CONFIRMED,2.41810158,0.016,2.144,46.8,0.85,1602.0,1555.96,13.4,1,549.0,6258.0,4.307,0.0,1.239,1.135,283.43576,47.06686,12.278,1,confirmed
7902003,K03236.01,,CANDIDATE,7.13044117,0.068,2.566,31.9,1.18,1400.0,908.79,10.5,1,190.0,6312.0,3.964,0.1,2.074,1.443,295.43915,43.676311,12.31,0,candidate
6587796,K03237.01,Kepler-1444 b,CONFIRMED,33.4203001,0.789,5.307,436.6,2.46,581.0,27.02,8.9,1,28.0,5731.0,4.372,0.08,1.066,0.977,285.33063,42.040428,12.325,1,confirmed
11905409,K03312.01,,CANDIDATE,18.0939004,0.445,3.294,467.3,1.91,665.0,46.21,11.6,1,63.0,5904.0,4.543,-0.24,0.867,0.958,286.50211,50.246189,15.739,0,candidate
9571186,K03313.01,,CANDIDATE,34.9524256,1.225,1.717,677.0,21.74,429.0,8.02,15.8,1,38.0,4921.0,4.591,0.3,0.779,0.864,283.04764,46.265331,14.767,0,candidate
8554701,K03315.01,Kepler-1466 b,CONFIRMED,31.1748311,0.016,3.79,200.2,1.31,585.0,27.62,17.0,1,43.0,6086.0,4.511,-0.26,0.921,1.003,289.83121,44.609859,13.926,1,confirmed
9031209,K03316.01,Kepler-1467 b,CONFIRMED,47.0568476,0.027,5.2232,1531.2,2.84,411.0,6.72,38.0,1,27.0,5288.0,4.613,-0.24,0.74,0.828,295.04855,45.342682,15.549,1,confirmed
5612697,K03206.01,,CANDIDATE,15.1516409,0.173,5.105,191.5,1.38,736.0,69.25,11.4,1,91.0,5780.0,4.438,0.0,1.0,1.0,289.57462,40.807594,11.843,0,candidate
8973285,K04782.01,,CANDIDATE,7.4213444,0.1732,2.361,315.9,1.73,953.0,195.23,8.7,2,,6032.0,4.485,-0.06,0.973,1.055,297.9487,45.255039,15.85,0,candidate
3758922,K04853.01,,CANDIDATE,17.7412303,0.065,4.816,144.7,1.14,684.0,51.69,9.2,1,62.0,5817.0,4.491,0.08,0.956,1.032,294.47876,38.883659,14.641,0,candidate
8360041,K04854.01,,CANDIDATE,2.63527677,0.646,1.997,70.4,0.76,1136.0,394.32,10.7,1,505.0,5215.0,4.496,0.14,0.864,0.854,289.80804,44.362518,14.342,0,candidate
9782748,K04856.01,,CANDIDATE,147.388124,0.005,8.781,909.2,3.03,356.0,3.78,15.8,1,7.0,6046.0,4.478,0.07,1.007,1.111,296.52145,46.540539,15.817,0,candidate
2860656,K04857.01,,CANDIDATE,4.11497357,0.396,3.025,154.1,1.17,1137.0,395.27,9.7,1,280.0,6011.0,4.507,-0.18,0.927,1.006,293.17578,38.042019,15.392,0,candidate
8073705,K03245.01,Kepler-1445 b,CONFIRMED,10.60052083,0.729,4.509,60.9,1.09,987.0,224.28,17.4,1,128.0,6035.0,4.212,-0.16,1.303,1.009,280.24945,43.915058,12.405,1,confirmed
4271474,K03324.01,Kepler-1469 b,CONFIRMED,21.8634638,0.502,3.542,871.0,2.37,551.0,21.77,9.9,1,48.0,5383.0,4.587,-0.1,0.789,0.885,293.82135,39.39135,15.965,1,confirmed
11497958,K01422.04,Kepler-296 f,CONFIRMED,63.3354719,0.029,3.651,983.0,1.18,202.0,0.39,13.0,5,15.0,3526.0,4.866,-0.08,0.383,0.394,286.54001,49.437328,15.921,1,confirmed
7094944,K04859.01,,CANDIDATE,7.5019743,0.442,2.582,248.0,1.19,709.0,59.73,9.1,1,176.0,4807.0,4.546,0.04,0.758,0.737,283.06223,42.629002,15.562,0,candidate
6425597,K04861.01,,CANDIDATE,29.1206519,0.195,2.89,415.5,1.6,528.0,18.43,9.7,1,33.0,5671.0,4.582,-0.34,0.788,0.872,285.09976,41.874378,15.536,0,candidate
9885417,K03246.01,Kepler-1446 b,CONFIRMED,0.689967868,0.119,1.1688,122.9,0.78,1539.0,1336.82,28.7,1,1941.0,4872.0,4.615,0.1,0.726,0.814,289.42395,46.72617,12.411,1,confirmed
10917433,K03248.01,,CANDIDATE,6.91261536,0.656,2.359,34.4,0.64,981.0,218.66,12.0,1,193.0,5761.0,4.383,0.0,1.044,0.96,290.46509,48.332249,12.419,0,candidate
5091479,K07715.01,,CANDIDATE,25.8616058,0.855,7.78,123.0,1.12,613.0,33.37,8.5,1,52.0,6067.0,4.524,-0.38,0.884,0.954,289.44324,40.253529,15.183,0,candidate
8331612,K03318.01,Kepler-1915 b,CONFIRMED,13.8353959,0.94,4.961,818.0,3.78,809.0,101.05,10.3,2,67.0,6020.0,4.403,-0.06,1.057,1.03,301.27869,44.25053,15.842,1,confirmed
8874090,K01404.02,,CANDIDATE,18.9060921,0.004,4.125,375.6,0.87,336.0,3.03,11.9,2,69.0,3751.0,4.813,-0.24,0.45,0.479,287.05453,45.18037,15.931,0,candidate
8331612,K03318.02,,CANDIDATE,25.6970688,0.943,3.739,835.0,3.83,658.0,44.24,6.4,2,14.0,6020.0,4.403,-0.06,1.057,1.03,301.27869,44.25053,15.842,0,candidate
5965819,K03319.01,Kepler-1468 d,CONFIRMED,19.5906103,0.529,6.745,297.0,2.64,819.0,106.48,24.9,3,64.0,5794.0,4.118,0.14,1.496,1.072,293.51984,41.277409,15.024,1,confirmed
5965819,K03319.02,Kepler-1468 b,CONFIRMED,8.23983041,0.012,5.619,251.0,2.35,1093.0,338.17,29.4,3,165.0,5794.0,4.118,0.14,1.496,1.072,293.51984,41.277409,15.024,1,confirmed
8328916,K04790.01,,CANDIDATE,6.07855,0.3408,3.408,102.7,1.14,1115.0,365.15,10.4,1,,6119.0,4.346,-0.18,1.114,1.003,300.58502,44.2131,14.458,0,candidate
10155029,K03208.01,,CANDIDATE,2.131660527,0.036,1.8585,32.2,0.56,1438.0,1010.45,15.7,1,501.0,5849.0,4.426,-0.08,0.997,0.967,296.67984,47.173313,11.893,0,candidate
11618569,K04792.01,,CANDIDATE,5.75902182,0.329,2.687,70.8,0.91,1112.0,362.12,9.9,1,231.0,6247.0,4.433,-0.06,1.066,1.122,295.57159,49.607479,14.199,0,candidate
11973517,K04862.01,,CANDIDATE,0.903763067,0.0938,0.562,267.5,1.08,1254.0,585.15,12.6,1,,4430.0,4.616,-0.18,0.651,0.638,296.59799,50.356651,15.697,0,candidate
7345248,K04864.01,,CANDIDATE,5.66494448,0.4638,4.173,46.0,0.78,1134.0,390.59,11.4,1,237.0,5888.0,4.269,-0.38,1.13,0.865,285.45886,42.931049,13.221,0,candidate
8183288,K03255.01,Kepler-437 b,CONFIRMED,66.6504521,0.433,5.744,536.9,1.56,308.0,2.14,27.1,1,21.0,4550.0,4.627,0.0,0.679,0.713,297.34738,44.026939,14.352,1,confirmed
5965819,K03319.03,Kepler-1468 c,CONFIRMED,3.54553077,0.143,4.143,119.2,1.62,1448.0,1039.47,18.1,3,333.0,5794.0,4.118,0.14,1.496,1.072,293.51984,41.277409,15.024,1,confirmed
6690171,K03320.01,,CANDIDATE,85.0624157,0.819,4.6964,41901.0,21.26,355.0,3.74,495.3,1,14.0,5223.0,4.52,0.34,0.875,0.923,291.42685,42.164082,15.954,0,candidate
5193659,K03323.01,,CANDIDATE,14.3196417,0.533,3.781,215.5,2.06,850.0,123.37,12.5,1,78.0,5562.0,4.151,0.16,1.373,0.973,293.73444,40.307201,15.076,0,candidate
6220312,K04793.01,,CANDIDATE,5.2736268,0.595,5.291,86.1,0.89,1014.0,249.68,8.7,1,254.0,5851.0,4.515,-0.04,0.918,1.007,296.12253,41.561138,15.374,0,candidate
6358937,K04794.01,,CANDIDATE,24.5041103,0.178,6.065,119.5,1.03,574.0,25.59,11.3,1,54.0,5250.0,4.404,0.2,0.962,0.854,290.09427,41.742779,14.375,0,candidate
7771181,K04797.01,,CANDIDATE,9.97202023,0.401,1.425,329.7,1.26,627.0,36.53,8.6,1,114.0,4810.0,4.584,-0.26,0.696,0.677,297.34842,43.421219,15.693,0,candidate
8280511,K01151.03,Kepler-271 d,CONFIRMED,5.24970432,0.248,2.746,61.9,0.67,954.0,195.3,13.9,5,245.0,5528.0,4.499,-0.2,0.853,0.838,283.00296,44.284229,13.404,1,confirmed
4366323,K03258.01,,CANDIDATE,40.3511707,0.079,3.97,533.5,1.88,479.0,12.46,11.3,1,31.0,5665.0,4.568,-0.2,0.82,0.916,291.93756,39.419941,15.676,0,candidate
2853029,K03259.01,,CANDIDATE,72.9332762,0.106,3.829,770.4,2.45,389.0,5.44,11.3,1,17.0,5316.0,4.47,0.14,0.902,0.875,291.56476,38.074589,15.679,0,candidate
12156174,K03260.01,Kepler-1447 b,CONFIRMED,56.6746666,0.626,5.516,883.1,4.01,522.0,17.59,22.7,1,12.0,5541.0,4.189,0.14,1.295,0.945,289.64343,50.727089,14.682,1,confirmed
6955671,K03329.01,,CANDIDATE,12.6878176,0.921,4.262,293.0,2.16,851.0,123.89,13.5,1,88.0,6258.0,4.442,-0.12,1.046,1.102,293.94241,42.4259,15.813,0,candidate
5097856,K07716.01,,CANDIDATE,483.36405,0.614,15.61,285.4,1.27,202.0,0.39,8.3,1,3.0,5700.0,4.626,-0.68,0.718,0.806,291.37067,40.216061,14.861,0,candidate
4736644,K03330.01,Kepler-1470 b,CONFIRMED,16.2951259,0.494,3.678,197.9,1.15,574.0,25.59,13.0,1,84.0,4915.0,4.512,0.16,0.812,0.781,288.69501,39.883202,15.061,1,confirmed
8278073,K04799.01,,CANDIDATE,12.0729757,0.312,3.783,99.5,1.69,969.0,208.13,9.7,1,113.0,5436.0,3.993,0.2,1.707,1.046,281.55267,44.228531,14.216,0,candidate
10810859,K04801.01,,CANDIDATE,82.401274,0.703,6.48,430.7,2.21,421.0,7.42,10.1,1,9.0,5886.0,4.472,0.16,1.0,1.083,296.82895,48.173279,15.202,0,candidate
7017274,K03209.01,,CANDIDATE,11.91256675,0.174,6.126,123.1,2.61,1242.0,562.27,27.8,2,112.0,6337.0,3.893,0.16,2.335,1.556,285.92322,42.54985,11.915,0,candidate
6767227,K04871.01,,CANDIDATE,4.08197713,0.328,2.943,26.2,0.6,1372.0,836.88,9.3,2,333.0,6538.0,4.339,-0.4,1.156,1.061,288.52902,42.27626,13.05,0,candidate
2986833,K04875.01,,CANDIDATE,0.912179022,0.038,1.332,144.6,0.65,1025.0,260.05,10.3,1,1469.0,3880.0,4.722,0.14,0.555,0.591,290.78214,38.18779,15.783,0,candidate
12055539,K03261.01,Kepler-1448 b,CONFIRMED,12.27057043,0.026,3.002,295.5,1.67,811.0,102.25,18.7,1,109.0,6075.0,4.486,-0.12,0.969,1.048,287.8674,50.595581,14.411,1,confirmed
12056139,K03262.01,Kepler-1449 b,CONFIRMED,13.2274753,0.803,6.356,229.8,1.94,867.0,133.34,16.4,1,104.0,6269.0,4.405,0.21,1.155,1.237,288.23175,50.567879,15.05,1,confirmed
11853130,K03263.01,,CANDIDATE,76.87935893,0.864,2.3819,21272.0,7.71,202.0,0.4,131.0,1,14.0,3638.0,4.828,-0.06,0.436,0.467,285.09586,50.10096,15.949,0,candidate
9345933,K03264.01,,CANDIDATE,13.0151826,0.852,3.613,331.6,1.36,556.0,22.6,11.9,1,103.0,4794.0,4.622,-0.5,0.643,0.632,293.25903,45.837448,15.961,0,candidate
9021075,K04733.01,Kepler-1968 b,CONFIRMED,7.28116667,0.1,2.716,333.8,1.4,744.0,72.16,11.5,1,157.0,5008.0,4.572,0.18,0.788,0.844,291.50812,45.370159,15.993,1,confirmed
11338056,K04735.01,,CANDIDATE,2.87998334,0.22,1.658,116.5,0.85,1024.0,260.79,9.9,1,366.0,4951.0,4.523,0.14,0.806,0.79,284.76093,49.141979,14.712,0,candidate
4473613,K04803.01,Kepler-1623 b,CONFIRMED,4.36125889,0.374,2.174,189.2,1.2,1000.0,236.01,10.7,1,247.0,5520.0,4.544,0.14,0.873,0.972,294.0827,39.556099,14.951,1,confirmed
10676750,K04804.01,,CANDIDATE,21.08678557,0.702,0.978,499.6,2.08,651.0,42.44,11.0,1,54.0,6084.0,4.542,-0.44,0.863,0.944,296.09842,47.992699,15.185,0,candidate
9581589,K04877.01,,CANDIDATE,5.19206571,0.847,3.716,66.6,0.99,1170.0,442.55,10.5,1,259.0,6322.0,4.426,-0.12,1.075,1.124,288.97183,46.265202,14.423,0,candidate
11804437,K04878.01,,CANDIDATE,449.01499,0.2182,12.58,94.2,1.04,258.0,1.04,8.5,1,,6031.0,4.368,-0.22,1.068,0.972,286.22812,50.01358,12.291,0,candidate
8826007,K03266.01,Kepler-1450 b,CONFIRMED,54.5091549,0.94,5.125,622.2,1.94,308.0,2.13,17.0,1,25.0,4406.0,4.67,-0.34,0.603,0.621,294.55383,45.08139,15.498,1,confirmed
8280511,K01151.04,,CANDIDATE,17.4532945,0.357,4.027,79.3,0.76,639.0,39.42,12.0,5,73.0,5528.0,4.499,-0.2,0.853,0.838,283.00296,44.284229,13.404,0,candidate
8620402,K03267.01,Kepler-1913 b,CONFIRMED,14.1959621,0.786,3.605,196.2,1.66,818.0,105.7,14.1,1,90.0,6214.0,4.442,0.07,1.076,1.169,290.21667,44.779678,14.706,1,confirmed
4813793,K07708.01,,CANDIDATE,6.70242786,0.369,1.221,65.3,1.82,1367.0,827.56,8.8,1,154.0,5466.0,3.735,-0.56,2.224,0.979,283.69885,39.936642,12.954,0,candidate
7266212,K04737.01,,CANDIDATE,7.79534033,0.282,3.406,102.1,1.07,985.0,222.52,10.2,1,173.0,6156.0,4.443,0.0,1.05,1.114,286.21729,42.86092,14.726,0,candidate
9419020,K04808.01,,CANDIDATE,2.40174996,0.47,1.413,254.4,0.65,621.0,35.1,13.2,1,437.0,3606.0,4.855,-0.2,0.399,0.415,297.2905,45.955029,15.737,0,candidate
4270799,K04810.01,,CANDIDATE,115.238544,0.965,7.653,516.7,3.17,372.0,4.52,10.6,1,9.0,5589.0,4.384,0.14,1.037,0.948,293.65369,39.31641,15.259,0,candidate
8811490,K04811.01,,CANDIDATE,21.7434141,0.906,8.143,154.8,2.23,799.0,96.15,15.8,1,35.0,5767.0,4.082,-0.08,1.497,0.987,288.85754,45.097691,13.816,0,candidate
8094120,K04881.01,,CANDIDATE,5.6795377,0.196,3.757,52.0,1.16,1420.0,961.1,12.5,2,225.0,6514.0,4.09,-0.34,1.585,1.127,290.55087,43.994362,12.892,0,candidate
9935642,K04885.01,,CANDIDATE,9.33955596,0.985,2.058,245.1,2.67,882.0,143.02,10.1,1,143.0,5516.0,4.308,0.08,1.101,0.898,283.45764,46.819538,15.03,0,candidate
7285757,K03271.01,Kepler-1986 b,CONFIRMED,19.5489666,0.83,1.78,523.8,1.89,579.0,26.62,12.6,2,71.0,5549.0,4.6,-0.54,0.732,0.776,292.95819,42.854889,15.717,1,confirmed
7285757,K03271.02,,CANDIDATE,7.41834569,0.049,2.462,234.0,1.12,800.0,96.9,11.2,2,183.0,5549.0,4.6,-0.54,0.732,0.776,292.95819,42.854889,15.717,0,candidate
5280587,K03274.01,Kepler-1451 b,CONFIRMED,35.6225528,0.261,4.845,651.1,2.24,523.0,17.67,9.6,1,33.0,5799.0,4.539,-0.1,0.878,0.975,293.44644,40.409889,15.332,1,confirmed
4138008,K04742.01,Kepler-442 b,CONFIRMED,112.303136,0.248,5.869,502.1,1.3,241.0,0.79,13.1,1,12.0,4401.0,4.677,-0.38,0.595,0.613,285.36658,39.280079,14.976,1,confirmed
4262040,K03202.01,,CANDIDATE,92.461135,0.083,14.344,122.4,2.86,564.0,23.91,20.7,1,15.0,5132.0,3.675,-0.08,2.648,1.211,291.5072,39.323662,11.784,0,candidate
4840672,K04813.01,,CANDIDATE,9.2294726,0.076,2.446,199.3,0.82,601.0,30.83,7.5,1,119.0,4781.0,4.679,-0.7,0.596,0.618,293.24039,39.949444,13.78,0,candidate
7287677,K04815.01,,CANDIDATE,18.3721835,0.78,3.738,152.5,1.12,657.0,43.96,9.5,1,71.0,5937.0,4.558,-0.42,0.83,0.908,293.54733,42.828442,14.965,0,candidate
7692248,K04886.01,,CANDIDATE,17.99562529,1.2379,0.871,1068.0,28.98,701.0,57.21,12.1,1,61.0,5999.0,4.494,-0.06,0.959,1.045,294.95074,43.324341,15.822,0,candidate
6691169,K04890.01,,CANDIDATE,63.095068,1.05,9.485,496.8,11.67,573.0,25.4,11.4,1,16.0,6622.0,4.331,0.21,1.325,1.372,291.72189,42.117298,15.765,0,candidate
8280511,K01151.05,,CANDIDATE,21.7203362,0.311,4.252,87.8,0.8,594.0,29.45,12.0,5,54.0,5528.0,4.499,-0.2,0.853,0.838,283.00296,44.284229,13.404,0,candidate
3120904,K03277.01,Kepler-1452 b,CONFIRMED,42.9136635,0.403,5.227,160.6,3.19,810.0,101.56,18.2,1,32.0,6049.0,3.8,0.18,2.483,1.419,292.42282,38.266331,13.062,1,confirmed
11757451,K04745.01,Kepler-443 b,CONFIRMED,177.668663,0.772,9.298,901.4,2.32,233.0,0.7,12.7,1,8.0,4721.0,4.615,-0.02,0.701,0.74,288.61053,49.968632,15.891,1,confirmed
8047428,K04747.01,Kepler-1621 b,CONFIRMED,92.263742,0.273,8.605,296.9,2.22,469.0,11.42,12.2,1,15.0,6084.0,4.287,0.14,1.283,1.167,297.5885,43.841221,15.015,1,confirmed
11513486,K04748.01,Kepler-1969 b,CONFIRMED,6.64754478,0.235,1.961,289.3,1.72,999.0,235.89,12.4,1,197.0,6046.0,4.478,0.07,1.007,1.111,294.78433,49.4921,15.724,1,confirmed
6520519,K04749.01,,CANDIDATE,1.97650073,0.055,1.788,112.5,0.97,1394.0,892.9,10.4,1,675.0,5792.0,4.514,0.04,0.923,1.015,291.21164,41.9856,15.608,0,candidate
9459162,K04818.01,,CANDIDATE,3.79892774,0.13,4.112,47.0,1.46,1869.0,2888.6,8.3,1,357.0,6831.0,3.971,-0.08,2.106,1.511,289.3483,46.05468,13.008,0,candidate
9969287,K04820.01,,CANDIDATE,14.7401061,0.116,5.637,238.0,1.48,750.0,74.65,10.3,1,73.0,5999.0,4.494,-0.06,0.959,1.045,298.38007,46.8894,15.479,0,candidate
11189311,K03220.01,Kepler-1442 b,CONFIRMED,81.4160138,0.911,14.175,762.3,4.63,522.0,17.53,54.3,1,17.0,6352.0,4.267,0.32,1.401,1.323,291.25562,48.846924,12.146,1,confirmed
10747501,K04891.01,,CANDIDATE,4.7309013,0.362,2.889,228.5,1.39,1065.0,303.67,11.6,1,218.0,5941.0,4.519,-0.14,0.911,1.001,297.48297,48.022499,15.68,0,candidate
10586744,K04892.01,,CANDIDATE,21.3761817,0.017,8.543,104.0,1.08,717.0,62.37,12.1,1,50.0,5984.0,4.322,-0.52,1.052,0.846,285.70697,47.869968,14.143,0,candidate
11970050,K04893.01,,CANDIDATE,6.58753699,0.132,2.043,232.1,1.51,992.0,228.36,8.2,1,104.0,6014.0,4.486,0.07,0.993,1.101,295.08194,50.344601,15.652,0,candidate
3544640,K03279.01,Kepler-1914 b,CONFIRMED,30.8278245,0.023,4.214,641.3,2.42,585.0,27.66,13.9,1,38.0,5982.0,4.493,-0.04,0.96,1.047,291.43143,38.654388,15.765,1,confirmed
10653179,K03280.01,Kepler-1453 b,CONFIRMED,47.1607932,0.028,4.003,723.2,2.58,503.0,15.07,13.6,1,25.0,5936.0,4.501,0.07,0.965,1.075,286.12555,47.947609,15.57,1,confirmed
12066569,K03282.01,Kepler-1455 b,CONFIRMED,49.2768448,0.022,3.787,1132.9,1.75,271.0,1.28,17.8,1,26.0,3899.0,4.713,-0.2,0.529,0.528,294.08307,50.502769,15.855,1,confirmed
6497146,K03284.01,Kepler-438 b,CONFIRMED,35.2330694,0.139,3.674,352.8,0.97,288.0,1.62,14.5,1,38.0,3749.0,4.743,0.16,0.524,0.554,281.64581,41.951092,14.467,1,confirmed
5308296,K04750.01,,CANDIDATE,36.721576,0.097,7.758,538.2,1.93,498.0,14.51,10.2,1,31.0,5662.0,4.56,-0.12,0.84,0.937,299.49188,40.472481,15.919,0,candidate
3122872,K03203.01,,CANDIDATE,96.81647,0.034,10.227,164.7,3.19,655.0,43.39,25.9,1,16.0,6404.0,3.793,-0.18,2.467,1.38,292.89218,38.270512,11.816,0,candidate
9702945,K04822.01,,CANDIDATE,3.51413723,0.9353,3.919,32.7,0.69,1267.0,609.04,11.2,1,383.0,6201.0,4.472,-0.2,0.989,1.058,288.50702,46.406712,13.474,0,candidate
11401253,K04823.01,,CANDIDATE,4.96504981,0.655,2.212,50.7,1.51,1403.0,917.99,8.7,1,269.0,5339.0,3.823,-0.28,2.011,0.982,290.99005,49.233131,12.739,0,candidate
10549902,K04826.01,,CANDIDATE,1.141148847,0.062,1.629,73.1,1.67,2248.0,6008.73,12.7,1,933.0,5438.0,3.916,0.32,1.989,1.19,297.21347,47.775429,14.58,0,candidate
12416597,K04895.01,,CANDIDATE,12.460565,0.015,3.903,143.9,1.1,726.0,65.72,10.2,2,105.0,5435.0,4.453,0.12,0.933,0.901,295.51495,51.203739,14.732,0,candidate
11135694,K04896.01,,CANDIDATE,19.5945772,0.389,6.77,129.3,1.18,724.0,64.98,8.8,2,71.0,6118.0,4.416,-0.24,1.023,0.995,290.90042,48.74614,15.451,0,candidate
10065053,K04898.01,,CANDIDATE,409.87844,0.177,10.58,647.1,2.72,264.0,1.15,8.7,1,,6167.0,4.444,0.07,1.064,1.149,287.34897,47.060982,15.731,0,candidate
8016691,K03286.01,Kepler-1456 b,CONFIRMED,18.1373788,0.945,3.844,310.8,1.41,433.0,8.31,11.3,1,67.0,4257.0,4.648,-0.3,0.602,0.589,286.94531,43.822769,15.464,1,confirmed
6584273,K03287.01,Kepler-1457 b,CONFIRMED,51.1104797,0.029,7.712,330.0,1.6,478.0,12.38,21.9,1,19.0,5968.0,4.534,-0.26,0.881,0.97,283.7706,42.027241,14.06,1,confirmed
5768816,K03288.01,Kepler-1458 b,CONFIRMED,47.9869119,0.873,5.342,859.3,3.35,493.0,14.01,25.7,1,22.0,5641.0,4.408,-0.06,0.981,0.899,283.21161,41.038059,14.19,1,confirmed
10291589,K04754.01,,CANDIDATE,7.08757462,0.371,3.342,187.0,1.28,955.0,197.02,11.0,1,146.0,6060.0,4.509,-0.22,0.925,1.008,297.90527,47.33683,15.274,0,candidate
10118266,K04755.01,,CANDIDATE,3.74318005,0.952,1.111,237.5,1.75,999.0,235.28,10.5,1,356.0,5207.0,4.516,0.16,0.851,0.866,280.66519,47.114059,14.924,0,candidate
5695615,K04756.01,,CANDIDATE,5.4169303,1.055,7.512,109.5,8.17,1173.0,447.24,11.3,1,244.0,6355.0,4.41,-0.08,1.108,1.151,288.61057,40.92474,15.411,0,candidate
5651846,K04827.01,,CANDIDATE,31.1920226,0.11,2.849,447.8,1.65,521.0,17.43,11.6,1,46.0,5675.0,4.554,-0.54,0.777,0.789,299.46869,40.82999,15.401,0,candidate
12401132,K04829.01,,CANDIDATE,7.630545,0.021,3.63,364.9,2.26,1087.0,330.02,11.3,2,12.0,6407.0,4.358,-0.08,1.179,1.155,287.70197,51.229729,14.12,0,candidate
6424561,K04900.01,,CANDIDATE,6.6716723,0.167,2.693,154.4,1.27,1024.0,259.72,10.3,1,153.0,6086.0,4.435,-0.1,1.021,1.031,284.57806,41.890259,15.134,0,candidate
10000162,K04902.01,,CANDIDATE,409.38645,0.0706,13.78,531.5,1.78,197.0,0.35,10.3,1,,4955.0,4.517,0.06,0.799,0.766,286.33545,46.917831,15.149,0,candidate
7949593,K04759.01,,CANDIDATE,17.7662938,0.909,3.079,181.1,1.54,670.0,47.74,10.1,1,74.0,5724.0,4.495,0.14,0.946,1.022,287.77301,43.73391,14.971,0,candidate
7098255,K04762.01,,CANDIDATE,11.56722589,0.242,2.507,373.7,1.29,568.0,24.64,11.5,1,86.0,4597.0,4.59,-0.1,0.691,0.678,284.61008,42.687431,15.674,0,candidate
4670361,K07700.01,,CANDIDATE,631.56889,0.636,14.37,789.0,3.13,237.0,0.75,20.7,1,3.0,6382.0,4.432,-0.22,1.059,1.104,295.73697,39.740452,14.0,0,candidate
10584140,K04833.01,,CANDIDATE,4.31724247,0.252,4.126,59.0,1.01,1332.0,743.6,11.3,1,143.0,5992.0,4.195,-0.2,1.31,0.979,284.31693,47.887112,13.6,0,candidate
8233326,K04834.01,,CANDIDATE,3.74099144,0.222,5.428,34.3,1.85,1733.0,2129.07,12.3,1,361.0,5110.0,3.611,0.28,3.231,1.554,291.79465,44.193531,13.096,0,candidate
4940203,K07711.01,,CANDIDATE,302.779824,0.001,16.847,270.9,1.31,246.0,0.87,12.3,1,4.0,5734.0,4.572,-0.38,0.797,0.865,295.98404,40.043621,14.16,0,candidate
6368175,K03503.01,Kepler-1703 b,CONFIRMED,21.1876185,0.777,3.69,71.7,0.79,676.0,49.23,8.5,2,63.0,6355.0,4.547,-0.8,0.849,0.925,293.15085,41.729252,13.827,1,confirmed
4939346,K01873.02,Kepler-328 b,CONFIRMED,34.9168399,0.026,7.343,500.0,2.39,602.0,31.13,15.4,2,30.0,6194.0,4.445,0.07,1.069,1.161,295.8093,40.008511,15.674,1,confirmed
6268648,K01613.02,,CANDIDATE,94.094392,0.32,10.833,46.6,0.9,486.0,13.14,10.6,3,11.0,6099.0,4.193,-0.3,1.308,0.974,285.47659,41.632717,11.049,0,candidate
11455428,K03365.01,Kepler-1480 b,CONFIRMED,22.1270885,0.956,4.472,418.2,3.94,721.0,63.98,12.6,1,56.0,5312.0,4.103,0.34,1.445,0.963,291.99976,49.301811,14.523,1,confirmed
10935993,K03367.01,,CANDIDATE,25.3736543,0.265,2.619,372.9,1.88,653.0,42.92,10.6,1,44.0,6195.0,4.47,-0.3,0.966,0.998,298.19162,48.396259,15.056,0,candidate
5257082,K03368.01,,CANDIDATE,10.08535311,0.532,1.75,222.5,1.45,843.0,119.67,10.7,1,104.0,5947.0,4.487,-0.12,0.945,1.0,285.41266,40.42577,14.889,0,candidate
8628665,K03434.01,,CANDIDATE,10.2856373,0.378,3.043,134.9,1.24,864.0,131.91,10.4,1,134.0,5841.0,4.409,0.16,1.06,1.053,293.34521,44.700642,14.951,0,candidate
6265665,K03436.01,Kepler-1499 b,CONFIRMED,44.2018402,0.348,4.949,235.6,1.14,409.0,6.59,18.6,1,26.0,5002.0,4.543,-0.18,0.753,0.723,283.98633,41.65041,13.509,1,confirmed
5881307,K07746.01,,CANDIDATE,393.95608,0.614,13.89,482.2,2.27,263.0,1.14,10.3,1,4.0,6217.0,4.472,-0.22,0.989,1.056,293.38049,41.151901,15.622,0,candidate
4645174,K03437.01,Kepler-1500 b,CONFIRMED,15.0330623,0.896,6.326,132.2,2.18,928.0,175.74,14.9,2,92.0,5849.0,4.076,0.14,1.601,1.114,288.88333,39.74456,14.606,1,confirmed
4645174,K03437.02,,CANDIDATE,34.7496038,0.984,4.548,227.1,3.51,702.0,57.44,11.4,2,37.0,5849.0,4.076,0.14,1.601,1.114,288.88333,39.74456,14.606,0,candidate
6124137,K07764.01,,CANDIDATE,227.83457,0.56,21.59,155.3,2.83,449.0,9.59,13.1,1,6.0,6004.0,3.814,-0.36,2.193,1.143,292.0105,41.467098,13.845,0,candidate
11657614,K03370.01,,CANDIDATE,24.352541,0.505,2.782,349.1,1.52,498.0,14.52,5.8,2,51.0,4891.0,4.516,0.16,0.805,0.776,289.43896,49.73122,14.779,0,candidate
11657614,K03370.02,Kepler-1481 b,CONFIRMED,5.94228603,0.097,2.169,250.0,1.23,797.0,95.34,7.5,2,228.0,4891.0,4.516,0.16,0.805,0.776,289.43896,49.73122,14.779,1,confirmed
5687986,K07735.01,,CANDIDATE,382.30306,0.597,8.83,225.6,4.05,400.0,6.04,9.6,1,4.0,5993.0,3.733,-0.18,2.59,1.323,285.36993,40.907429,13.104,0,candidate
11125797,K03371.01,,CANDIDATE,58.1263775,0.016,4.018,271.5,1.32,404.0,6.28,13.8,2,19.0,5413.0,4.579,0.07,0.82,0.931,285.31381,48.72525,13.747,0,candidate
9785921,K03372.01,Kepler-1997 b,CONFIRMED,26.7575866,0.407,5.858,455.3,2.28,660.0,44.86,17.7,2,32.0,6215.0,4.44,-0.06,1.052,1.111,297.4809,46.589142,15.42,1,confirmed
6599975,K03438.01,Kepler-1501 b,CONFIRMED,14.5565618,0.031,4.554,103.8,1.08,787.0,90.4,17.1,1,94.0,6065.0,4.452,0.21,1.061,1.163,289.91852,42.001431,13.71,1,confirmed
4282191,K03439.01,Kepler-1502 b,CONFIRMED,41.7084063,0.671,8.567,330.0,2.19,608.0,32.24,24.3,1,24.0,6434.0,4.394,-0.1,1.138,1.169,296.10791,39.319908,14.155,1,confirmed
3559860,K03440.01,Kepler-1980 b,CONFIRMED,33.0257179,0.044,6.032,507.1,2.21,564.0,23.95,12.2,2,31.0,5819.0,4.468,0.14,0.99,1.049,295.16721,38.637081,15.606,1,confirmed
9967771,K01875.02,Kepler-990 c,CONFIRMED,0.53835407,0.334,1.5045,190.2,1.67,2386.0,7609.22,46.6,2,1979.0,5539.0,4.244,0.14,1.207,0.932,297.9382,46.881401,14.498,1,confirmed
6543893,K01627.03,,CANDIDATE,3.80675878,0.26,2.092,231.9,2.75,1574.0,1449.04,10.4,3,281.0,6068.0,4.04,0.16,1.797,1.294,297.58313,41.952431,15.767,0,candidate
6705026,K03374.01,Kepler-1483 b,CONFIRMED,9.5084871,0.143,4.372,97.9,1.65,1131.0,386.61,13.3,2,139.0,6144.0,4.106,0.14,1.668,1.296,295.40979,42.150829,14.44,1,confirmed
6705026,K03374.02,,CANDIDATE,34.1086562,0.318,6.405,133.8,1.95,739.0,70.4,11.7,2,40.0,6144.0,4.106,0.14,1.668,1.296,295.40979,42.150829,14.44,0,candidate
6779726,K03375.01,Kepler-1918 b,CONFIRMED,47.0563327,0.361,4.807,762.0,2.57,497.0,14.43,12.1,1,25.0,5889.0,4.492,-0.16,0.924,0.967,292.53055,42.214649,15.695,1,confirmed
5553959,K03377.01,,CANDIDATE,10.0100312,0.07,1.35,375.8,0.99,506.0,15.56,12.4,1,131.0,4338.0,4.731,-1.04,0.508,0.507,297.05066,40.717419,15.318,0,candidate
7288306,K03443.01,Kepler-1503 b,CONFIRMED,96.169569,0.049,7.496,894.5,2.07,321.0,2.52,20.0,1,15.0,5340.0,4.633,-0.44,0.702,0.783,293.72717,42.806759,15.796,1,confirmed
5384713,K03444.01,,CANDIDATE,12.67143692,0.047,2.498,215.8,0.76,404.0,6.31,13.7,4,103.0,3705.0,4.721,0.21,0.529,0.536,297.4292,40.561909,13.693,0,candidate
5384713,K03444.02,,CANDIDATE,60.32668824,0.974,1.6864,3146.7,4.98,240.0,0.79,57.0,4,21.0,3705.0,4.721,0.21,0.529,0.536,297.4292,40.561909,13.693,0,candidate
5384713,K03444.03,,CANDIDATE,2.63595435,0.005,1.309,93.7,0.5,682.0,51.07,9.2,4,509.0,3705.0,4.721,0.21,0.529,0.536,297.4292,40.561909,13.693,0,candidate
11860395,K03445.01,Kepler-1504 b,CONFIRMED,82.303914,0.859,15.404,737.0,4.47,485.0,13.05,22.3,1,17.0,5602.0,4.13,0.16,1.425,0.997,289.71201,50.128208,15.654,1,confirmed
9529744,K01806.02,Kepler-320 c,CONFIRMED,17.9346606,0.976,6.25,142.7,2.8,1002.0,238.78,18.8,3,56.0,6426.0,4.013,-0.24,1.775,1.182,293.21356,46.175129,13.474,1,confirmed
6451368,K07780.01,,CANDIDATE,5.3360574,0.006,3.877,54.7,1.52,1667.0,1823.9,7.0,1,253.0,6742.0,3.925,-0.4,2.032,1.267,294.48404,41.869171,12.691,0,candidate
2995392,K03379.01,Kepler-1484 b,CONFIRMED,30.4544418,0.929,6.896,472.1,2.6,624.0,35.92,17.3,1,45.0,6283.0,4.472,-0.3,0.984,1.047,292.68427,38.126282,15.268,1,confirmed
8078502,K03383.01,Kepler-1919 b,CONFIRMED,37.8862977,0.026,5.218,672.2,2.09,479.0,12.46,14.4,1,35.0,5513.0,4.551,-0.16,0.818,0.868,283.1319,43.955971,15.848,1,confirmed
8644365,K03384.01,,CANDIDATE,10.54841329,1.017,1.872,102.9,3.89,899.0,154.84,11.7,2,118.0,6047.0,4.387,0.0,1.092,1.059,298.09543,44.737061,13.204,0,candidate
5888187,K07749.01,,CANDIDATE,133.6348207,0.438,1.584,420.9,1.89,317.0,2.38,10.8,1,10.0,5202.0,4.434,0.16,0.918,0.834,295.27301,41.168282,13.623,0,candidate
3348216,K03448.01,,CANDIDATE,32.510844,0.421,3.254,361.9,2.62,680.0,50.56,12.6,1,41.0,6074.0,4.244,0.14,1.358,1.183,292.96008,38.431431,14.863,0,candidate
10793576,K03451.01,,CANDIDATE,10.90752977,0.147,2.764,186.0,1.58,955.0,196.51,11.8,1,28.0,6414.0,4.377,-0.12,1.147,1.141,290.34442,48.147308,14.056,0,candidate
7047922,K01899.02,,CANDIDATE,10.5226374,0.806,3.864,68.9,1.08,976.0,213.96,8.9,2,123.0,6327.0,4.327,-0.14,1.175,1.064,295.75412,42.537479,14.563,0,candidate
6975129,K01628.02,Kepler-312 b,CONFIRMED,1.772451066,0.006,2.4592,79.2,1.02,1685.0,1904.34,22.4,3,741.0,6243.0,4.406,0.21,1.149,1.226,298.39575,42.459751,12.949,1,confirmed
8644365,K03384.02,Kepler-1485 b,CONFIRMED,19.9158863,0.748,6.191,143.2,1.41,728.0,66.31,28.3,2,68.0,6047.0,4.387,0.0,1.092,1.059,298.09543,44.737061,13.204,1,confirmed
5894182,K07750.01,,CANDIDATE,494.485085,0.017,3.905,385.3,5.03,379.0,4.88,13.9,1,3.0,6303.0,3.774,-0.08,2.553,1.414,296.67538,41.164768,12.088,0,candidate
6947668,K03455.01,,CANDIDATE,14.0545718,0.121,4.066,274.3,1.45,711.0,60.49,11.6,1,79.0,5783.0,4.539,-0.08,0.88,0.977,291.50708,42.429878,15.802,0,candidate
6364582,K03456.01,Kepler-1505 b,CONFIRMED,30.8609783,0.852,4.216,128.9,1.08,525.0,17.96,17.8,2,33.0,5627.0,4.552,-0.16,0.833,0.902,292.00204,41.786961,12.988,1,confirmed
10290666,K00332.02,,CANDIDATE,6.86674226,0.405,4.216,47.2,0.79,1018.0,254.1,12.3,2,147.0,5914.0,4.396,0.46,1.135,1.172,297.65094,47.39629,13.046,0,candidate
9529744,K01806.03,Kepler-320 b,CONFIRMED,8.37159554,0.983,5.252,98.0,2.39,1292.0,659.25,16.6,3,116.0,6426.0,4.013,-0.24,1.775,1.182,293.21356,46.175129,13.474,1,confirmed
10328393,K01905.02,Kepler-332 c,CONFIRMED,15.99560373,0.088,3.471,221.7,1.04,550.0,21.54,20.0,3,79.0,4955.0,4.61,-0.1,0.721,0.774,286.66296,47.4137,14.017,1,confirmed
3848966,K03389.01,,CANDIDATE,29.7681831,0.739,9.425,159.9,3.98,917.0,167.51,13.2,1,47.0,5640.0,3.679,0.12,2.916,1.479,291.06937,38.914909,14.564,0,candidate
9452897,K03391.01,,CANDIDATE,36.7662364,0.164,3.305,579.5,1.28,336.0,3.02,12.6,1,37.0,4342.0,4.699,-0.8,0.54,0.531,285.84387,46.015911,15.903,0,candidate
6118370,K03458.01,Kepler-1506 b,CONFIRMED,14.0328775,0.044,6.684,210.9,1.45,783.0,88.83,11.8,1,82.0,6063.0,4.47,-0.02,1.001,1.079,290.1499,41.4646,15.652,1,confirmed
2717158,K03459.01,Kepler-1922 b,CONFIRMED,13.2226149,0.943,4.337,261.7,1.75,740.0,71.11,12.6,1,98.0,5931.0,4.545,-0.28,0.863,0.953,292.33035,37.997059,15.208,1,confirmed
6209677,K01750.02,,CANDIDATE,2.53742164,0.285,1.563,104.5,0.93,1220.0,525.68,12.8,2,500.0,5447.0,4.481,0.16,0.917,0.928,293.30023,41.523338,14.8,0,candidate
9664276,K03460.01,,CANDIDATE,62.596544,0.246,11.477,223.1,2.25,559.0,23.01,15.5,1,19.0,5934.0,4.173,0.32,1.509,1.237,297.37912,46.367069,14.451,0,candidate
11521793,K00352.02,Kepler-143 b,CONFIRMED,16.00747237,0.975,1.267,277.6,2.99,838.0,116.46,14.7,2,80.0,5857.0,4.204,-0.04,1.305,0.993,298.06769,49.412601,13.77,1,confirmed
9085563,K03393.01,Kepler-1486 b,CONFIRMED,54.6493679,0.018,7.962,432.5,2.64,538.0,19.86,15.1,1,19.0,5751.0,4.234,0.16,1.282,1.028,290.59039,45.439709,15.335,1,confirmed
11337372,K01650.02,Kepler-920 c,CONFIRMED,100.8276725,0.676,8.39,1778.8,4.35,364.0,4.16,36.7,2,8.0,5301.0,4.391,0.16,0.977,0.856,284.29694,49.15868,15.28,1,confirmed
7748487,K03394.01,,CANDIDATE,15.5764061,0.565,5.382,257.1,1.79,793.0,93.42,14.1,1,83.0,6214.0,4.442,0.07,1.076,1.169,290.23602,43.47065,15.491,0,candidate
3219037,K03395.01,,CANDIDATE,10.00506974,0.148,3.481,143.3,1.11,849.0,122.48,11.4,2,135.0,5912.0,4.453,-0.38,0.924,0.884,286.54041,38.3326,14.634,0,candidate
5710069,K03396.01,,CANDIDATE,36.2580749,0.786,5.917,380.3,1.82,516.0,16.7,12.5,1,31.0,5818.0,4.554,-0.22,0.848,0.937,293.2244,40.931931,15.553,0,candidate
9967009,K03462.01,,CANDIDATE,12.4326997,0.212,7.81,240.3,1.88,839.0,117.17,11.5,2,86.0,5480.0,4.22,0.14,1.229,0.914,297.70197,46.823318,15.916,0,candidate
9967009,K03462.02,,CANDIDATE,30.9902997,0.397,9.454,321.5,2.21,619.0,34.68,10.7,2,34.0,5480.0,4.22,0.14,1.229,0.914,297.70197,46.823318,15.916,0,candidate
9763612,K03465.01,Kepler-1507 b,CONFIRMED,16.0505464,0.135,3.171,94.4,0.81,630.0,37.12,14.6,1,87.0,5428.0,4.563,0.21,0.853,0.971,288.56152,46.536049,13.136,1,confirmed
6200810,K03397.01,,CANDIDATE,35.8754482,0.026,3.972,366.7,2.35,668.0,47.15,12.6,1,34.0,6559.0,4.357,-0.04,1.218,1.235,290.44928,41.535789,15.353,0,candidate
3561464,K03398.01,Kepler-1487 b,CONFIRMED,7.31945294,0.112,4.881,166.8,5.05,1682.0,1891.07,16.3,3,142.0,5745.0,3.499,0.4,3.955,1.801,295.49811,38.644501,13.489,1,confirmed
3561464,K03398.02,Kepler-1487 c,CONFIRMED,35.8007112,0.043,8.219,417.4,7.97,991.0,227.68,25.0,3,33.0,5745.0,3.499,0.4,3.955,1.801,295.49811,38.644501,13.489,1,confirmed
3561464,K03398.03,,CANDIDATE,4.32710579,0.025,3.872,84.1,3.58,2004.0,3805.87,9.5,3,224.0,5745.0,3.499,0.4,3.955,1.801,295.49811,38.644501,13.489,0,candidate
5213404,K03468.01,Kepler-1508 b,CONFIRMED,20.7057153,0.922,9.678,115.9,3.22,967.0,206.73,13.5,1,66.0,5668.0,3.792,0.14,2.437,1.338,298.11887,40.37505,14.276,1,confirmed
4844470,K03469.01,,CANDIDATE,60.532988,0.618,7.086,467.5,1.91,420.0,7.36,23.8,1,17.0,5631.0,4.557,-0.06,0.847,0.946,294.25037,39.943939,14.196,0,candidate
11551692,K01781.03,Kepler-411 d,CONFIRMED,58.0198583,0.951,5.348,1286.6,3.46,354.0,3.7,66.0,3,16.0,4920.0,4.62,0.07,0.72,0.822,287.60559,49.523258,12.231,1,confirmed
9995771,K03470.01,,CANDIDATE,15.0617835,0.114,6.31,196.6,1.61,794.0,94.08,12.1,2,74.0,5806.0,4.321,0.14,1.158,1.024,283.79782,46.931,15.386,0,candidate
9966219,K03401.01,,CANDIDATE,17.9559673,0.979,6.237,137.0,1.96,750.0,74.61,11.9,2,60.0,5641.0,4.258,0.07,1.195,0.944,297.47839,46.81575,14.388,0,candidate
5531953,K01681.02,Kepler-1984 b,CONFIRMED,1.992812339,1.127,2.066,314.8,6.81,675.0,48.82,16.8,4,643.0,3638.0,4.844,-0.14,0.42,0.45,291.285,40.730049,15.855,1,confirmed
11754430,K03403.01,Kepler-1488 b,CONFIRMED,39.818832,0.6,10.757,199.1,2.23,650.0,42.32,29.4,2,27.0,5710.0,4.073,0.0,1.524,1.003,286.64642,49.937778,13.102,1,confirmed
9995771,K03470.02,Kepler-1509 b,CONFIRMED,25.4337864,0.232,6.514,302.0,2.0,667.0,46.8,14.3,2,43.0,5806.0,4.321,0.14,1.158,1.024,283.79782,46.931,15.386,1,confirmed
6231721,K07773.01,,CANDIDATE,2.69339974,0.279,1.936,147.5,1.04,1151.0,415.96,8.7,1,497.0,5355.0,4.511,0.07,0.863,0.88,298.68607,41.521069,15.673,0,candidate
9536108,K03472.01,,CANDIDATE,10.43003118,0.283,2.029,120.0,1.14,906.0,159.58,10.6,1,130.0,6277.0,4.449,-0.18,1.031,1.085,295.63855,46.132549,14.412,0,candidate
8905246,K03473.01,,CANDIDATE,27.63714708,0.669,1.7277,735.5,6.96,816.0,104.6,27.4,1,47.0,5214.0,3.766,0.06,2.427,1.254,298.0759,45.18903,13.851,0,candidate
5213230,K03474.01,Kepler-1923 b,CONFIRMED,52.6095103,0.102,8.202,203.7,1.83,553.0,22.13,15.3,1,27.0,5881.0,4.259,0.16,1.294,1.109,298.0834,40.34621,14.192,1,confirmed
3326377,K01830.02,Kepler-967 c,CONFIRMED,198.7106251,0.026,8.638,2094.8,3.56,258.0,1.05,62.1,2,8.0,5180.0,4.548,0.0,0.8,0.825,286.55807,38.405369,14.443,1,confirmed
5460434,K07729.01,,CANDIDATE,50.563697,0.779,5.381,50.5,1.57,761.0,79.36,6.8,1,14.0,6759.0,4.018,0.12,2.022,1.552,295.19501,40.670841,10.948,0,candidate
10922659,K03335.01,Kepler-1916 b,CONFIRMED,31.2543238,0.019,5.662,438.0,2.29,635.0,38.54,14.7,1,39.0,6246.0,4.433,0.07,1.092,1.18,293.07062,48.387741,15.82,1,confirmed
6021275,K00284.04,Kepler-132 e,CONFIRMED,110.2867031,0.675,4.427,145.3,1.41,414.0,6.96,16.4,4,8.0,5931.0,4.322,-0.24,1.101,0.929,283.23581,41.34304,11.818,1,confirmed
7869917,K01525.02,Kepler-880 c,CONFIRMED,11.8061737,0.905,4.472,88.1,2.87,1407.0,926.72,10.1,2,107.0,6900.0,3.843,0.0,2.599,1.714,281.97125,43.672771,12.082,1,confirmed
11754430,K03403.02,Kepler-1488 c,CONFIRMED,6.15828666,0.595,6.329,57.7,1.2,1212.0,510.35,16.4,2,165.0,5710.0,4.073,0.0,1.524,1.003,286.64642,49.937778,13.102,1,confirmed
8409295,K03404.01,Kepler-1489 b,CONFIRMED,82.292865,0.195,7.048,371.1,1.82,400.0,6.07,13.0,1,16.0,5626.0,4.467,0.14,0.957,0.977,281.29581,44.465401,14.828,1,confirmed
7131760,K03407.01,Kepler-1490 b,CONFIRMED,92.436978,0.943,6.432,955.2,2.89,348.0,3.46,17.8,1,15.0,5595.0,4.606,-0.48,0.741,0.808,295.69357,42.609509,15.449,1,confirmed
11922778,K03408.01,,CANDIDATE,65.427645,0.004,9.404,319.0,1.65,453.0,9.94,15.6,1,21.0,6014.0,4.504,-0.2,0.926,0.998,296.0069,50.281811,14.821,0,candidate
2975770,K01788.02,,CANDIDATE,369.069345,0.929,5.832,945.9,3.07,197.0,0.35,11.7,2,4.0,4855.0,4.542,0.12,0.778,0.769,287.73755,38.114559,14.521,0,candidate
11853878,K01833.02,Kepler-968 d,CONFIRMED,7.68433346,0.951,1.4346,1175.0,2.58,583.0,27.35,28.5,3,135.0,4402.0,4.682,-0.58,0.572,0.575,285.60254,50.112041,14.265,1,confirmed
7692093,K03337.01,,CANDIDATE,11.16622885,0.176,3.389,353.9,1.56,725.0,65.16,13.6,2,120.0,5552.0,4.562,-0.04,0.836,0.931,294.90594,43.381889,15.927,0,candidate
7772914,K03339.01,,CANDIDATE,23.1334494,0.954,3.602,456.3,2.55,638.0,39.2,21.6,1,60.0,5712.0,4.382,-0.52,0.932,0.763,297.75192,43.447578,14.656,0,candidate
3529290,K03340.01,,CANDIDATE,8.9539656,0.656,4.898,70.4,0.84,923.0,171.51,12.2,2,143.0,6168.0,4.452,-0.5,0.947,0.925,286.51019,38.618309,13.776,0,candidate
3529290,K03340.02,,CANDIDATE,13.7281373,0.748,5.304,106.6,1.06,800.0,97.06,15.4,2,97.0,6168.0,4.452,-0.5,0.947,0.925,286.51019,38.618309,13.776,0,candidate
9285265,K03410.01,Kepler-1491 b,CONFIRMED,16.5860329,0.167,7.043,231.3,2.09,821.0,107.25,14.6,2,80.0,5626.0,4.149,0.14,1.389,0.991,293.62976,45.74065,15.589,1,confirmed
6025124,K03411.01,,CANDIDATE,26.83771808,0.917,1.6162,8512.0,12.68,658.0,44.22,101.4,1,39.0,6194.0,4.445,0.07,1.069,1.161,285.1478,41.388908,14.426,0,candidate
5780930,K03412.01,Kepler-1492 b,CONFIRMED,16.7525077,0.763,3.174,338.3,3.65,801.0,97.43,18.2,1,80.0,4807.0,3.906,0.48,1.802,0.955,288.59711,41.03643,14.534,1,confirmed
5531953,K01681.03,,CANDIDATE,3.53105835,1.213,1.778,310.8,10.61,558.0,22.83,11.7,4,336.0,3638.0,4.844,-0.14,0.42,0.45,291.285,40.730049,15.855,0,candidate
6277410,K07774.01,,CANDIDATE,6.32589574,0.181,1.383,192.5,1.14,901.0,156.27,8.8,1,213.0,5749.0,4.568,-0.28,0.818,0.907,289.33551,41.683449,15.421,0,candidate
9843517,K03480.01,,CANDIDATE,11.9378354,0.036,4.652,246.0,1.15,671.0,47.91,9.6,1,91.0,5469.0,4.611,-0.38,0.738,0.826,296.65256,46.618809,15.954,0,candidate
8812045,K03481.01,,CANDIDATE,32.715906,0.25,10.79,135.7,3.68,902.0,156.74,13.1,1,39.0,5527.0,3.627,0.16,3.192,1.574,289.09845,45.02309,14.462,0,candidate
7288444,K03482.01,Kepler-1924 b,CONFIRMED,15.3317719,0.802,5.467,179.2,1.91,821.0,107.44,13.3,1,88.0,5726.0,4.228,0.16,1.285,1.018,293.7674,42.829208,15.098,1,confirmed
3101923,K03483.01,,CANDIDATE,82.331756,0.027,8.664,283.2,2.08,474.0,11.96,11.9,1,18.0,5997.0,4.304,0.16,1.242,1.135,287.32269,38.279709,14.872,0,candidate
10881457,K03484.01,Kepler-1510 b,CONFIRMED,84.704139,0.01,10.393,655.7,4.17,537.0,19.59,17.0,1,11.0,6085.0,4.115,0.14,1.634,1.271,298.95914,48.25782,15.169,1,confirmed
5621333,K03341.01,,CANDIDATE,27.0965146,0.769,8.42,208.4,2.13,700.0,56.79,16.4,2,52.0,5775.0,4.193,0.14,1.352,1.038,292.22977,40.808949,14.886,0,candidate
5621333,K03341.02,,CANDIDATE,11.5474983,0.495,6.684,115.5,1.48,930.0,176.97,12.3,2,112.0,5775.0,4.193,0.14,1.352,1.038,292.22977,40.808949,14.886,0,candidate
3236705,K03343.01,,CANDIDATE,83.2664103,0.029,2.813,620.0,2.89,439.0,8.78,10.9,1,17.0,5538.0,4.266,0.16,1.18,0.937,291.85522,38.393131,14.97,0,candidate
11810124,K03344.01,Kepler-1471 c,CONFIRMED,11.6044881,0.118,3.409,267.6,1.88,841.0,118.5,14.5,3,113.0,5533.0,4.275,0.16,1.166,0.934,289.66489,50.020039,15.254,1,confirmed
3433668,K03415.01,Kepler-1493 b,CONFIRMED,15.0219784,0.96,5.068,96.9,1.77,874.0,137.91,7.4,1,87.0,5831.0,4.162,0.0,1.382,1.011,288.54913,38.565231,13.109,1,confirmed
2849140,K03416.01,,CANDIDATE,11.8237228,0.698,8.518,212.7,1.25,703.0,57.62,14.2,1,114.0,5559.0,4.578,-0.18,0.803,0.899,290.73328,38.00721,15.353,0,candidate
7503885,K03417.01,Kepler-1494 b,CONFIRMED,91.078624,0.901,10.304,738.6,3.26,415.0,7.02,20.8,1,14.0,5915.0,4.437,-0.02,1.008,1.014,282.65741,43.162521,15.214,1,confirmed
3629330,K03418.01,Kepler-1495 b,CONFIRMED,85.272459,0.965,13.31,767.8,3.85,443.0,9.1,18.9,1,12.0,5922.0,4.349,-0.28,1.057,0.911,286.13077,38.779629,15.417,1,confirmed
8121328,K03486.01,,CANDIDATE,19.0689513,0.98,12.462,169.3,1.63,627.0,36.63,19.1,1,71.0,5418.0,4.436,-0.2,0.889,0.788,298.82062,43.909859,14.371,0,candidate
11853878,K01833.03,Kepler-968 c,CONFIRMED,5.70940795,0.751,1.622,586.7,1.51,644.0,40.66,20.2,3,176.0,4402.0,4.682,-0.58,0.572,0.575,285.60254,50.112041,14.265,1,confirmed
11810124,K03344.02,Kepler-1471 b,CONFIRMED,3.63898953,0.32,2.252,209.6,1.68,1238.0,555.71,16.0,3,368.0,5533.0,4.275,0.16,1.166,0.934,289.66489,50.020039,15.254,1,confirmed
11303322,K03345.01,Kepler-1472 b,CONFIRMED,38.1303324,0.562,6.53,180.4,1.54,613.0,33.43,11.6,1,34.0,6370.0,4.41,-0.1,1.106,1.148,294.85263,49.057468,14.633,1,confirmed
11241912,K03346.01,Kepler-1473 b,CONFIRMED,14.42735088,0.977,4.857,117.0,1.53,783.0,88.9,21.5,1,91.0,5929.0,4.403,-0.06,1.04,1.0,290.63657,48.996078,13.359,1,confirmed
6043538,K07759.01,,CANDIDATE,6.2253374,0.692,4.388,108.6,1.92,1378.0,851.73,11.8,1,220.0,6263.0,4.024,-0.18,1.726,1.147,292.18057,41.31554,14.918,0,candidate
8824737,K03347.01,Kepler-1917 b,CONFIRMED,12.90235874,0.382,2.446,354.4,1.49,675.0,48.99,15.7,1,101.0,5530.0,4.586,-0.22,0.788,0.882,294.10391,45.001419,15.487,1,confirmed
9349757,K03348.01,Kepler-1474 b,CONFIRMED,36.4337867,0.25,4.388,406.8,2.2,561.0,23.35,16.2,2,37.0,5566.0,4.329,0.14,1.099,0.938,294.69406,45.86684,15.246,1,confirmed
7289338,K03420.02,,CANDIDATE,12.5014905,0.43,3.882,220.1,2.24,952.0,194.3,10.8,2,107.0,5821.0,4.127,0.16,1.492,1.088,294.01529,42.824371,15.589,0,candidate
5004909,K03421.01,,CANDIDATE,40.6511021,0.682,11.282,136.4,1.7,651.0,42.54,17.3,1,35.0,6297.0,4.26,0.14,1.369,1.247,289.91971,40.16853,13.935,0,candidate
6278670,K07775.01,,CANDIDATE,89.945828,0.171,2.286,335.6,3.46,509.0,15.86,6.6,1,15.0,5115.0,3.819,-0.24,1.924,0.891,289.72791,41.612289,13.64,0,candidate
5898983,K03422.01,,CANDIDATE,40.1454757,0.491,5.2,310.8,13.01,1640.0,1708.38,5.2,1,37.0,7852.0,3.159,-0.5,7.162,2.697,297.71487,41.104279,13.201,0,candidate
7703955,K01707.02,Kepler-315 c,CONFIRMED,265.47847,0.956,10.28,1040.7,4.2,291.0,1.7,18.1,2,5.0,5792.0,4.375,-0.26,1.005,0.875,298.0231,43.363522,15.321,1,confirmed
5617259,K07733.01,,CANDIDATE,1.048130894,0.216,5.6707,191.8,4.52,3871.0,52952.95,5.2,1,1282.0,7673.0,3.679,-0.36,3.214,1.799,290.96094,40.896198,11.86,0,candidate
8880123,K03493.01,Kepler-1925 b,CONFIRMED,46.7162336,0.266,7.259,345.5,2.03,531.0,18.74,15.4,1,31.0,5856.0,4.386,0.16,1.092,1.057,289.8288,45.10276,15.223,1,confirmed
9474756,K03495.01,,CANDIDATE,17.6062701,0.923,6.134,146.2,1.72,753.0,75.96,10.4,2,75.0,5808.0,4.326,0.16,1.159,1.038,295.55374,46.02911,15.135,0,candidate
8636333,K03349.01,Kepler-1475 b,CONFIRMED,82.175197,0.015,8.664,546.4,2.24,441.0,8.92,20.8,1,17.0,6247.0,4.489,-0.34,0.954,1.022,295.94827,44.75312,15.292,1,confirmed
8081239,K03352.01,Kepler-1476 b,CONFIRMED,10.35857039,0.074,2.577,273.7,1.68,860.0,129.28,15.1,1,133.0,5893.0,4.423,-0.02,1.02,1.005,284.5321,43.98996,15.408,1,confirmed
5308663,K01562.02,,CANDIDATE,20.0679247,0.849,5.236,482.2,2.25,662.0,45.49,13.8,2,56.0,5997.0,4.522,-0.22,0.904,0.991,299.556,40.456551,15.59,0,candidate
3745559,K03423.01,Kepler-1920 b,CONFIRMED,30.2541186,0.122,2.134,576.3,2.8,660.0,44.87,12.3,1,47.0,6277.0,4.402,0.21,1.161,1.239,291.06204,38.863312,14.296,1,confirmed
9117416,K03425.01,Kepler-1921 b,CONFIRMED,20.034708,0.193,6.49,124.4,2.24,967.0,207.16,22.9,3,69.0,6120.0,3.934,0.02,2.0,1.251,300.31619,45.49538,13.266,1,confirmed
6356400,K07776.01,,CANDIDATE,541.92452,0.95,21.4,1504.2,3.15,144.0,0.1,18.1,1,3.0,4378.0,4.64,-0.34,0.614,0.601,289.28772,41.799938,15.671,0,candidate
9117416,K03425.02,Kepler-1921 c,CONFIRMED,3.15722086,0.001,3.762,49.7,1.41,1791.0,2436.47,17.4,3,410.0,6120.0,3.934,0.02,2.0,1.251,300.31619,45.49538,13.266,1,confirmed
5900235,K03426.01,,CANDIDATE,58.7701045,0.551,6.995,224.4,1.57,508.0,15.78,13.2,1,21.0,6158.0,4.397,-0.44,1.013,0.934,298.00089,41.196991,14.324,0,candidate
9474756,K03495.02,,CANDIDATE,6.685438,0.853,5.09,89.2,1.25,1040.0,276.02,9.7,2,193.0,5808.0,4.326,0.16,1.159,1.038,295.55374,46.02911,15.135,0,candidate
7517261,K03496.01,Kepler-1511 b,CONFIRMED,23.2385587,0.355,8.432,161.2,2.18,903.0,157.09,15.5,2,54.0,6602.0,4.108,-0.12,1.685,1.333,288.4212,43.179794,13.932,1,confirmed
7517261,K03496.02,,CANDIDATE,8.5433774,0.748,6.149,75.1,1.58,1260.0,595.97,10.3,2,151.0,6602.0,4.108,-0.12,1.685,1.333,288.4212,43.179794,13.932,0,candidate
8424002,K03497.01,Kepler-1512 b,CONFIRMED,20.35971899,0.925,2.1521,345.7,0.8,276.0,1.38,26.8,1,65.0,3419.0,4.904,0.04,0.344,0.346,289.27451,44.470322,13.393,1,confirmed
5877292,K07744.01,,CANDIDATE,11.7201693,0.292,2.399,154.4,1.34,870.0,135.43,7.5,1,98.0,6193.0,4.434,0.0,1.067,1.127,292.13049,41.165749,15.171,0,candidate
10657406,K01837.02,Kepler-969 c,CONFIRMED,1.682934607,0.681,1.8846,142.7,1.06,1270.0,615.67,24.5,2,788.0,5201.0,4.573,0.36,0.834,0.948,288.3725,47.933559,13.733,1,confirmed
7091432,K03353.01,Kepler-1477 b,CONFIRMED,11.55532445,0.96,3.499,250.0,1.7,674.0,48.88,16.1,1,113.0,5149.0,4.506,-0.14,0.803,0.755,281.29855,42.685749,14.598,1,confirmed
9845909,K03354.01,,CANDIDATE,11.5706005,0.416,3.073,211.9,1.33,771.0,83.39,9.6,1,73.0,5718.0,4.479,-0.2,0.9,0.89,297.37747,46.661652,15.089,0,candidate
9221528,K03355.01,,CANDIDATE,16.2953228,0.587,4.882,229.1,1.6,773.0,84.23,12.9,1,72.0,6187.0,4.432,-0.24,1.013,1.007,293.13409,45.626869,15.11,0,candidate
6106046,K07762.01,,CANDIDATE,8.5073512,0.223,2.266,209.5,1.38,891.0,148.86,8.9,1,99.0,5914.0,4.483,-0.06,0.955,1.011,285.23715,41.497532,15.33,0,candidate
6368230,K03356.01,Kepler-1478 b,CONFIRMED,26.0841212,0.092,6.141,259.7,1.35,598.0,30.24,13.8,1,52.0,6083.0,4.563,-0.5,0.835,0.933,293.1651,41.746231,15.44,1,confirmed
9027909,K03428.01,Kepler-1496 b,CONFIRMED,64.6589166,0.083,7.71,235.4,2.12,535.0,19.39,13.9,1,22.0,5821.0,4.172,0.12,1.395,1.054,293.97394,45.3507,14.694,1,confirmed
9230021,K03429.01,,CANDIDATE,15.8283833,0.623,3.643,227.5,1.8,758.0,78.2,9.8,4,70.0,5596.0,4.298,0.14,1.145,0.95,296.19614,45.634331,15.364,0,candidate
9230021,K03429.02,Kepler-1497 b,CONFIRMED,8.74192361,0.025,4.235,295.7,1.94,924.0,172.38,18.5,4,130.0,5596.0,4.298,0.14,1.145,0.95,296.19614,45.634331,15.364,1,confirmed
8552719,K01792.03,Kepler-953 c,CONFIRMED,9.10969334,0.761,5.3181,126.4,1.32,873.0,137.45,47.8,3,140.0,5611.0,4.388,0.36,1.073,1.026,288.97165,44.624531,12.16,1,confirmed
6058816,K03500.01,Kepler-1927 b,CONFIRMED,73.7502765,0.127,13.309,233.1,3.78,677.0,49.76,33.9,2,19.0,6056.0,3.797,0.14,2.481,1.408,296.35461,41.33556,13.214,1,confirmed
6058816,K03500.02,,CANDIDATE,4.7482669,0.673,4.947,35.6,1.57,1690.0,1927.62,12.1,2,280.0,6056.0,3.797,0.14,2.481,1.408,296.35461,41.33556,13.214,0,candidate
4263529,K03358.01,,CANDIDATE,10.10404351,0.951,1.0022,1322.4,4.05,752.0,75.32,39.5,1,137.0,5530.0,4.541,-0.14,0.831,0.876,291.88907,39.361771,14.031,0,candidate
6619815,K03361.01,Kepler-1696 b,CONFIRMED,65.9407869,0.332,7.776,580.4,2.33,454.0,10.04,19.8,1,20.0,5982.0,4.493,-0.04,0.96,1.047,295.57608,42.023361,15.502,1,confirmed
11651712,K03363.01,Kepler-1479 b,CONFIRMED,14.53260546,0.112,2.4212,328.9,1.69,746.0,73.37,29.0,1,74.0,6003.0,4.507,-0.14,0.932,1.019,285.71191,49.706661,13.785,1,confirmed
9896558,K01718.02,Kepler-937 c,CONFIRMED,153.348739,0.261,12.205,388.0,2.14,377.0,4.78,12.7,2,7.0,6127.0,4.356,-0.3,1.08,0.964,294.16882,46.714611,15.224,1,confirmed
7697103,K03430.01,,CANDIDATE,13.9248005,0.021,5.016,195.2,0.9,588.0,28.27,11.2,1,99.0,5271.0,4.669,-0.66,0.648,0.718,296.38269,43.386589,15.712,0,candidate
9267996,K03431.01,,CANDIDATE,19.6001405,0.971,8.613,282.0,2.08,676.0,49.23,19.7,1,68.0,6003.0,4.507,-0.14,0.932,1.019,285.22256,45.70874,13.874,0,candidate
8738775,K03432.01,Kepler-1498 b,CONFIRMED,48.0506878,0.186,7.999,274.5,2.36,564.0,23.9,15.1,1,28.0,5332.0,4.083,0.18,1.453,0.932,284.77811,44.916779,15.033,1,confirmed
7093401,K03433.01,,CANDIDATE,34.08429351,1.28,1.3521,3746.0,36.05,506.0,15.46,28.7,1,31.0,5252.0,4.428,0.1,0.922,0.83,282.34613,42.60891,15.417,0,candidate
3728432,K03893.01,Kepler-1526 b,CONFIRMED,3.90863457,0.111,1.7704,867.2,1.86,787.0,91.01,36.6,1,342.0,4518.0,4.613,-0.24,0.653,0.639,285.11969,38.866421,15.646,1,confirmed
6696580,K02092.03,Kepler-359 d,CONFIRMED,77.086191,1.227,4.77,942.8,29.77,464.0,11.0,12.9,3,16.0,6228.0,4.441,-0.08,1.049,1.107,293.29364,42.19635,15.886,1,confirmed
9892816,K01955.03,Kepler-342 e,CONFIRMED,1.644221032,0.942,2.9122,47.8,1.18,1897.0,3071.95,24.1,4,752.0,6297.0,4.26,0.14,1.369,1.247,292.67807,46.726711,13.147,1,confirmed
5384079,K02011.02,Kepler-348 c,CONFIRMED,17.2653659,0.007,5.02,67.9,1.16,888.0,146.92,13.9,2,77.0,6388.0,4.244,0.1,1.402,1.259,297.25504,40.54837,12.556,1,confirmed
4820550,K03823.01,,CANDIDATE,202.1168173,0.906,4.683,2701.2,5.8,286.0,1.59,56.3,1,7.0,5536.0,4.498,0.16,0.917,0.964,286.77145,39.983822,13.922,0,candidate
11709124,K00435.03,Kepler-154 b,CONFIRMED,33.0405509,0.431,3.3613,577.4,2.36,561.0,23.4,27.5,6,33.0,5688.0,4.415,-0.12,0.971,0.895,289.78052,49.89653,14.534,1,confirmed
9480535,K03901.01,Kepler-1527 b,CONFIRMED,160.130899,0.791,13.775,1183.0,6.67,450.0,9.68,32.4,1,5.0,6092.0,4.056,0.14,1.759,1.283,297.41443,46.060822,15.13,1,confirmed
11547869,K03749.01,,CANDIDATE,10.72725536,1.056,1.7541,56197.0,12.85,307.0,2.1,160.5,1,10.0,3324.0,5.006,0.08,0.268,0.267,285.00772,49.503979,16.415,0,candidate
3128552,K02055.02,Kepler-1073 c,CONFIRMED,4.02582434,0.017,2.8059,265.3,1.79,1169.0,440.08,23.9,4,256.0,5509.0,4.308,0.16,1.116,0.924,294.15271,38.23304,14.523,1,confirmed
6525946,K02093.02,,CANDIDATE,2.508116,0.472,2.504,188.1,12.28,3662.0,42618.46,18.3,3,426.0,5096.0,2.435,-1.52,8.769,0.763,292.95416,41.934799,15.357,0,candidate
9892816,K01955.04,Kepler-342 c,CONFIRMED,26.2347447,0.985,3.536,196.5,2.76,754.0,76.31,22.0,4,39.0,6297.0,4.26,0.14,1.369,1.247,292.67807,46.726711,13.147,1,confirmed
4150804,K03678.01,Kepler-1513 b,CONFIRMED,160.88451966,0.284,10.8771,7590.4,9.09,346.0,3.39,526.1,1,9.0,5650.0,4.313,-0.28,1.044,0.818,289.7916,39.285328,12.888,1,confirmed
9025971,K03680.01,Kepler-1657 b,CONFIRMED,141.2415405,0.12,6.7645,12990.5,11.49,352.0,3.62,380.9,1,8.0,5705.0,4.397,0.0,1.017,0.941,293.28156,45.309669,14.524,1,confirmed
2581316,K03681.01,Kepler-1514 b,CONFIRMED,217.83184293,0.004,21.306,9148.7,11.17,343.0,3.29,1244.4,2,7.0,6259.0,4.385,0.14,1.167,1.21,292.62747,37.860142,11.69,1,confirmed
9973109,K02018.02,,CANDIDATE,16.0988294,0.017,5.686,160.2,1.14,705.0,58.53,10.9,2,63.0,5657.0,4.401,-0.48,0.911,0.762,299.526,46.899261,14.55,0,candidate
2581554,K03835.01,Kepler-1521 b,CONFIRMED,47.1484324,0.668,3.1347,1113.8,2.58,391.0,5.5,54.5,1,29.0,4975.0,4.579,-0.14,0.734,0.746,292.69028,37.83498,12.86,1,confirmed
3128552,K02055.03,Kepler-1073 d,CONFIRMED,2.50475282,0.13,2.376,181.1,1.48,1369.0,828.59,18.9,4,381.0,5509.0,4.308,0.16,1.116,0.924,294.15271,38.23304,14.523,1,confirmed
10363115,K03908.01,Kepler-1929 b,CONFIRMED,59.3627946,0.001,13.972,233.6,2.23,566.0,24.33,51.5,1,19.0,5786.0,4.106,-0.02,1.471,1.006,299.58337,47.448078,12.07,1,confirmed
5966810,K03909.01,,CANDIDATE,247.891041,0.002,18.363,956.6,4.74,367.0,4.27,34.6,1,5.0,6121.0,4.163,0.16,1.536,1.257,293.8183,41.21146,14.948,0,candidate
9761615,K03911.01,Kepler-1528 b,CONFIRMED,1.79110997,0.028,2.0917,167.5,1.29,1549.0,1356.76,24.3,1,743.0,6040.0,4.469,-0.02,0.999,1.07,287.40295,46.573978,14.496,1,confirmed
6863158,K07793.01,,CANDIDATE,1.99469354,0.643,5.297,75.1,0.46,758.0,78.2,8.9,1,680.0,3799.0,4.738,-0.1,0.51,0.518,291.85205,42.343361,15.846,0,candidate
2581316,K03681.02,Kepler-1514 c,CONFIRMED,10.51421162,0.877,3.877,85.4,1.25,943.0,187.06,21.6,2,125.0,6259.0,4.385,0.14,1.167,1.21,292.62747,37.860142,11.69,1,confirmed
10795103,K03683.01,Kepler-1515 b,CONFIRMED,214.3120439,0.016,16.2938,4523.4,9.17,380.0,4.93,562.8,1,6.0,6471.0,4.287,0.16,1.357,1.303,290.97394,48.178162,12.04,1,confirmed
8494410,K03685.02,Kepler-1516 b,CONFIRMED,7.2593226,0.366,6.1394,247.5,1.57,967.0,206.88,40.1,2,182.0,5914.0,4.421,-0.22,0.987,0.938,291.4946,44.523499,14.461,1,confirmed
8308347,K03761.01,,CANDIDATE,164.950399,0.724,30.86,24493.0,11.23,252.0,0.95,65.7,1,7.0,5001.0,4.603,-0.58,0.664,0.645,294.89749,44.21579,15.473,0,candidate
10281221,K03913.01,,CANDIDATE,0.582895412,1.011,1.0528,587.5,5.87,2347.0,7152.6,87.0,1,2294.0,6263.0,4.46,-0.22,1.009,1.068,294.61252,47.343262,14.972,0,candidate
6525946,K02093.03,,CANDIDATE,0.496069986,0.269,1.5568,128.8,10.0,6285.0,369989.68,22.1,3,940.0,5096.0,2.435,-1.52,8.769,0.763,292.95416,41.934799,15.357,0,candidate
5784777,K03916.01,Kepler-1529 b,CONFIRMED,5.33905606,0.02,1.6415,755.5,1.9,817.0,105.25,28.9,1,251.0,5057.0,4.573,-0.44,0.704,0.676,289.8707,41.04073,15.362,1,confirmed
6949061,K01960.02,Kepler-343 c,CONFIRMED,23.2218115,0.913,2.744,210.4,2.42,746.0,73.08,16.9,2,55.0,5808.0,4.185,0.14,1.374,1.054,291.96069,42.43301,14.128,1,confirmed
7017372,K03689.01,,CANDIDATE,5.24088367,0.65,3.3656,8531.2,12.74,1320.0,716.85,385.7,1,16.0,6452.0,4.241,-0.28,1.305,1.079,285.9718,42.545712,14.014,0,candidate
7102316,K02028.03,Kepler-351 d,CONFIRMED,142.545,0.015,8.75,905.4,2.52,318.0,2.42,13.7,3,8.0,5642.0,4.542,-0.14,0.846,0.91,286.4527,42.657879,15.99,1,confirmed
11518142,K03762.01,Kepler-1519 b,CONFIRMED,240.7990472,0.647,16.666,5022.9,10.31,342.0,3.22,170.1,1,6.0,5758.0,4.168,0.12,1.385,1.029,296.66791,49.461861,14.822,1,confirmed
3128552,K02055.04,,CANDIDATE,6.13074243,0.9407,2.84,146.1,1.26,916.0,166.78,9.9,4,,5741.0,4.556,-0.24,0.833,0.91,294.15271,38.23304,14.523,0,candidate
10788461,K03925.01,Kepler-1530 d,CONFIRMED,9.2075634,0.898,3.365,1243.1,5.5,972.0,211.08,43.4,3,10.0,5678.0,4.215,0.2,1.303,1.015,288.16251,48.16515,14.026,1,confirmed
10788461,K03925.02,Kepler-1530 b,CONFIRMED,2.5903958,0.725,2.088,330.9,2.55,1484.0,1147.44,18.3,3,36.0,5678.0,4.215,0.2,1.303,1.015,288.16251,48.16515,14.026,1,confirmed
10788461,K03925.03,Kepler-1530 c,CONFIRMED,5.3235335,0.804,2.714,342.4,2.69,1167.0,438.71,14.6,3,15.0,5678.0,4.215,0.2,1.303,1.015,288.16251,48.16515,14.026,1,confirmed
6887030,K07795.01,,CANDIDATE,5.44085762,0.735,2.119,137.5,0.97,892.0,149.44,9.3,1,246.0,5519.0,4.59,-0.34,0.762,0.827,297.8728,42.303291,14.81,0,candidate
8323764,K03767.01,,CANDIDATE,6.714247798,0.557,3.3304,32213.0,14.78,809.0,100.94,145.9,1,92.0,5159.0,4.508,-0.16,0.8,0.752,299.08057,44.29501,17.376,0,candidate
5008245,K03770.01,,CANDIDATE,2.60720833,0.644,2.6452,3149.7,7.31,1561.0,1403.43,185.3,1,35.0,6366.0,4.352,0.16,1.236,1.257,290.93671,40.12492,14.103,0,candidate
12784167,K03848.01,Kepler-1522 b,CONFIRMED,1.847892736,0.036,1.8904,323.3,1.51,1374.0,843.8,53.3,1,722.0,5763.0,4.557,-0.2,0.842,0.937,289.84323,52.07016,14.216,1,confirmed
11253711,K01972.02,Kepler-1031 b,CONFIRMED,1.226223959,0.005,2.1689,56.1,1.0,2024.0,3973.86,18.9,2,1072.0,5855.0,4.148,-0.26,1.34,0.92,296.08975,48.955372,13.8,1,confirmed
9489524,K02029.03,Kepler-352 d,CONFIRMED,6.8873113,0.489,2.214,85.3,0.72,788.0,90.91,8.1,4,189.0,5208.0,4.563,-0.14,0.772,0.796,299.89651,46.051971,12.957,1,confirmed
4075067,K03777.01,,CANDIDATE,17.7476059,1.25,5.066,877.0,146.63,1998.0,3768.37,7.6,1,63.0,8992.0,3.535,0.07,4.832,2.922,295.86945,39.15881,11.5,0,candidate
12301181,K02059.02,,CANDIDATE,2.18565886,0.394,1.966,35.6,0.44,1087.0,329.49,11.1,2,582.0,4997.0,4.598,0.0,0.746,0.806,287.59009,51.06057,12.906,0,candidate
11709124,K00435.04,Kepler-154 e,CONFIRMED,3.93276627,0.37,2.9403,234.9,1.5,1140.0,399.84,30.7,6,324.0,5688.0,4.415,-0.12,0.971,0.895,289.78052,49.89653,14.534,1,confirmed
8505920,K02094.02,Kepler-1090 b,CONFIRMED,198.680859,0.746,8.282,645.4,2.79,297.0,1.83,16.6,2,7.0,5330.0,4.366,0.18,1.013,0.869,295.66287,44.525841,15.001,1,confirmed
4242692,K03928.01,Kepler-1531 b,CONFIRMED,1.138548215,0.545,2.1482,66.2,1.45,2537.0,9805.45,31.5,1,1178.0,6520.0,4.01,-0.5,1.713,1.094,285.14658,39.370789,13.194,1,confirmed
6105462,K02098.02,Kepler-1093 c,CONFIRMED,89.7224125,0.742,10.963,263.7,2.21,508.0,15.69,25.6,2,13.0,6429.0,4.241,-0.46,1.262,1.011,284.978,41.420158,13.838,1,confirmed
8257205,K01986.02,Kepler-1038 c,CONFIRMED,7.12766417,0.125,2.491,229.2,1.21,784.0,89.24,16.0,2,187.0,5159.0,4.548,0.16,0.821,0.868,298.97217,44.132381,14.839,1,confirmed
6891124,K07796.01,,CANDIDATE,3.52364689,0.004,3.439,74.2,0.94,1330.0,739.8,8.5,1,382.0,6269.0,4.412,-0.08,1.085,1.106,298.72821,42.372631,14.46,0,candidate
9489524,K02029.04,,CANDIDATE,4.78850084,0.343,2.099,66.5,0.63,889.0,147.95,7.2,4,251.0,5208.0,4.563,-0.14,0.772,0.796,299.89651,46.051971,12.957,0,candidate
7813039,K03787.01,,CANDIDATE,141.73403059,0.912,1.5851,7736.4,10.3,329.0,2.77,157.4,1,8.0,5606.0,4.478,0.0,0.918,0.924,288.43912,43.505249,13.891,0,candidate
6531617,K07785.01,,CANDIDATE,433.220461,0.178,2.725,725.1,2.07,203.0,0.4,9.5,1,4.0,5232.0,4.519,-0.32,0.777,0.727,294.62714,41.933182,14.546,0,candidate
4164922,K03864.01,Kepler-1698 b,CONFIRMED,1.210693626,0.597,1.434,159.1,0.99,1351.0,784.51,41.6,2,881.0,5014.0,4.559,-0.1,0.756,0.756,293.34497,39.257809,12.914,1,confirmed
12061969,K02061.02,Kepler-2001 b,CONFIRMED,1.090011003,0.531,1.5,174.8,1.04,1402.0,911.28,12.6,2,1167.0,5081.0,4.596,0.12,0.77,0.864,291.65952,50.583881,15.753,1,confirmed
4164922,K03864.02,,CANDIDATE,18.2572722,0.412,3.434,157.5,0.94,547.0,21.16,17.3,2,59.0,5014.0,4.559,-0.1,0.756,0.756,293.34497,39.257809,12.914,0,candidate
10328393,K01905.03,Kepler-332 d,CONFIRMED,34.2115022,0.034,4.947,273.8,1.15,427.0,7.82,20.7,3,39.0,4955.0,4.61,-0.1,0.721,0.774,286.66296,47.4137,14.017,1,confirmed
5437945,K03791.01,Kepler-460 b,CONFIRMED,440.7843755,0.424,21.693,2579.0,7.23,308.0,2.14,181.0,2,4.0,6340.0,4.163,-0.38,1.393,1.031,288.47485,40.65136,13.771,1,confirmed
9353742,K03867.01,Kepler-1523 b,CONFIRMED,0.938750221,0.013,1.3568,280.7,1.46,1676.0,1874.28,47.4,1,1427.0,5497.0,4.527,0.16,0.886,0.964,296.05405,45.827049,14.86,1,confirmed
9101496,K01915.02,Kepler-335 c,CONFIRMED,67.844689,0.368,11.757,211.2,2.65,592.0,29.08,18.9,2,22.0,5878.0,4.005,0.24,1.812,1.212,296.06433,45.428619,13.996,1,confirmed
11450414,K01992.02,Kepler-347 c,CONFIRMED,27.3214242,0.983,4.836,279.6,3.61,705.0,58.35,14.9,3,46.0,5592.0,4.115,0.16,1.451,1.0,289.19958,49.305721,14.513,1,confirmed
12557548,K03794.01,Kepler-1520 b,CONFIRMED,0.65355361,1.226,1.63,4595.9,22.95,1437.0,1004.07,217.4,1,2040.0,4550.0,4.622,-0.18,0.66,0.666,290.96622,51.504719,15.692,1,confirmed
3657758,K02034.02,Kepler-1065 c,CONFIRMED,2.3702932,0.003,1.666,224.8,1.29,1256.0,588.1,7.0,2,348.0,5668.0,4.545,-0.02,0.868,0.963,294.51126,38.790501,15.54,1,confirmed
9517393,K02076.02,Kepler-1085 b,CONFIRMED,219.3215562,0.244,12.4124,3628.7,6.11,313.0,2.27,93.8,2,5.0,6063.0,4.476,0.07,1.012,1.117,287.47763,46.141178,15.273,1,confirmed
8365739,K03722.01,,CANDIDATE,2.38920105,,3.15,,,,752.42,,1,562.0,,,,,,291.88754,44.345619,15.366,0,candidate
8827930,K03801.01,,CANDIDATE,288.3128666,0.525,5.419,11181.0,13.21,300.0,1.93,96.8,1,5.0,5672.0,4.252,0.1,1.22,0.969,295.20694,45.09819,15.999,0,candidate
3440118,K03876.01,Kepler-1928 b,CONFIRMED,19.57783279,0.694,1.9857,432.6,1.96,621.0,35.14,37.2,1,72.0,5620.0,4.533,0.06,0.884,0.971,290.44067,38.52356,12.624,1,confirmed
4472818,K03878.01,Kepler-1524 b,CONFIRMED,70.9672087,0.545,6.9623,784.7,2.84,438.0,8.66,69.3,2,16.0,5818.0,4.464,0.1,0.986,1.032,293.88541,39.51981,12.72,1,confirmed
6790592,K07791.01,,CANDIDATE,106.18732,0.027,10.29,266.1,231.85,2660.0,11829.18,8.6,1,3.0,3287.0,0.114,-0.1,152.969,1.11,295.43973,42.209061,10.028,0,candidate
9411166,K01922.03,Kepler-1016 c,CONFIRMED,105.6552651,0.371,9.39,1366.9,4.22,407.0,6.51,42.3,3,12.0,5741.0,4.331,0.16,1.136,1.01,294.61365,45.984619,15.356,1,confirmed
6508221,K00416.03,,CANDIDATE,9.74765878,0.658,2.62,102.0,0.78,679.0,50.3,11.6,4,131.0,5176.0,4.612,-0.18,0.738,0.826,286.86548,41.989079,14.29,0,candidate
12154526,K02004.02,Kepler-1047 c,CONFIRMED,3.18899015,0.526,2.722,66.2,0.98,1309.0,693.65,18.4,3,416.0,5700.0,4.327,0.34,1.176,1.071,288.64627,50.788979,13.351,1,confirmed
6952971,K07798.01,,CANDIDATE,309.89103,0.569,16.4,321.3,2.15,314.0,2.3,10.7,1,4.0,6450.0,4.386,-0.08,1.155,1.183,293.17212,42.483238,14.706,0,candidate
8804845,K02039.02,Kepler-1067 b,CONFIRMED,0.762132307,0.399,1.22,63.7,0.75,1872.0,2913.14,11.5,2,1656.0,5594.0,4.489,0.16,0.934,0.981,285.38742,45.049049,14.305,1,confirmed
4147444,K03880.01,,CANDIDATE,1.803697292,0.405,1.5922,69.7,1.0,1783.0,2385.75,25.8,1,741.0,6438.0,4.33,-0.26,1.166,1.054,288.86737,39.264961,10.762,0,candidate
7515679,K03728.01,Kepler-1517 b,CONFIRMED,5.546083089,0.902,2.717,2211.0,22.27,2336.0,7027.09,56.4,1,238.0,7358.0,3.538,-0.08,4.037,2.054,287.80722,43.188782,12.252,1,confirmed
5769943,K03810.01,,CANDIDATE,1.013774136,1.161,1.2774,33878.0,18.59,827.0,110.51,166.8,1,88.0,3644.0,4.871,-0.3,0.389,0.412,283.7504,41.08601,16.758,0,candidate
4638237,K03811.01,,CANDIDATE,290.1401717,0.935,2.1583,4836.0,11.58,304.0,2.02,69.1,1,5.0,5631.0,4.212,0.07,1.263,0.947,286.15311,39.714901,13.906,0,candidate
9351316,K02078.02,Kepler-1086 c,CONFIRMED,161.515617,0.001,6.548,2215.3,2.88,211.0,0.47,25.2,2,9.0,4243.0,4.637,0.02,0.641,0.651,295.25116,45.842972,15.561,1,confirmed
5202905,K01932.02,Kepler-340 b,CONFIRMED,14.8444836,0.149,6.091,177.9,2.49,1092.0,336.06,10.5,2,74.0,6642.0,4.057,-0.02,1.846,1.421,295.93347,40.300571,12.345,1,confirmed
12154526,K02004.03,,CANDIDATE,1.72110057,0.767,1.922,29.7,0.7,1607.0,1575.2,9.3,3,692.0,5700.0,4.327,0.34,1.176,1.071,288.64627,50.788979,13.351,0,candidate
6507433,K03815.01,,CANDIDATE,4.7425521,0.851,1.11,3583.0,7.27,1159.0,426.49,10.9,1,242.0,6161.0,4.454,0.07,1.053,1.15,286.50876,41.922741,15.432,0,candidate
8765560,K03891.01,,CANDIDATE,47.1096306,1.23,5.741,752.2,78.98,751.0,75.4,35.1,1,29.0,5258.0,3.597,-0.42,2.78,1.115,296.15601,44.92009,13.731,0,candidate
11760860,K03892.01,Kepler-1525 b,CONFIRMED,2.41660149,0.035,1.9699,83.6,0.92,1343.0,770.05,33.7,1,558.0,5705.0,4.444,0.34,1.026,1.069,290.55951,49.943008,12.737,1,confirmed
12735740,K03663.01,Kepler-86 b,CONFIRMED,282.5253558,0.248,10.7965,9746.4,8.98,264.0,1.15,696.0,1,5.0,5725.0,4.506,0.0,0.913,0.974,289.76361,51.962601,12.62,1,confirmed
8780959,K03741.02,,CANDIDATE,18.577903,0.105,20.11,99.8,1.36,879.0,140.97,6.6,4,47.0,6432.0,4.207,-0.34,1.345,1.06,300.33237,44.986141,13.306,0,candidate
8552719,K01792.01,Kepler-953 b,CONFIRMED,88.40678718,0.535,12.3079,1724.4,4.55,410.0,6.65,328.0,3,16.0,5611.0,4.388,0.36,1.073,1.026,288.97165,44.624531,12.16,1,confirmed
3732035,K03966.01,Kepler-1535 b,CONFIRMED,138.944022,0.195,10.611,530.2,2.57,384.0,5.13,28.0,1,11.0,6014.0,4.362,0.0,1.115,1.044,286.61371,38.891972,14.208,1,confirmed
5008501,K01666.01,,CANDIDATE,0.968026356,0.055,0.7143,212.7,1.78,2167.0,5205.91,32.6,1,1384.0,6469.0,4.385,0.07,1.193,1.26,291.01971,40.177589,14.479,0,candidate
5184709,K01670.01,,CANDIDATE,10.57910009,0.404,1.4553,329.3,2.03,929.0,175.79,17.9,1,128.0,6323.0,4.418,-0.08,1.093,1.14,291.12006,40.333988,14.572,0,candidate
5195172,K01671.01,Kepler-1763 b,CONFIRMED,1.480283464,0.058,2.486,60.5,0.97,1822.0,2597.27,21.3,1,721.0,5897.0,4.25,0.02,1.259,1.026,294.11307,40.362968,13.522,1,confirmed
8832512,K01821.01,Kepler-963 b,CONFIRMED,9.97682072,0.022,3.4873,966.8,2.85,802.0,97.85,31.3,1,137.0,5500.0,4.416,-0.16,0.928,0.821,296.75296,45.0411,14.943,1,confirmed
7778664,K07849.01,,CANDIDATE,5.0263815,0.185,4.384,77.2,0.84,1065.0,305.12,8.5,1,269.0,5783.0,4.418,-0.24,0.962,0.885,299.14664,43.459831,14.877,0,candidate
5211199,K02158.02,,CANDIDATE,6.68231249,0.892,3.251,48.7,2.09,1350.0,784.74,12.3,2,194.0,5343.0,3.764,0.08,2.506,1.33,297.65143,40.352551,13.052,0,candidate
7834712,K07850.01,,CANDIDATE,66.119119,0.256,3.086,862.0,3.0,452.0,9.89,9.8,1,15.0,5828.0,4.462,0.32,1.028,1.116,295.79788,43.570389,15.978,0,candidate
9574614,K01745.01,,CANDIDATE,0.982090079,1.278,1.44892,5396.7,29.95,1568.0,1426.18,304.1,1,1359.0,5472.0,4.573,-0.52,0.742,0.75,284.9671,46.27626,15.933,0,candidate
8189801,K02480.01,,CANDIDATE,0.66682654,0.856,0.7847,511.6,1.49,1183.0,461.55,33.4,1,2005.0,3993.0,4.696,-0.2,0.554,0.556,298.92639,44.00219,15.745,0,candidate
9280239,K03975.01,Kepler-1536 b,CONFIRMED,364.751562,0.875,13.057,1481.5,2.89,166.0,0.18,25.5,1,4.0,4386.0,4.629,-0.26,0.63,0.616,291.58517,45.71579,15.188,1,confirmed
9886255,K01846.01,Kepler-976 b,CONFIRMED,105.9566815,0.322,6.9988,2286.4,3.79,324.0,2.59,51.8,1,13.0,5327.0,4.581,0.02,0.8,0.891,289.86963,46.72971,15.795,1,confirmed
10028352,K01957.01,,CANDIDATE,1.38680229,1.115,1.7065,242.3,29.33,2530.0,9703.01,84.4,2,766.0,6823.0,4.04,0.36,2.037,1.66,297.79224,46.935829,12.655,0,candidate
9205938,K02162.02,Kepler-1126 c,CONFIRMED,199.66876,0.046,8.996,251.9,1.45,305.0,2.06,13.9,2,7.0,5678.0,4.409,-0.4,0.921,0.794,285.69199,45.689388,14.033,1,confirmed
6803855,K01695.01,Kepler-930 b,CONFIRMED,71.4523167,0.017,6.276,216.9,2.19,561.0,23.44,16.6,1,19.0,6148.0,4.132,-0.1,1.488,1.094,298.31445,42.24744,13.781,1,confirmed
10153855,K01981.01,Kepler-1037 b,CONFIRMED,1.06378861,0.466,1.072,251.5,1.61,1650.0,1761.19,21.5,1,1004.0,5265.0,4.4,0.46,1.002,0.919,296.34103,47.17086,14.229,1,confirmed
7762723,K02663.01,Kepler-1867 b,CONFIRMED,9.88736642,0.383,4.23,68.0,0.68,768.0,82.32,14.6,1,134.0,5693.0,4.57,-0.24,0.816,0.911,294.99725,43.435921,13.461,1,confirmed
4178606,K02728.01,Kepler-1326 b,CONFIRMED,42.3520039,0.659,7.773,512.6,6.3,938.0,182.91,30.5,1,25.0,6864.0,3.783,-0.16,2.632,1.535,296.22214,39.268959,12.852,1,confirmed
5980208,K02742.01,Kepler-1331 b,CONFIRMED,0.789160884,0.376,0.9268,215.1,0.91,1244.0,564.46,23.6,1,1696.0,4258.0,4.635,-0.18,0.622,0.61,297.07379,41.22448,15.031,1,confirmed
8036287,K03984.01,Kepler-1537 b,CONFIRMED,1.44445234,0.162,0.9753,200.7,2.03,1800.0,2479.44,20.9,1,925.0,5305.0,4.088,0.24,1.449,0.939,294.38538,43.82547,14.536,1,confirmed
10917681,K01963.01,,CANDIDATE,12.89623554,0.973,2.625,426.6,2.55,783.0,89.02,32.9,1,107.0,6072.0,4.51,-0.24,0.923,1.005,290.60745,48.357182,14.107,0,candidate
11187436,K01804.01,Kepler-957 b,CONFIRMED,5.90741476,0.177,1.016,5569.0,5.1,769.0,82.73,7.2,1,232.0,4963.0,4.585,-0.42,0.69,0.667,290.15634,48.818989,15.625,1,confirmed
7134626,K07818.01,,CANDIDATE,2.52443998,0.232,2.369,45.8,1.53,2145.0,4998.98,10.6,1,536.0,6461.0,3.846,-0.34,2.225,1.266,296.40149,42.651058,13.063,0,candidate
9823519,K02793.01,Kepler-1350 b,CONFIRMED,4.49686066,0.018,1.7306,1932.5,1.93,535.0,19.34,37.0,2,114.0,3698.0,4.81,-0.2,0.444,0.464,288.25058,46.679611,16.283,1,confirmed
11246161,K02796.01,,CANDIDATE,0.5374094,0.17,1.2039,94.2,0.96,2208.0,5646.82,21.9,1,1246.0,5749.0,4.457,0.14,0.988,1.02,292.87418,48.936569,14.832,0,candidate
7047824,K02806.01,Kepler-1353 b,CONFIRMED,24.7543849,0.709,3.39,593.3,2.1,491.0,13.7,18.0,1,55.0,4852.0,4.519,0.2,0.804,0.778,295.73535,42.576248,15.514,1,confirmed
11358389,K02163.02,Kepler-365 c,CONFIRMED,17.7838298,0.115,3.997,247.1,1.6,729.0,66.87,18.7,3,76.0,6014.0,4.436,-0.04,1.021,1.037,295.62659,49.130428,14.651,1,confirmed
10352333,K03991.01,,CANDIDATE,1.570592397,0.031,0.623,214.4,1.37,1480.0,1135.98,29.7,1,680.0,5519.0,4.431,-0.14,0.921,0.837,296.50354,47.486919,13.14,0,candidate
12253474,K01947.01,,CANDIDATE,6.422943288,0.198,1.0815,261.4,1.66,1034.0,269.8,30.6,1,205.0,6102.0,4.447,-0.08,1.016,1.049,288.63483,50.912231,12.335,0,candidate
3764879,K02141.01,,CANDIDATE,1.306984786,1.144,1.194,302.1,18.33,1754.0,2230.29,38.4,1,817.0,6102.0,4.457,0.0,1.026,1.099,295.77194,38.820042,14.024,0,candidate
9602613,K02612.01,Kepler-1994 b,CONFIRMED,4.61225043,0.012,2.695,29.1,0.51,1032.0,268.27,13.7,2,228.0,5495.0,4.442,0.16,0.961,0.932,297.14883,46.296951,11.83,1,confirmed
5807769,K02614.01,Kepler-1289 b,CONFIRMED,7.99022379,0.107,3.273,165.9,1.97,1113.0,361.73,17.6,1,171.0,5689.0,4.065,0.02,1.542,1.007,296.38882,41.040569,14.59,1,confirmed
6041734,K02167.03,Kepler-1129 c,CONFIRMED,76.5369531,0.327,5.574,652.2,3.73,503.0,15.15,17.7,3,16.0,5596.0,4.105,0.14,1.466,0.998,291.60449,41.309361,15.28,1,confirmed
7601665,K07842.01,,CANDIDATE,3.11141514,0.46,3.074,28.4,0.7,1530.0,1296.58,8.3,1,431.0,6450.0,4.297,-0.1,1.273,1.169,289.88666,43.233879,13.396,0,candidate
6606438,K02860.01,Kepler-1883 b,CONFIRMED,103.4269873,0.013,5.03,950.1,3.16,416.0,7.08,17.8,1,11.0,6208.0,4.454,-0.12,1.024,1.086,291.92255,42.00256,15.549,1,confirmed
9149789,K02874.01,,CANDIDATE,0.352515897,0.26,1.0525,168.2,1.0,2194.0,5534.14,38.0,1,1899.0,5465.0,4.598,-0.26,0.766,0.857,289.85889,45.503841,14.867,0,candidate
7051984,K02879.01,,CANDIDATE,0.339069751,0.958,1.1516,53.2,2.09,3653.0,41863.05,38.2,1,1971.0,5653.0,3.846,0.02,2.183,1.216,296.7019,42.508652,12.771,0,candidate
5773121,K04002.01,Kepler-1932 b,CONFIRMED,0.524175803,0.318,0.7648,236.8,1.27,1891.0,3049.23,22.4,1,1973.0,5278.0,4.576,0.14,0.815,0.911,285.33154,41.063911,15.04,1,confirmed
4814502,K04004.01,Kepler-1933 b,CONFIRMED,4.94330596,0.928,2.9334,126.2,1.41,1058.0,296.74,27.7,1,209.0,5661.0,4.415,0.1,1.008,0.964,283.99509,39.917,12.697,1,confirmed
8142787,K04005.01,Kepler-439 b,CONFIRMED,178.139072,0.042,9.654,678.8,2.25,291.0,1.7,20.3,1,8.0,5431.0,4.496,0.02,0.879,0.881,280.80157,44.033989,14.56,1,confirmed
7613620,K07843.01,,CANDIDATE,0.619023176,0.387,1.496,77.9,0.79,1885.0,2985.06,8.9,1,2110.0,5395.0,4.536,0.38,0.891,0.995,293.67114,43.217609,15.775,0,candidate
3345675,K01772.01,,CANDIDATE,120.00336404,0.78,3.3803,39596.0,15.08,240.0,0.78,131.1,1,11.0,4315.0,4.627,0.14,0.668,0.688,292.30069,38.402142,15.635,0,candidate
11075429,K02198.01,Kepler-1137 b,CONFIRMED,23.9210408,0.936,5.174,158.3,3.01,1020.0,255.65,21.9,1,45.0,7121.0,4.031,-0.12,1.972,1.521,287.13028,48.665371,12.768,1,confirmed
11705004,K02199.01,Kepler-1806 b,CONFIRMED,9.03326435,0.455,2.857,610.7,1.96,729.0,66.89,18.3,2,119.0,5311.0,4.588,-0.04,0.788,0.884,287.53503,49.801659,15.901,1,confirmed
11244682,K03933.01,Kepler-1699 b,CONFIRMED,3.490785878,0.116,1.4513,336.8,1.32,1010.0,245.65,32.7,1,384.0,5496.0,4.618,-0.46,0.725,0.81,292.13733,48.917191,14.678,1,confirmed
5895158,K03935.01,Kepler-1532 b,CONFIRMED,1.093665854,0.174,1.4399,218.4,1.29,1681.0,1880.33,33.5,1,1217.0,5845.0,4.541,-0.16,0.874,0.968,296.9028,41.198189,14.815,1,confirmed
4947556,K03936.01,,CANDIDATE,141.608555,0.399,7.685,1263.1,2.98,290.0,1.68,43.3,2,10.0,5083.0,4.512,0.22,0.844,0.844,297.57712,40.02771,13.336,0,candidate
7287028,K07832.01,,CANDIDATE,3.6092231,0.364,2.8,52.4,0.68,1192.0,477.0,4.4,1,367.0,6032.0,4.508,-0.18,0.929,1.014,293.35861,42.80666,13.534,0,candidate
8376848,K04007.01,,CANDIDATE,11.4927112,1.212,7.764,291.5,25.01,858.0,127.97,18.7,1,116.0,6198.0,4.464,-0.16,1.005,1.072,295.74899,44.37476,15.472,0,candidate
4173026,K02172.02,Kepler-1801 c,CONFIRMED,116.583183,0.586,5.8,819.0,2.91,371.0,4.47,8.7,2,9.0,5738.0,4.426,-0.06,0.981,0.936,295.164,39.201408,15.104,1,confirmed
8934103,K04009.01,Kepler-1538 b,CONFIRMED,175.13892,0.07,10.767,634.5,3.06,346.0,3.39,17.9,2,8.0,5497.0,4.243,0.32,1.241,0.981,283.3457,45.27446,15.245,1,confirmed
4947556,K03936.02,Kepler-1930 b,CONFIRMED,13.0267964,0.93,0.785,356.6,2.08,643.0,40.51,11.4,2,100.0,5083.0,4.512,0.22,0.844,0.844,297.57712,40.02771,13.336,1,confirmed
7300182,K07833.01,,CANDIDATE,172.820248,0.249,7.343,549.3,2.22,338.0,3.08,10.6,1,8.0,6174.0,4.499,-0.3,0.939,1.014,296.78555,42.880291,14.321,0,candidate
9009953,K04014.01,Kepler-1700 b,CONFIRMED,234.240739,0.944,12.925,464.1,3.41,329.0,2.77,27.7,1,6.0,5814.0,4.269,0.16,1.248,1.055,286.94971,45.353828,13.685,1,confirmed
9904006,K02135.02,,CANDIDATE,20.1890396,0.541,6.251,112.1,1.39,794.0,93.89,15.0,3,49.0,6178.0,4.269,-0.04,1.267,1.085,296.80344,46.74115,13.573,0,candidate
7679812,K03943.01,Kepler-1931 b,CONFIRMED,38.5763483,0.015,19.861,282.1,2.05,619.0,34.77,76.3,1,33.0,6167.0,4.333,0.12,1.221,1.174,290.87228,43.333,12.626,1,confirmed
7366501,K07834.01,,CANDIDATE,7.3812344,0.687,2.802,104.5,1.0,944.0,187.24,8.6,1,182.0,6072.0,4.51,-0.24,0.923,1.005,292.94757,42.904308,15.051,0,candidate
8282846,K04015.01,Kepler-1539 b,CONFIRMED,133.303247,0.063,7.342,1017.5,2.67,301.0,1.94,20.6,1,10.0,5064.0,4.474,0.18,0.864,0.811,284.21942,44.268539,15.307,1,confirmed
5938970,K04016.01,Kepler-1540 b,CONFIRMED,125.4132302,0.822,2.3241,1345.0,3.14,266.0,1.18,22.6,1,8.0,4641.0,4.557,0.16,0.747,0.734,283.34448,41.20174,14.073,1,confirmed
7375348,K00266.01,Kepler-508 b,CONFIRMED,25.30893566,0.799,5.7704,153.7,1.77,710.0,60.2,54.2,2,52.0,5949.0,4.272,0.18,1.292,1.14,295.40433,42.981422,11.472,1,confirmed
8636434,K03946.01,Kepler-1533 b,CONFIRMED,308.544422,0.022,18.503,586.8,3.28,330.0,2.81,56.8,1,5.0,6325.0,4.274,0.14,1.349,1.252,295.97556,44.713451,13.215,1,confirmed
7296438,K00364.01,,CANDIDATE,173.92851338,,2.64,,,,,,1,,,,,,,295.87231,42.881149,10.087,0,candidate
9425139,K01411.01,,CANDIDATE,305.0762469,0.695,6.255,4042.8,7.82,284.0,1.53,113.4,1,5.0,5716.0,4.348,0.4,1.155,1.083,298.99509,45.909512,13.377,0,candidate
7810483,K01943.01,Kepler-1676 b,CONFIRMED,29.92208104,0.38,2.7716,345.3,3.09,782.0,88.52,37.6,1,44.0,6127.0,4.055,-0.12,1.637,1.109,287.23676,43.567211,13.377,1,confirmed
9904006,K02135.03,Kepler-361 b,CONFIRMED,8.48651582,0.009,5.267,110.8,1.34,1060.0,298.03,21.1,3,124.0,6178.0,4.269,-0.04,1.267,1.085,296.80344,46.74115,13.573,1,confirmed
7367164,K07835.01,,CANDIDATE,3.76565247,0.535,1.557,92.4,0.87,1108.0,356.3,9.1,1,353.0,5815.0,4.54,-0.12,0.877,0.973,293.13828,42.965141,14.688,0,candidate
7671950,K07846.01,,CANDIDATE,10.5994606,0.671,9.484,128.8,1.28,896.0,152.67,11.2,1,109.0,6194.0,4.445,0.07,1.069,1.161,287.81284,43.362549,15.284,0,candidate
8081187,K01951.01,Kepler-1025 b,CONFIRMED,37.3228722,0.608,7.2146,307.5,35.34,1654.0,1769.88,42.6,1,39.0,4907.0,2.41,0.21,19.53,3.573,284.51019,43.961658,13.573,1,confirmed
12061969,K02061.01,Kepler-2001 c,CONFIRMED,14.092583189,0.586,4.1536,530.4,1.82,597.0,30.1,17.8,2,94.0,5081.0,4.596,0.12,0.77,0.864,291.65952,50.583881,15.753,1,confirmed
9084778,K01631.01,,CANDIDATE,0.592243731,0.986,1.386,3992.4,6.77,1551.0,1361.22,303.8,1,2264.0,4920.0,4.664,-0.96,0.591,0.588,290.28094,45.46426,15.653,0,candidate
7747103,K07847.01,,CANDIDATE,399.37587,0.556,21.25,552.2,3.93,326.0,2.66,11.9,1,3.0,6098.0,4.069,-0.06,1.618,1.119,289.7308,43.497368,13.281,0,candidate
6342333,K02065.01,Kepler-1789 b,CONFIRMED,80.2321467,0.911,4.656,888.7,3.24,380.0,4.91,24.9,1,12.0,5436.0,4.505,0.12,0.888,0.92,282.86319,41.79668,14.32,1,confirmed
10674871,K02068.01,,CANDIDATE,41.88970036,1.285,1.35,1304.4,32.16,515.0,16.66,20.9,1,24.0,5952.0,4.519,-0.18,0.907,0.989,295.46463,47.90807,14.74,0,candidate
10404582,K02147.02,Kepler-362 b,CONFIRMED,10.32736351,0.754,1.889,126.9,1.25,838.0,116.56,9.7,2,133.0,5757.0,4.431,0.14,1.017,1.016,291.77164,47.5299,14.5,1,confirmed
4570949,K01658.01,Kepler-76 b,CONFIRMED,1.544928892,0.918,1.43586,5817.3,13.43,1997.0,3765.46,1109.7,1,692.0,6309.0,4.199,-0.1,1.412,1.15,294.19211,39.618999,13.308,1,confirmed
11518201,K03104.01,,CANDIDATE,1.236866732,0.982,1.242,187.2,1.75,1569.0,1439.3,14.2,1,1076.0,5621.0,4.514,-0.06,0.879,0.921,296.68945,49.44677,15.388,0,candidate
11497958,K01422.05,Kepler-296 e,CONFIRMED,34.1420506,0.105,2.945,788.0,1.06,248.0,0.89,13.3,5,31.0,3526.0,4.866,-0.08,0.383,0.394,286.54001,49.437328,15.921,1,confirmed
9758032,K03137.01,,CANDIDATE,1.332035996,0.137,1.391,136.8,0.85,1365.0,823.09,12.6,1,998.0,5376.0,4.616,-0.34,0.73,0.811,285.20944,46.540909,15.682,0,candidate
6444896,K03138.01,Kepler-1649 b,CONFIRMED,8.68910764,0.049,1.1627,1679.0,0.49,211.0,0.47,9.6,2,91.0,2703.0,5.274,0.0,0.118,0.096,292.50378,41.830421,17.131,1,confirmed
11442793,K00351.05,Kepler-90 c,CONFIRMED,8.71980135,0.343,3.7454,160.4,1.53,987.0,224.47,22.7,7,111.0,5970.0,4.317,0.1,1.2,1.089,284.4335,49.305161,13.804,1,confirmed
11442793,K00351.06,Kepler-90 b,CONFIRMED,7.00821787,0.156,3.812,116.4,1.29,1062.0,300.58,19.2,7,154.0,5970.0,4.317,0.1,1.2,1.089,284.4335,49.305161,13.804,1,confirmed
6974658,K02925.01,,CANDIDATE,0.716531851,0.887,0.655,78.9,1.11,2034.0,4063.57,17.9,1,1868.0,5552.0,4.349,-0.06,1.03,0.863,298.29819,42.434368,13.458,0,candidate
9634821,K02037.02,,CANDIDATE,5.47715718,0.244,1.3849,568.4,2.17,892.0,149.23,16.7,3,207.0,5029.0,4.429,0.48,0.93,0.847,284.34274,46.316551,15.213,0,candidate
9602613,K02612.02,,CANDIDATE,7.57299816,0.411,2.645,30.2,0.53,875.0,138.36,10.9,2,128.0,5495.0,4.442,0.16,0.961,0.932,297.14883,46.296951,11.83,0,candidate
9758089,K01871.02,Kepler-1996 b,CONFIRMED,32.376183,0.896,4.4639,745.4,2.26,392.0,5.61,34.2,2,39.0,4580.0,4.641,0.08,0.675,0.748,285.25366,46.582191,14.897,1,confirmed
10005758,K01783.02,Kepler-1662 c,CONFIRMED,284.063137,0.888,8.297,1628.1,6.36,321.0,2.51,53.5,2,5.0,5791.0,4.185,0.02,1.336,0.996,289.34143,46.988239,13.929,1,confirmed
10904004,K02957.01,,CANDIDATE,4.64490141,0.058,2.456,106.4,0.76,832.0,113.62,11.7,1,289.0,4786.0,4.54,0.12,0.77,0.751,282.34305,48.340778,14.48,0,candidate
12405333,K03009.01,Kepler-1409 b,CONFIRMED,0.764863517,0.235,1.16,150.2,1.04,1733.0,2145.14,13.6,1,1751.0,5231.0,4.476,0.0,0.86,0.808,290.08478,51.208599,15.168,1,confirmed
2715695,K03077.01,Kepler-1899 b,CONFIRMED,4.09578199,0.752,1.704,405.5,1.64,851.0,124.3,11.9,2,298.0,4791.0,4.577,0.07,0.742,0.759,292.03348,37.974548,15.958,1,confirmed
11442793,K00351.04,Kepler-90 e,CONFIRMED,91.9401253,0.025,9.195,482.9,2.62,450.0,9.71,34.4,7,12.0,5970.0,4.317,0.1,1.2,1.089,284.4335,49.305161,13.804,1,confirmed
12352520,K03094.01,Kepler-1904 b,CONFIRMED,4.5770016,0.327,0.949,710.0,1.33,567.0,24.38,18.0,1,287.0,3805.0,4.767,-0.1,0.497,0.526,288.87436,51.154121,15.737,1,confirmed
7455981,K03096.01,Kepler-1425 b,CONFIRMED,14.4540329,0.522,7.183,79.7,0.72,676.0,49.51,17.2,1,95.0,5559.0,4.496,-0.64,0.79,0.714,294.95102,43.012428,13.572,1,confirmed
9605552,K03102.01,,CANDIDATE,9.3210841,0.0815,1.81,294.2,0.61,394.0,5.67,6.1,1,,3773.0,4.925,-0.8,0.35,0.376,297.96048,46.227921,15.983,0,candidate
5474613,K01599.02,Kepler-1659 b,CONFIRMED,13.6164547,1.19,5.175,376.1,22.29,755.0,76.81,22.6,2,98.0,5823.0,4.472,0.06,0.972,1.02,298.37384,40.61842,14.802,1,confirmed
9823519,K02793.02,Kepler-1350 c,CONFIRMED,1.766789509,0.066,1.3345,1009.8,1.4,730.0,66.95,26.7,2,273.0,3698.0,4.81,-0.2,0.444,0.464,288.25058,46.679611,16.283,1,confirmed
2715695,K03077.02,,CANDIDATE,7.55842923,0.619,2.91,361.1,1.46,694.0,54.85,10.3,2,155.0,4791.0,4.577,0.07,0.742,0.759,292.03348,37.974548,15.958,0,candidate
10587105,K00339.03,Kepler-529 d,CONFIRMED,35.8656484,0.963,8.035,250.9,2.44,633.0,37.92,26.2,3,30.0,6078.0,4.29,-0.16,1.189,1.005,285.88837,47.880379,13.763,1,confirmed
8558011,K00577.02,Kepler-607 b,CONFIRMED,0.638162933,0.092,1.2313,109.7,0.91,1874.0,2928.31,17.6,2,988.0,5244.0,4.449,0.02,0.888,0.808,291.05722,44.632381,14.405,1,confirmed
5283728,K05149.01,,CANDIDATE,43.681309,0.257,12.37,258.0,1.33,473.0,11.86,9.8,1,23.0,5726.0,4.564,-0.22,0.829,0.923,294.27399,40.462078,15.649,0,candidate
5374838,K05155.01,,CANDIDATE,230.180357,0.102,13.436,3689.3,7.57,347.0,3.41,64.0,1,5.0,6313.0,4.364,0.36,1.246,1.31,295.21255,40.516911,15.469,0,candidate
6366559,K05274.01,,CANDIDATE,55.7583803,0.01,2.497,132.7,1.59,537.0,19.6,9.0,1,25.0,5413.0,4.107,0.1,1.403,0.918,292.633,41.749222,12.746,0,candidate
6367663,K05275.01,,CANDIDATE,3.781123,0.004,8.15,90.4,1.16,1421.0,962.72,9.0,1,46.0,6318.0,4.247,-0.52,1.216,0.951,292.99493,41.712749,14.531,0,candidate
6368905,K05276.01,,CANDIDATE,220.720142,0.113,8.186,862.5,2.0,235.0,0.72,12.0,1,5.0,5150.0,4.634,-0.34,0.696,0.77,293.36475,41.788891,15.827,0,candidate
6372194,K05278.01,,CANDIDATE,281.5921577,0.641,5.673,9312.0,7.22,225.0,0.61,76.0,1,4.0,5330.0,4.627,-0.38,0.713,0.797,294.33594,41.747532,15.87,0,candidate
6387557,K05279.01,,CANDIDATE,103.722152,0.017,6.061,296.9,1.95,414.0,6.92,9.4,1,14.0,5784.0,4.33,0.14,1.143,1.019,298.11356,41.712749,14.775,0,candidate
5294945,K03463.01,,CANDIDATE,32.5474295,0.709,6.945,157.1,1.42,618.0,34.42,11.3,1,42.0,6068.0,4.384,-0.18,1.061,0.995,296.87976,40.45536,14.564,0,candidate
7742408,K03478.01,Kepler-1697 b,CONFIRMED,33.4969115,0.961,4.833,163.5,2.97,630.0,37.3,13.2,1,40.0,4928.0,3.966,0.48,1.688,0.962,287.66339,43.471451,13.354,1,confirmed
3968809,K05030.01,,CANDIDATE,411.8969,0.4026,6.203,502.8,2.61,279.0,1.43,8.5,1,,6362.0,4.408,0.07,1.144,1.221,295.18872,39.01865,14.452,0,candidate
3974928,K05033.01,,CANDIDATE,127.671711,0.2999,2.637,450.1,5.52,519.0,17.13,8.0,1,,4985.0,3.534,-0.32,2.633,0.865,296.35797,39.078579,13.832,0,candidate
4063943,K05035.01,,CANDIDATE,115.23145073,,2.01,,,,,,1,,,,,,,293.29913,39.188389,15.879,0,candidate
4071638,K05037.01,,CANDIDATE,349.58811,0.1899,5.052,373.3,134.79,1351.0,787.87,11.6,1,,3860.0,0.949,-0.16,74.32,1.792,295.16342,39.180187,12.989,0,candidate
5390913,K05156.01,,CANDIDATE,1.680254289,0.7314,12.585,51633.0,30.88,1996.0,3753.6,178.7,1,,6423.0,4.121,-1.72,1.246,0.747,298.7175,40.541969,12.075,0,candidate
5394585,K05158.01,,CANDIDATE,151.13008,0.0529,3.49,358.0,4.41,578.0,26.4,4.6,1,,6768.0,3.844,-0.38,2.302,1.349,299.38071,40.535671,11.867,0,candidate
5425643,K05160.01,,CANDIDATE,258.63797782,,7.11,,,,,,1,,,,,,,282.9101,40.646519,15.594,0,candidate
5428199,K05162.01,,CANDIDATE,628.15844,0.2733,12.144,502.3,0.95,101.0,0.03,14.7,1,,3697.0,4.829,-0.3,0.423,0.441,284.19696,40.641251,13.347,0,candidate
6425377,K05281.01,,CANDIDATE,263.90141,0.9585,4.303,807.1,23.91,562.0,23.6,11.0,1,,5094.0,3.126,-0.1,6.247,1.902,284.98364,41.881351,13.485,0,candidate
6442735,K05283.01,,CANDIDATE,18.7821603,0.1986,5.573,77.2,0.83,681.0,50.97,9.8,1,68.0,5919.0,4.488,-0.12,0.94,0.991,291.76413,41.86013,14.043,0,candidate
6443093,K05284.01,,CANDIDATE,389.316341,1.202,5.49,2599.8,27.61,245.0,0.86,34.7,1,3.0,5731.0,4.44,-0.1,0.958,0.921,291.89035,41.816818,14.57,0,candidate
6509282,K05287.01,,CANDIDATE,3.98916186,0.08,1.913,318.0,28.1,3293.0,27838.74,16.3,1,259.0,4998.0,2.524,0.07,16.187,3.192,287.33041,41.974899,13.56,0,candidate
8231667,K03494.01,Kepler-1926 b,CONFIRMED,42.8774169,0.02,1.991,1068.8,2.67,451.0,9.8,14.8,1,27.0,5256.0,4.483,-0.16,0.832,0.768,291.19882,44.166241,15.654,1,confirmed
6697817,K03508.01,,CANDIDATE,190.800788,0.066,8.082,287.6,1.67,321.0,2.51,13.0,1,8.0,5993.0,4.489,0.07,0.986,1.093,293.62357,42.129639,14.322,0,candidate
5437945,K03791.02,Kepler-460 c,CONFIRMED,220.142913,0.023,19.528,1796.4,5.94,389.0,5.4,121.2,2,7.0,6340.0,4.163,-0.38,1.393,1.031,288.47485,40.65136,13.771,1,confirmed
4135912,K05040.01,,CANDIDATE,29.6094263,0.719,2.71,224.9,2.87,789.0,91.56,10.8,1,42.0,6079.0,4.059,0.18,1.783,1.329,284.66583,39.252041,14.385,0,candidate
4150972,K05044.01,,CANDIDATE,161.537665,0.2175,2.65,101.8,1.37,400.0,6.04,5.9,1,,6033.0,4.218,0.07,1.358,1.111,289.8313,39.278,12.426,0,candidate
5436455,K05164.01,,CANDIDATE,209.967521,0.2723,2.585,120.0,1.16,344.0,3.29,7.1,1,,6437.0,4.439,-0.32,1.042,1.085,287.87424,40.630409,12.489,0,candidate
5439000,K05165.01,,CANDIDATE,369.73011,0.1236,14.27,274.8,1.66,274.0,1.34,9.6,1,,6283.0,4.453,-0.3,0.999,1.025,288.85123,40.692589,13.976,0,candidate
5443320,K05169.01,,CANDIDATE,21.3684341,0.063,1.18,492.8,1.72,551.0,21.86,9.7,1,61.0,5204.0,4.515,-0.26,0.786,0.736,290.20547,40.66993,15.47,0,candidate
6511182,K05288.01,,CANDIDATE,29.5632952,0.154,1.562,532.8,1.9,527.0,18.23,10.4,1,44.0,5595.0,4.562,-0.12,0.828,0.913,288.12735,41.952801,15.684,0,candidate
6517064,K05289.01,,CANDIDATE,181.81214,0.3694,16.164,474.6,2.04,324.0,2.6,21.3,1,,6060.0,4.509,-0.22,0.925,1.008,290.15829,41.98978,14.94,0,candidate
6517200,K05290.01,,CANDIDATE,435.50635,0.1452,34.16,553.8,2.06,225.0,0.61,8.2,1,,5750.0,4.538,-0.04,0.882,0.98,290.20068,41.946289,15.667,0,candidate
6517255,K05291.01,,CANDIDATE,525.560452,0.0878,2.327,1196.0,12.74,359.0,3.92,10.9,1,,4954.0,3.408,0.04,3.796,1.343,290.21606,41.954571,13.795,0,candidate
1164301,K04921.01,,CANDIDATE,95.688682,0.5497,6.465,453.8,28.41,1046.0,283.07,9.8,1,,5040.0,2.681,0.07,13.056,2.981,291.69196,36.881409,13.933,0,candidate
1429589,K04923.01,,CANDIDATE,38.168652,0.0283,5.086,90.6,1.4,696.0,55.36,8.3,1,34.0,6164.0,4.117,-0.28,1.465,1.026,290.75626,37.089809,13.195,0,candidate
1865864,K04926.01,,CANDIDATE,69.089357,0.051,6.207,475.1,1.47,332.0,2.87,8.6,1,20.0,4848.0,4.581,-0.28,0.698,0.679,290.87305,37.362179,15.572,0,candidate
1873513,K04928.01,Kepler-1624 b,CONFIRMED,3.290304098,0.09,1.7215,13552.6,4.91,540.0,20.06,220.5,1,85.0,3386.0,4.81,0.48,0.427,0.43,292.57986,37.376411,15.669,1,confirmed
4164511,K05046.01,,CANDIDATE,40.9882124,0.2697,3.599,145.8,1.44,657.0,43.98,11.3,1,,6705.0,4.328,-0.54,1.174,1.068,293.24701,39.236691,13.006,0,candidate
4241238,K05048.01,,CANDIDATE,138.333748,0.4579,2.391,603.6,6.28,488.0,13.45,8.4,1,,4948.0,3.588,-0.18,2.547,0.916,284.63876,39.355179,13.419,0,candidate
5524229,K05174.01,,CANDIDATE,22.4932751,0.1313,3.172,152.0,6.04,1183.0,463.56,11.2,1,59.0,5186.0,3.273,-0.36,4.98,1.699,288.87198,40.767059,11.4,0,candidate
5529385,K05176.01,,CANDIDATE,215.732414,0.4046,1.915,208.2,1.26,292.0,1.72,7.3,1,,5790.0,4.479,-0.52,0.856,0.804,290.43491,40.777241,13.372,0,candidate
5551240,K05178.01,Kepler-1626 b,CONFIRMED,4.13960513,0.344,3.31,106.7,1.24,1352.0,789.48,11.6,1,327.0,6535.0,4.373,-0.1,1.181,1.202,296.50043,40.72123,14.275,1,confirmed
6543192,K05297.01,,CANDIDATE,8.0906952,0.151,2.648,82.4,0.8,811.0,102.43,8.1,1,167.0,5374.0,4.495,0.22,0.902,0.928,297.42578,41.932991,14.441,0,candidate
6594945,K05300.01,,CANDIDATE,188.954072,0.014,14.17,166.5,2.46,468.0,11.36,10.9,1,4.0,6392.0,3.967,-0.2,1.899,1.219,288.28122,42.072079,13.039,0,candidate
2019199,K04931.01,,CANDIDATE,579.81521,0.8425,5.43,607.0,2.71,218.0,0.53,7.9,1,,5822.0,4.449,-0.08,0.969,0.962,292.48621,37.404339,14.473,0,candidate
2158460,K04932.01,,CANDIDATE,19.12788374,,2.0,,,,,,1,,,,,,,291.06418,37.535751,15.892,0,candidate
4346339,K05057.01,,CANDIDATE,493.74242,0.2377,5.685,506.1,7.15,358.0,3.9,12.4,1,,5015.0,3.429,-0.24,3.243,1.031,285.34329,39.413849,12.518,0,candidate
6634112,K05308.01,,CANDIDATE,9.942228056,0.93,2.45451,31067.9,22.15,740.0,70.93,1073.3,1,134.0,5268.0,4.475,-0.14,0.843,0.775,298.64252,42.092831,14.099,0,candidate
6675757,K05310.01,,CANDIDATE,22.2903562,0.028,1.623,130.4,1.13,632.0,37.67,8.1,1,63.0,5597.0,4.418,0.14,1.0,0.956,286.52942,42.167511,13.993,0,candidate
2310993,K04938.01,,CANDIDATE,55.180772,0.306,9.791,474.6,2.37,531.0,18.79,11.5,1,20.0,6306.0,4.426,-0.1,1.076,1.126,293.22018,37.610699,15.551,0,candidate
2437653,K04940.01,,CANDIDATE,84.6405853,0.2541,2.657,784.0,1.72,271.0,1.27,8.2,1,,4386.0,4.629,-0.26,0.63,0.616,290.24103,37.785221,15.16,0,candidate
2555080,K04943.01,,CANDIDATE,15.2024426,0.324,8.11,834.0,113.97,2955.0,18026.22,4.0,1,,3984.0,1.461,0.2,41.367,1.803,286.0947,37.846722,13.297,0,candidate
4471313,K05066.01,,CANDIDATE,110.089267,0.2852,1.575,1018.0,2.4,322.0,2.54,5.6,1,,5465.0,4.6,-0.34,0.75,0.817,293.51175,39.528271,15.792,0,candidate
4478142,K05067.01,,CANDIDATE,219.931324,0.307,4.818,641.0,2.3,279.0,1.43,7.1,1,4.0,5557.0,4.5,0.12,0.912,0.958,295.1868,39.575691,14.254,0,candidate
4484179,K05068.01,,CANDIDATE,385.29212,0.0118,19.417,218.5,1.57,290.0,1.68,15.1,1,,6440.0,4.355,-0.76,1.053,0.916,296.4227,39.579391,13.086,0,candidate
5650930,K05188.01,,CANDIDATE,455.195496,0.054,3.565,293.6,2.09,290.0,1.67,8.0,1,,6478.0,4.29,-0.4,1.209,1.035,299.28336,40.834389,12.376,0,candidate
5697395,K05192.01,,CANDIDATE,50.55398,0.1379,6.159,199.7,0.94,367.0,4.29,7.9,1,,4895.0,4.609,-0.3,0.687,0.698,289.22729,40.94949,14.867,0,candidate
6805414,K05329.01,,CANDIDATE,200.2350497,0.674,23.612,10812.1,10.99,325.0,2.63,220.6,1,7.0,6108.0,4.471,-0.08,0.997,1.072,298.64493,42.285831,15.392,0,candidate
6869373,K05331.01,,CANDIDATE,31.5034587,0.053,3.315,210.6,1.17,484.0,13.02,8.6,1,43.0,5269.0,4.567,0.16,0.823,0.91,293.66772,42.320541,15.164,0,candidate
6875342,K05332.01,,CANDIDATE,22.2381062,0.288,2.68,104.2,1.09,702.0,57.27,7.1,1,60.0,6192.0,4.433,-0.06,1.055,1.097,295.23825,42.322361,14.296,0,candidate
6879183,K05333.01,,CANDIDATE,20.5477769,0.028,4.634,253.8,1.67,690.0,53.65,12.1,1,65.0,5922.0,4.429,0.18,1.057,1.095,296.10648,42.354279,15.529,0,candidate
4566848,K05071.01,,CANDIDATE,180.4118581,0.953,3.29,4268.0,8.86,329.0,2.77,33.2,1,6.0,6032.0,4.485,-0.06,0.973,1.055,293.16476,39.631561,15.656,0,candidate
5734702,K05196.01,,CANDIDATE,392.47291,0.761,7.867,345.6,5.46,442.0,9.04,12.2,1,4.0,6626.0,3.728,-0.34,2.704,1.426,298.92667,40.970451,12.361,0,candidate
2861298,K04958.01,,CANDIDATE,581.729006,0.2236,6.647,186.7,2.74,308.0,2.12,8.6,1,,5765.0,3.837,-0.46,2.005,1.007,293.31863,38.005466,12.362,0,candidate
4737848,K05079.01,,CANDIDATE,56.001782,0.5045,1.706,125.2,1.54,584.0,27.51,7.2,1,,6116.0,4.178,-0.32,1.332,0.974,289.09619,39.827278,13.228,0,candidate
4750962,K05083.01,,CANDIDATE,69.932459,0.0356,2.03,264.4,8.25,812.0,102.62,8.4,1,,5207.0,3.298,0.04,5.183,1.946,293.05536,39.840069,13.809,0,candidate
4760478,K05084.01,Kepler-1625 b,CONFIRMED,287.377314,0.015,18.821,4376.9,11.67,350.0,3.56,60.4,1,3.0,5548.0,3.964,0.12,1.793,1.079,295.42935,39.886539,15.756,1,confirmed
5793275,K05202.01,,CANDIDATE,535.93723,0.5968,11.85,337.2,1.83,227.0,0.63,8.8,1,3.0,6014.0,4.494,-0.08,0.958,1.043,292.55951,41.090012,14.679,0,candidate
5857656,K05205.01,,CANDIDATE,313.051405,0.2093,10.969,594.9,2.91,310.0,2.2,39.5,1,,6218.0,4.322,-0.06,1.185,1.072,284.66022,41.10894,12.842,0,candidate
5859725,K05207.01,,CANDIDATE,18.9828305,0.021,6.303,49.1,0.72,707.0,59.15,9.6,1,52.0,5962.0,4.443,0.1,1.035,1.083,285.68912,41.18961,13.048,0,candidate
6719052,K05320.01,,CANDIDATE,357.437578,0.1427,15.903,272.3,3.13,422.0,7.53,13.6,1,,7610.0,4.127,0.07,1.862,1.693,298.45322,42.1101,13.723,0,candidate
6721603,K05321.01,,CANDIDATE,215.634356,0.002,15.097,148.0,1.92,404.0,6.28,12.3,1,6.0,6163.0,4.06,-0.32,1.568,1.03,298.95654,42.156315,13.793,0,candidate
6756369,K05322.01,,CANDIDATE,30.928898,0.7846,3.436,203.3,8.1,1051.0,288.95,8.5,1,,5029.0,3.237,0.0,5.127,1.653,283.97293,42.276588,13.907,0,candidate
6765563,K05324.01,,CANDIDATE,293.392635,0.1322,3.661,518.8,6.84,428.0,7.93,9.9,1,,5203.0,3.489,-0.5,3.055,1.051,287.90686,42.208721,13.705,0,candidate
6776555,K05327.01,,CANDIDATE,5.43361347,0.234,1.0338,1421.0,2.09,548.0,21.27,17.9,1,52.0,3694.0,4.686,0.56,0.566,0.567,291.55667,42.214169,15.808,0,candidate
2992634,K04960.01,,CANDIDATE,47.82278681,,1.19,,,,,,1,,,,,,,292.07803,38.153831,14.395,0,candidate
3001955,K04961.01,,CANDIDATE,348.96347,0.6924,13.84,585.2,2.04,198.0,0.36,11.8,1,,4823.0,4.564,0.44,0.792,0.837,294.0845,38.156319,15.325,0,candidate
3101178,K04963.01,,CANDIDATE,59.4037839,0.94,10.041,123.5,1.65,570.0,24.93,17.0,1,23.0,6373.0,4.256,-0.54,1.209,0.961,287.04688,38.231617,11.679,0,candidate
3239171,K04967.01,,CANDIDATE,43.581043,0.277,6.883,348.7,1.94,558.0,22.89,8.7,1,30.0,6225.0,4.45,-0.12,1.031,1.091,292.47034,38.394341,15.63,0,candidate
4761427,K05085.01,,CANDIDATE,327.063,0.3983,8.06,1006.0,2.82,248.0,0.89,8.8,1,,5750.0,4.538,-0.04,0.882,0.98,295.62579,39.824638,15.941,0,candidate
4770798,K05087.01,,CANDIDATE,651.07431,0.0343,5.603,153.7,1.55,234.0,0.71,7.1,1,,5696.0,4.218,0.04,1.261,0.959,297.50919,39.88802,12.524,0,candidate
4813750,K05088.01,,CANDIDATE,49.1782244,0.315,5.8,449.0,1.79,468.0,11.32,9.4,1,21.0,5674.0,4.473,-0.54,0.839,0.764,283.67819,39.964279,15.527,0,candidate
4833409,K05092.01,,CANDIDATE,271.790292,0.0142,2.944,318.4,2.38,354.0,3.72,8.1,1,,6484.0,4.258,-0.22,1.32,1.151,291.10825,39.955681,13.887,0,candidate
5946568,K05211.01,,CANDIDATE,3.5645249,0.188,2.062,53.9,0.6,1029.0,265.37,8.0,1,371.0,5435.0,4.578,0.07,0.824,0.937,287.00836,41.289101,12.936,0,candidate
5954894,K05213.01,,CANDIDATE,48.2455501,0.3106,1.375,60.5,0.64,449.0,9.61,5.0,1,,5441.0,4.481,-0.36,0.827,0.756,290.0495,41.250359,12.429,0,candidate
5965629,K05216.01,,CANDIDATE,377.311149,0.3818,3.33,804.0,2.56,243.0,0.83,8.3,1,,5897.0,4.531,-0.16,0.891,0.983,293.46365,41.290939,15.495,0,candidate
6934045,K05336.01,,CANDIDATE,265.741374,0.652,18.078,273.4,3.24,413.0,6.9,21.6,1,5.0,6537.0,4.044,-0.02,1.859,1.397,286.79755,42.42091,13.491,0,candidate
6939913,K05337.01,,CANDIDATE,470.65357,0.1585,3.458,985.0,2.99,238.0,0.75,8.3,1,,6039.0,4.493,-0.14,0.951,1.027,289.04572,42.446758,15.07,0,candidate
7009548,K05341.01,,CANDIDATE,15.18575582,0.474,0.633,256.7,2.26,922.0,170.46,11.8,1,89.0,6311.0,4.207,-0.28,1.339,1.05,282.29132,42.545509,12.493,0,candidate
3242039,K04969.01,,CANDIDATE,59.14382117,,1.74,,,,,,1,,,,,,,293.20349,38.341801,13.815,0,candidate
3340165,K04972.01,,CANDIDATE,26.092284,0.068,6.623,122.4,1.35,717.0,62.57,12.2,1,49.0,6346.0,4.362,0.14,1.214,1.241,290.9241,38.438339,13.98,0,candidate
3355104,K04975.01,,CANDIDATE,47.0628978,0.819,1.545,1647.0,4.1,483.0,12.9,14.5,1,24.0,5838.0,4.529,-0.08,0.897,0.992,294.63104,38.404549,15.706,0,candidate
4912650,K05098.01,,CANDIDATE,100.345648,0.54,7.939,372.3,1.57,325.0,2.62,15.2,1,15.0,5180.0,4.548,0.0,0.8,0.825,288.34174,40.09639,14.855,0,candidate
4914221,K05099.01,,CANDIDATE,111.187116,0.8164,3.569,110.8,1.51,440.0,8.86,7.3,1,,5806.0,4.168,-0.3,1.281,0.881,288.9306,40.057339,12.709,0,candidate
5981058,K05219.01,,CANDIDATE,27.765596,0.069,19.49,147.6,1.2,605.0,31.66,14.2,1,53.0,5897.0,4.476,0.16,0.999,1.088,297.26181,41.255508,15.197,0,candidate
6021840,K05222.01,,CANDIDATE,367.6758,0.0213,23.5,699.5,2.77,271.0,1.27,14.0,1,,6140.0,4.455,0.07,1.048,1.142,283.51559,41.335819,15.343,0,candidate
6023571,K05223.01,,CANDIDATE,354.21154,0.2007,18.594,821.3,8.41,363.0,4.12,22.0,1,,4842.0,3.562,0.26,3.035,1.227,284.3486,41.319389,13.682,0,candidate
6025174,K05224.01,,CANDIDATE,171.028691,0.26,11.784,394.2,2.49,376.0,4.72,13.1,1,6.0,6123.0,4.332,0.34,1.252,1.229,285.17563,41.342499,14.892,0,candidate
3356156,K04976.01,,CANDIDATE,624.90338,0.0703,12.169,249.0,2.77,320.0,2.48,10.6,1,,7089.0,4.148,0.08,1.729,1.532,294.86414,38.480183,13.62,0,candidate
3425363,K04977.01,,CANDIDATE,25.5338535,0.1577,2.076,368.0,1.18,410.0,6.66,8.3,1,,4445.0,4.63,-0.26,0.635,0.629,285.5293,38.548141,15.573,0,candidate
3428127,K04978.01,,CANDIDATE,339.18998,0.2222,5.117,822.0,2.75,253.0,0.96,7.6,1,,5544.0,4.402,-0.08,0.966,0.859,286.59076,38.5583,15.278,0,candidate
3441795,K04981.01,,CANDIDATE,349.73652,0.0074,3.428,886.0,2.32,216.0,0.52,6.0,1,,5310.0,4.582,0.0,0.796,0.886,290.94846,38.56591,15.466,0,candidate
4915582,K05101.01,,CANDIDATE,436.18813,0.0998,11.35,118.0,1.64,331.0,2.84,8.7,1,,6499.0,4.084,-0.66,1.497,0.993,289.35559,40.068352,13.026,0,candidate
4918303,K05104.01,,CANDIDATE,21.1579573,0.775,4.706,215.9,1.63,682.0,51.22,10.2,1,64.0,6063.0,4.476,0.07,1.012,1.117,290.12497,40.098381,15.531,0,candidate
4940376,K05107.01,,CANDIDATE,169.330666,0.5518,2.6,532.7,16.68,698.0,56.11,9.7,1,,5106.0,3.006,-0.28,7.052,1.839,296.01852,40.087151,13.743,0,candidate
6034379,K05226.01,,CANDIDATE,249.35154,0.2745,13.76,1637.0,4.42,289.0,1.65,8.2,1,,5780.0,4.438,,1.0,1.0,289.18372,41.343376,13.931,0,candidate
6034834,K05227.01,,CANDIDATE,371.56492,0.2626,14.736,375.5,1.89,259.0,1.06,16.2,1,,5735.0,4.351,-0.5,0.972,0.773,289.34515,41.36478,14.058,0,candidate
6036286,K05228.01,,CANDIDATE,546.53309,0.6074,16.04,758.0,1.03,94.0,0.02,12.3,1,,3434.0,4.892,0.0,0.36,0.368,289.81567,41.396439,15.347,0,candidate
6038152,K05229.01,,CANDIDATE,364.63189,0.4524,22.93,302.8,2.06,298.0,1.86,13.3,1,,6446.0,4.381,-0.1,1.155,1.17,290.39862,41.351559,14.425,0,candidate
6043490,K05230.01,,CANDIDATE,330.738115,0.154,4.998,333.3,4.42,375.0,4.7,8.7,1,,5458.0,3.755,-0.14,2.453,1.248,292.16544,41.329342,13.381,0,candidate
6045404,K05231.01,,CANDIDATE,78.876125,0.2209,4.912,472.3,2.03,427.0,7.86,8.1,1,,6046.0,4.509,-0.2,0.927,1.011,292.74023,41.37896,15.819,0,candidate
3540873,K04986.01,,CANDIDATE,444.04257,0.062,10.9,417.4,1.48,211.0,0.47,7.4,1,,5776.0,4.622,-0.72,0.726,0.807,290.3548,38.672531,14.795,0,candidate
3548645,K04991.01,,CANDIDATE,211.330867,0.055,4.66,531.0,2.09,300.0,1.92,7.5,1,,5941.0,4.519,-0.14,0.911,1.001,292.4809,38.654121,15.27,0,candidate
4953262,K05110.01,,CANDIDATE,105.5904748,0.743,2.188,292.4,8.16,670.0,47.59,9.5,1,13.0,4869.0,3.193,-0.04,4.383,1.094,298.76041,40.052792,11.653,0,candidate
6067545,K05236.01,,CANDIDATE,550.86514,0.027,14.548,346.5,2.06,238.0,0.76,20.8,1,3.0,5912.0,4.367,0.1,1.115,1.056,298.39798,41.314892,13.093,0,candidate
6115356,K05237.01,,CANDIDATE,380.39474,0.1094,10.775,603.0,1.84,224.0,0.6,8.6,1,,5772.0,4.608,-0.62,0.745,0.823,289.20016,41.430752,15.326,0,candidate
3553900,K04992.01,,CANDIDATE,12.5747207,0.588,2.896,323.3,1.45,693.0,54.46,10.5,1,83.0,5654.0,4.59,-0.38,0.774,0.865,293.77448,38.654381,15.133,0,candidate
5027859,K05117.01,,CANDIDATE,33.3726538,0.038,3.663,618.4,1.95,491.0,13.7,10.1,1,30.0,5504.0,4.583,-0.16,0.796,0.892,296.01883,40.108009,15.986,0,candidate
5036052,K05119.01,,CANDIDATE,143.163697,0.9527,4.854,390.3,20.03,741.0,71.41,12.9,1,,5145.0,3.05,0.07,7.653,2.394,297.78833,40.130909,12.644,0,candidate
6184894,K05245.01,Kepler-1627 b,CONFIRMED,7.20281185,0.028,2.8305,1832.6,3.06,794.0,93.79,49.4,1,144.0,5388.0,4.56,-0.7,0.717,0.681,284.05667,41.576729,13.028,1,confirmed
6197658,K05247.01,,CANDIDATE,282.0309,0.3315,14.69,782.0,3.22,315.0,2.32,11.8,1,,6343.0,4.411,0.07,1.137,1.213,289.5257,41.500488,14.81,0,candidate
6198670,K05248.01,,CANDIDATE,179.25465,0.1755,22.35,272.4,1.35,301.0,1.94,9.9,1,,5692.0,4.496,-0.56,0.82,0.77,289.82709,41.524811,15.142,0,candidate
3646449,K04999.01,,CANDIDATE,65.752109,0.109,6.854,382.5,2.0,458.0,10.36,9.9,1,20.0,5816.0,4.432,0.16,1.03,1.047,291.65906,38.712158,15.478,0,candidate
3647097,K05001.01,,CANDIDATE,59.9655175,0.0853,1.89,310.1,1.92,481.0,12.67,5.5,1,,5729.0,4.372,0.28,1.105,1.048,291.82471,38.779911,14.647,0,candidate
3748239,K05003.01,,CANDIDATE,112.951287,0.3936,4.284,555.6,15.19,783.0,88.86,7.3,1,,5215.0,3.073,-0.44,6.428,1.782,291.78705,38.863152,13.446,0,candidate
3751118,K05004.01,,CANDIDATE,103.363691,0.5904,6.012,359.1,2.0,385.0,5.19,9.4,1,,5762.0,4.461,0.38,1.022,1.103,292.5578,38.8503,14.505,0,candidate
5094412,K05124.01,,CANDIDATE,276.879492,1.045,3.779,1762.0,11.67,260.0,1.08,10.4,1,5.0,5324.0,4.396,0.1,0.966,0.846,290.2984,40.287842,15.772,0,candidate
5110453,K05126.01,,CANDIDATE,418.04355,0.8391,10.777,481.6,13.73,463.0,10.83,10.8,1,,5110.0,3.184,-0.2,5.469,1.668,294.84802,40.240879,13.637,0,candidate
5166811,K05130.01,,CANDIDATE,370.05918,0.0166,11.86,669.8,1.9,206.0,0.43,8.6,1,,5228.0,4.592,-0.18,0.751,0.806,284.46585,40.314941,15.612,0,candidate
6203955,K05249.01,,CANDIDATE,19.4534296,0.046,4.873,149.0,1.25,744.0,72.59,9.8,1,33.0,6372.0,4.453,-0.32,1.015,1.066,291.50589,41.550388,14.518,0,candidate
6266866,K05254.01,,CANDIDATE,232.916142,0.2313,7.037,64.8,1.2,361.0,4.02,8.5,1,,5807.0,4.108,0.06,1.496,1.046,284.59164,41.639271,10.926,0,candidate
9002278,K00701.04,Kepler-62 f,CONFIRMED,267.282521,0.378,7.788,471.9,1.43,207.0,0.44,19.3,5,4.0,4926.0,4.653,-0.36,0.662,0.727,283.21274,45.349861,13.725,1,confirmed
6026438,K02045.03,Kepler-354 c,CONFIRMED,16.9348104,0.471,3.408,346.3,1.31,508.0,15.77,11.5,3,57.0,4650.0,4.589,-0.04,0.706,0.704,285.75146,41.33564,15.549,1,confirmed
3229150,K02150.02,,CANDIDATE,44.7055876,1.692,6.262,471.8,72.59,509.0,15.83,12.0,2,32.0,5942.0,4.506,-0.06,0.938,1.028,289.84286,38.309601,15.253,0,candidate
11360805,K02422.02,,CANDIDATE,57.3888262,0.876,3.543,344.4,1.88,406.0,6.41,11.9,2,25.0,5242.0,4.512,0.14,0.856,0.869,296.55005,49.102322,14.803,0,candidate
3757521,K05006.01,,CANDIDATE,126.51457638,,2.15,,,,,,1,,,,,,,294.12369,38.81583,12.5,0,candidate
3758499,K05007.01,,CANDIDATE,14.5168151,0.607,5.796,86.0,1.82,1030.0,265.78,11.7,2,72.0,5934.0,3.945,-0.06,1.885,1.141,294.36734,38.846889,13.698,0,candidate
3834728,K05009.01,,CANDIDATE,359.98653,0.3719,3.866,671.0,1.76,200.0,0.38,5.6,1,,5171.0,4.626,-0.52,0.677,0.706,286.23233,38.991749,15.155,0,candidate
5181299,K05134.01,,CANDIDATE,573.23826,0.0078,2.641,470.1,6.93,338.0,3.09,6.8,1,,5172.0,3.534,-0.2,3.264,1.33,290.09991,40.386581,13.815,0,candidate
5184144,K05135.01,,CANDIDATE,314.765374,0.158,3.325,732.0,2.0,217.0,0.53,7.5,1,,5228.0,4.6,-0.14,0.755,0.836,290.93436,40.358158,15.578,0,candidate
6309307,K05262.01,,CANDIDATE,438.98396,0.546,9.62,745.2,32.58,599.0,30.43,14.0,1,,5053.0,2.77,0.07,11.706,2.939,298.19696,41.650452,12.356,0,candidate
8753896,K02473.03,Kepler-389 c,CONFIRMED,14.5123622,0.927,4.163,355.8,2.08,636.0,38.6,11.8,3,81.0,5094.0,4.469,0.16,0.87,0.813,291.95999,44.900021,15.77,1,confirmed
3863877,K05021.01,,CANDIDATE,288.07937,0.0483,3.161,991.0,3.01,269.0,1.25,7.6,1,,5825.0,4.504,0.21,0.965,1.083,294.90323,38.95647,15.212,0,candidate
5255259,K05142.01,,CANDIDATE,198.895864,0.0543,4.193,1779.0,3.33,264.0,1.14,13.0,1,,5184.0,4.502,-0.16,0.808,0.756,284.54691,40.468529,15.805,0,candidate
6346894,K05264.01,,CANDIDATE,52.69092296,,2.31,,,,,,1,,,,,,,285.14172,41.711552,12.358,0,candidate
6347890,K05266.01,,CANDIDATE,37.71508287,,1.8,,,,,,1,,,,,,,285.62076,41.73806,15.294,0,candidate
6350031,K05267.01,,CANDIDATE,5.1779065,0.073,5.366,129.5,2.93,1636.0,1692.64,9.5,1,32.0,5921.0,3.766,0.2,2.589,1.427,286.65286,41.756142,14.326,0,candidate
6359881,K05268.01,,CANDIDATE,474.22897,0.1936,13.05,475.2,2.0,225.0,0.6,7.2,1,,5818.0,4.523,0.07,0.925,1.039,290.38223,41.757408,15.322,0,candidate
6359929,K05269.01,,CANDIDATE,371.50631,0.0156,8.854,992.0,2.88,242.0,0.8,14.1,1,,5696.0,4.491,0.02,0.924,0.965,290.39795,41.75079,15.392,0,candidate
11177676,K03281.01,Kepler-1454 b,CONFIRMED,47.0320478,0.161,5.892,367.8,1.98,492.0,13.83,13.7,1,22.0,5370.0,4.337,0.18,1.055,0.881,284.22333,48.831772,14.904,1,confirmed
3865815,K05022.01,,CANDIDATE,117.26808432,,2.2,,,,,,1,,,,,,,295.35132,38.92704,12.501,0,candidate
3955444,K05027.01,,CANDIDATE,62.312419,0.3683,5.561,123.0,6.15,838.0,116.69,9.1,1,,4999.0,3.243,0.28,5.615,2.012,291.82446,39.00618,13.172,0,candidate
9274092,K05649.01,,CANDIDATE,426.942225,0.2981,3.965,1209.0,2.32,187.0,0.29,11.8,1,,5126.0,4.623,-0.56,0.669,0.685,288.78986,45.727459,15.218,0,candidate
9282853,K05651.01,,CANDIDATE,83.499618,0.341,16.03,501.0,1.72,343.0,3.29,16.1,1,13.0,5141.0,4.526,-0.24,0.773,0.731,292.64258,45.732342,15.726,0,candidate
9292100,K05652.01,,CANDIDATE,91.507044,0.1665,5.019,539.0,1.43,302.0,1.97,12.4,1,,5040.0,4.635,-0.84,0.626,0.616,296.05667,45.76976,14.969,0,candidate
9300066,K05653.01,,CANDIDATE,188.664098,0.2033,5.179,960.0,2.02,232.0,0.68,9.4,1,,4788.0,4.599,-0.36,0.672,0.655,298.3862,45.764229,15.545,0,candidate
10186761,K05772.01,,CANDIDATE,75.636309,0.2749,2.588,174.6,1.32,447.0,9.45,6.0,1,,6072.0,4.467,-0.08,0.994,1.054,281.32047,47.214809,13.825,0,candidate
10191449,K05775.01,,CANDIDATE,492.23808,0.0198,12.53,676.8,2.19,209.0,0.45,13.2,1,,5609.0,4.546,-0.04,0.854,0.937,284.0925,47.251381,15.502,0,candidate
10199984,K05776.01,,CANDIDATE,198.6004,0.648,3.53,300.8,4.6,458.0,10.45,9.8,1,,5357.0,3.641,-0.58,2.522,1.014,288.47318,47.247921,13.183,0,candidate
7625138,K05406.01,,CANDIDATE,5.71966537,0.1103,3.938,19.1,0.82,1479.0,1131.75,11.3,1,,6356.0,3.985,-0.14,1.865,1.227,296.65967,43.27029,11.331,0,candidate
8507586,K05528.01,,CANDIDATE,201.621794,0.1779,3.172,480.0,2.02,309.0,2.14,6.8,1,,5919.0,4.483,-0.24,0.923,0.945,296.19122,44.542122,15.169,0,candidate
8525101,K05532.01,,CANDIDATE,24.6777128,0.6305,5.088,131.3,6.04,1176.0,451.88,9.0,1,,4995.0,3.118,-0.28,5.058,1.225,300.83527,44.560661,13.434,0,candidate
8525286,K05533.01,,CANDIDATE,113.05980069,,19.03,,,,,,1,,,,,,,300.90146,44.597328,13.43,0,candidate
9304976,K05654.01,,CANDIDATE,54.6957124,0.954,6.89,1096.0,3.28,405.0,6.34,12.4,1,25.0,5299.0,4.535,-0.44,0.757,0.715,299.81772,45.709164,13.823,0,candidate
9330740,K05656.01,,CANDIDATE,169.84787744,,2.82,,,,,,1,,,,,,,286.12247,45.84251,12.687,0,candidate
9334027,K05657.01,,CANDIDATE,284.699924,0.3145,3.709,371.1,2.0,293.0,1.74,7.6,1,,6054.0,4.425,-0.1,1.028,1.023,288.02945,45.800098,14.403,0,candidate
9363944,K05660.01,,CANDIDATE,402.20969,0.3779,5.298,472.5,10.03,452.0,9.86,9.5,1,,4961.0,3.131,-0.26,4.649,1.067,299.03528,45.869289,13.66,0,candidate
10272858,K05782.01,,CANDIDATE,584.55603,0.3282,3.671,346.7,6.69,354.0,3.73,10.0,1,,5208.0,3.458,-0.2,3.62,1.37,291.36295,47.328709,11.367,0,candidate
10319834,K05785.01,,CANDIDATE,70.31252504,,13.66,,,,,,1,,,,,,,281.88324,47.41605,14.942,0,candidate
10339000,K05787.01,,CANDIDATE,69.775633,0.3519,9.205,140.9,1.19,480.0,12.52,9.7,1,,6224.0,4.413,-0.58,0.983,0.91,291.63892,47.474972,14.333,0,candidate
7625143,K05407.01,,CANDIDATE,58.5029431,0.0062,1.633,117.0,1.54,611.0,33.01,7.0,1,,6525.0,4.215,-0.22,1.412,1.196,296.6608,43.275089,13.048,0,candidate
7631138,K05408.01,,CANDIDATE,415.748785,0.1124,3.313,463.7,3.24,283.0,1.51,9.2,1,,5324.0,4.027,0.02,1.534,0.912,298.03403,43.228271,14.03,0,candidate
7662502,K05410.01,,CANDIDATE,24.1527864,0.175,4.451,78.1,0.97,701.0,57.15,9.3,1,54.0,6223.0,4.392,-0.08,1.095,1.073,282.98114,43.300407,13.664,0,candidate
7672215,K05411.01,,CANDIDATE,11.1734401,0.268,4.545,61.3,1.4,1279.0,632.06,9.0,1,119.0,7372.0,4.142,-0.04,1.752,1.552,287.93747,43.377659,13.335,0,candidate
7690782,K05413.01,,CANDIDATE,428.379308,0.7102,4.066,386.6,2.0,236.0,0.74,7.4,1,,5574.0,4.381,-0.28,0.953,0.798,294.51031,43.322319,14.105,0,candidate
8547213,K05536.01,,CANDIDATE,392.72811,0.4505,12.48,499.7,1.85,226.0,0.62,12.0,1,,5701.0,4.558,-0.3,0.815,0.877,286.11234,44.657581,15.033,0,candidate
8547537,K05539.01,,CANDIDATE,374.05697,0.1026,22.53,961.1,2.34,209.0,0.45,20.6,1,,5302.0,4.595,-0.12,0.771,0.865,286.29144,44.658772,15.583,0,candidate
8548454,K05541.01,,CANDIDATE,339.633833,0.111,8.859,517.8,2.04,250.0,0.93,12.0,1,,5823.0,4.522,-0.08,0.901,0.984,286.80566,44.63987,14.699,0,candidate
9391817,K05663.01,,CANDIDATE,140.884533,0.013,10.245,158.0,1.52,392.0,5.6,16.4,1,8.0,5960.0,4.306,0.1,1.213,1.087,285.60675,45.990318,13.06,0,candidate
9394953,K05665.01,,CANDIDATE,100.494129,0.0813,2.679,57.6,1.33,523.0,17.64,6.9,1,,6018.0,4.036,-0.2,1.75,1.24,287.3548,45.948662,11.484,0,candidate
9397862,K05666.01,,CANDIDATE,182.453195,0.0792,2.721,184.0,1.26,332.0,2.89,5.2,1,,6164.0,4.483,-0.44,0.927,0.952,289.02255,45.926022,13.872,0,candidate
10387792,K05789.01,,CANDIDATE,383.26217,0.1407,4.84,448.4,1.57,203.0,0.4,11.0,1,,5074.0,4.536,-0.22,0.761,0.725,283.46307,47.5546,14.06,0,candidate
10394802,K05790.01,,CANDIDATE,178.266978,0.886,5.276,1857.0,3.71,241.0,0.8,12.5,1,7.0,4899.0,4.624,0.07,0.713,0.818,287.29132,47.598251,15.518,0,candidate
10453009,K05794.01,,CANDIDATE,30.9771151,0.5092,3.188,125.0,4.3,950.0,192.79,6.8,1,,5197.0,3.453,-0.2,3.784,1.483,283.58612,47.633739,13.785,0,candidate
10459749,K05795.01,,CANDIDATE,19.11280242,,1.58,,,,,,1,,,,,,,287.11761,47.61618,15.952,0,candidate
7731281,K05416.01,Kepler-1628 b,CONFIRMED,76.377855,0.577,4.809,11004.0,6.28,240.0,0.78,38.6,1,3.0,3869.0,4.674,0.21,0.584,0.587,281.6337,43.411579,16.595,1,confirmed
7747091,K05418.01,,CANDIDATE,14.2673439,0.042,3.171,217.5,1.21,657.0,44.12,9.0,1,92.0,5475.0,4.567,0.07,0.837,0.944,289.72818,43.488239,15.181,0,candidate
7757620,K05422.01,,CANDIDATE,360.64485255,,11.19,,,,,,1,,,,,,,293.41537,43.41761,13.579,0,candidate
8570210,K05545.01,,CANDIDATE,541.04472,0.2387,12.47,181.5,1.08,206.0,0.43,8.8,1,,5829.0,4.575,-0.42,0.802,0.879,295.59698,44.613892,13.607,0,candidate
8571421,K05546.01,,CANDIDATE,514.271499,0.2032,3.46,688.9,3.01,258.0,1.04,9.0,1,,6343.0,4.411,0.07,1.137,1.213,295.97278,44.645088,14.848,0,candidate
8574794,K05547.01,,CANDIDATE,571.14302,0.5041,10.06,531.3,2.22,210.0,0.46,8.5,1,,5751.0,4.514,0.21,0.943,1.06,296.9707,44.61042,14.851,0,candidate
8613769,K05550.01,,CANDIDATE,540.39267,0.3683,9.233,1780.0,3.63,206.0,0.42,15.1,1,,5693.0,4.551,-0.08,0.856,0.95,287.08969,44.792,15.959,0,candidate
9417931,K05671.01,,CANDIDATE,190.905243,0.3708,2.529,227.1,1.73,356.0,3.81,7.4,1,,6098.0,4.321,-0.26,1.131,0.976,296.97369,45.995209,13.574,0,candidate
9456887,K05677.01,,CANDIDATE,20.5142642,0.256,3.524,153.2,1.14,598.0,30.28,9.0,1,61.0,5221.0,4.422,0.18,0.936,0.843,288.13684,46.03838,14.9,0,candidate
10470779,K05796.01,,CANDIDATE,495.854189,0.031,8.65,548.6,2.41,230.0,0.67,10.9,1,3.0,5613.0,4.378,0.12,1.044,0.948,292.03522,47.684391,14.712,0,candidate
10487228,K05798.01,,CANDIDATE,318.25858,0.0281,4.39,756.0,2.03,212.0,0.48,6.0,1,,5108.0,4.596,-0.02,0.759,0.833,297.69525,47.605862,15.714,0,candidate
10519727,K05799.01,,CANDIDATE,184.883155,0.3074,3.025,304.1,2.82,393.0,5.65,9.9,1,,5620.0,4.036,0.12,1.621,1.042,284.43692,47.750332,13.609,0,candidate
10525077,K05800.01,,CANDIDATE,11.006795,0.66,5.112,146.4,1.34,874.0,138.34,10.9,1,122.0,6091.0,4.424,-0.04,1.047,1.058,287.37808,47.771191,15.355,0,candidate
10535708,K05801.01,,CANDIDATE,177.37583,0.0539,21.14,459.7,1.96,314.0,2.29,12.4,2,,5849.0,4.517,-0.02,0.919,1.014,292.11447,47.729462,15.609,0,candidate
7762153,K05423.01,,CANDIDATE,366.55705,0.1247,11.62,582.5,2.63,266.0,1.18,10.2,1,,5857.0,4.403,0.32,1.1,1.116,294.81995,43.471111,15.2,0,candidate
7767781,K05425.01,,CANDIDATE,39.42516213,,2.18,,,,,,1,,,,,,,296.47906,43.409382,15.72,0,candidate
7770901,K05426.01,,CANDIDATE,124.887214,0.752,8.599,176.5,1.78,435.0,8.48,13.3,1,11.0,6103.0,4.209,-0.5,1.234,0.898,297.29047,43.467789,13.701,0,candidate
8644545,K05552.01,,CANDIDATE,295.958914,0.024,4.244,464.1,2.1,265.0,1.17,17.5,1,4.0,5505.0,4.386,0.0,0.992,0.871,298.13864,44.744061,13.344,0,candidate
8644911,K05553.01,,CANDIDATE,120.938669,0.011,8.818,782.1,2.32,333.0,2.91,15.0,1,10.0,5456.0,4.477,-0.3,0.843,0.777,298.23279,44.756432,15.54,0,candidate
8652997,K05554.01,,CANDIDATE,362.22202,0.5664,14.29,52.5,0.96,312.0,2.25,14.6,1,,6113.0,4.168,-0.6,1.277,0.874,300.39194,44.78532,11.189,0,candidate
8656535,K05556.01,,CANDIDATE,631.99116,0.2397,2.99,345.6,1.86,210.0,0.46,7.2,1,,5594.0,4.387,0.0,1.006,0.901,301.50656,44.711842,13.415,0,candidate
9466486,K05680.01,,CANDIDATE,557.92882,0.1034,4.788,262.2,2.97,300.0,1.92,8.1,1,,5553.0,3.805,-0.9,1.844,0.792,292.50098,46.037479,13.263,0,candidate
9472328,K05681.01,,CANDIDATE,77.51257,72.1108,3.15,1510.0,28199.3,702.0,57.44,5.8,1,,5261.0,3.459,-0.38,3.63,1.383,294.69092,46.06662,15.677,0,candidate
9472341,K05682.01,,CANDIDATE,46.969389,0.3246,1.944,1875.0,7.45,638.0,39.27,7.1,1,,5401.0,3.885,-0.52,1.717,0.824,294.69489,46.077,16.224,0,candidate
9475697,K05684.01,,CANDIDATE,206.801125,0.6772,6.6,716.0,24.34,675.0,48.97,16.7,1,,5048.0,2.978,0.21,8.611,2.571,295.87292,46.014462,11.128,0,candidate
9481235,K05685.01,,CANDIDATE,14.0019064,0.9747,4.257,376.1,17.96,1646.0,1736.43,11.6,1,,4883.0,2.783,-0.46,6.502,0.936,297.59805,46.04377,13.814,0,candidate
10552151,K05805.01,,CANDIDATE,525.757041,0.11,4.995,830.2,11.07,372.0,4.52,14.4,1,3.0,5277.0,3.495,0.14,3.931,1.764,297.8389,47.751709,14.519,0,candidate
10552263,K05806.01,,CANDIDATE,313.82752,0.1103,4.187,168.0,1.26,272.0,1.28,8.7,1,,5914.0,4.453,-0.12,0.973,0.981,297.87003,47.771091,12.355,0,candidate
10554421,K05807.01,,CANDIDATE,236.09799849,,3.65,,,,,,1,,,,,,,298.49625,47.738918,14.466,0,candidate
10581308,K05810.01,,CANDIDATE,425.593391,0.4892,3.815,237.6,2.25,278.0,1.41,6.5,1,,5458.0,4.09,0.07,1.441,0.931,282.68713,47.816978,13.766,0,candidate
7812990,K05431.01,,CANDIDATE,43.08410127,,1.38,,,,,,1,,,,,,,288.41895,43.534599,13.782,0,candidate
7829836,K05433.01,,CANDIDATE,237.819002,0.018,11.324,614.2,2.55,302.0,1.98,15.4,1,6.0,5878.0,4.424,0.08,1.035,1.038,294.30466,43.509701,14.573,0,candidate
7830953,K05434.01,,CANDIDATE,581.87357,0.1603,14.64,905.6,2.96,218.0,0.53,12.5,1,,5897.0,4.489,0.21,0.992,1.106,294.6467,43.577499,15.738,0,candidate
7836096,K05435.01,,CANDIDATE,15.9961296,0.297,1.656,500.7,1.71,560.0,23.32,10.7,1,68.0,4949.0,4.588,0.24,0.777,0.855,296.18665,43.581379,15.951,0,candidate
7881464,K05437.01,,CANDIDATE,213.63312404,,2.54,,,,,,1,,,,,,,288.14142,43.685799,13.885,0,candidate
8715589,K05563.01,,CANDIDATE,7.62210397,0.323,1.902,146.1,3.8,1422.0,965.88,9.2,1,173.0,5222.0,3.556,-0.26,3.162,1.312,300.00098,44.828499,13.629,0,candidate
8741367,K05566.01,,CANDIDATE,0.9886684,0.372,2.023,126.6,3.18,3183.0,24258.04,8.7,1,34.0,6456.0,3.725,-0.12,2.773,1.49,286.29129,44.920082,12.551,0,candidate
9532603,K05688.01,,CANDIDATE,14.5555096,0.528,2.07,725.0,2.03,594.0,29.45,8.1,1,54.0,5176.0,4.612,-0.18,0.738,0.826,294.35034,46.14957,16.897,0,candidate
9534832,K05689.01,,CANDIDATE,114.12716,0.7092,1.719,974.0,2.76,295.0,1.79,6.3,1,,4816.0,4.508,0.34,0.823,0.795,295.18097,46.179401,15.983,0,candidate
9536727,K05690.01,,CANDIDATE,17.0497376,0.9703,3.271,478.6,45.89,1971.0,3566.8,6.4,1,,5039.0,2.587,0.07,14.954,3.149,295.85934,46.117008,13.582,0,candidate
9575728,K05692.01,,CANDIDATE,2.64181261,0.608,2.127,70.0,0.59,834.0,114.08,12.7,1,508.0,4147.0,4.601,0.44,0.683,0.678,285.63629,46.247269,14.137,0,candidate
10802364,K05829.01,,CANDIDATE,583.8531,0.5925,5.09,491.0,1.97,196.0,0.35,5.4,1,,5591.0,4.559,0.07,0.86,0.977,293.91037,48.192081,14.857,0,candidate
10809888,K05830.01,,CANDIDATE,72.782432,0.1157,3.726,245.8,11.19,924.0,172.28,8.5,1,,5099.0,3.021,-0.12,7.317,2.049,296.5499,48.186661,13.628,0,candidate
10813078,K05831.01,,CANDIDATE,10.552241908,0.025,2.7355,954.0,1.75,485.0,13.12,12.3,1,17.0,4031.0,4.666,-0.1,0.585,0.578,297.45166,48.15691,15.712,0,candidate
10850327,K05833.01,,CANDIDATE,440.171272,0.956,12.217,783.5,5.97,334.0,2.96,38.0,1,3.0,6261.0,4.001,-0.46,1.679,1.03,286.59122,48.220268,13.014,0,candidate
10855545,K05834.01,,CANDIDATE,37.537859,0.058,6.513,269.0,1.77,583.0,27.38,8.2,1,23.0,6095.0,4.429,0.14,1.082,1.15,289.21732,48.204311,15.769,0,candidate
10858504,K05835.01,,CANDIDATE,474.96952,0.5688,4.58,595.0,2.44,249.0,0.91,6.4,1,,6287.0,4.473,-0.4,0.962,1.002,290.57974,48.214218,15.087,0,candidate
7888863,K05440.01,,CANDIDATE,74.624063,0.019,8.881,346.9,1.75,448.0,9.49,11.0,1,15.0,6187.0,4.499,-0.32,0.937,1.011,291.07666,43.61208,15.335,0,candidate
7917068,K05446.01,,CANDIDATE,416.9504,0.9542,4.026,479.8,7.35,377.0,4.77,6.9,1,,5751.0,3.708,-0.28,2.611,1.269,299.34103,43.643162,12.692,0,candidate
8745553,K05568.01,Kepler-1633 b,CONFIRMED,62.134919,0.827,8.711,147.5,6.71,925.0,172.96,10.6,1,8.0,5889.0,3.358,0.28,4.912,2.006,288.5152,44.923229,13.435,1,confirmed
8747910,K05570.01,,CANDIDATE,574.65297,0.5663,4.37,725.0,2.28,196.0,0.35,7.4,1,,5596.0,4.553,-0.2,0.821,0.879,289.62814,44.942421,14.789,0,candidate
8807988,K05572.01,,CANDIDATE,21.9578446,0.1492,1.038,96.6,0.78,533.0,19.05,6.7,1,,5192.0,4.583,0.16,0.802,0.896,287.06146,45.03043,13.596,0,candidate
8814872,K05574.01,,CANDIDATE,373.41509,0.0532,6.617,1806.0,2.55,158.0,0.15,10.0,1,,4236.0,4.642,-0.22,0.612,0.599,290.30774,45.01141,15.85,0,candidate
9579606,K05694.01,,CANDIDATE,107.904526,0.2415,2.053,249.4,1.26,337.0,3.05,6.1,1,,5565.0,4.574,-0.2,0.802,0.879,287.86899,46.26936,14.295,0,candidate
9596820,K05698.01,,CANDIDATE,282.029084,0.4082,4.686,312.8,2.33,363.0,4.12,8.1,1,,6886.0,4.305,-0.36,1.287,1.227,295.22586,46.22015,13.49,0,candidate
10601163,K05812.01,,CANDIDATE,3.1318392,0.3864,1.632,159.9,1.5,1443.0,1025.14,6.0,1,,6070.0,4.246,-0.56,1.159,0.863,292.32944,47.835629,14.122,0,candidate
10618044,K05815.01,,CANDIDATE,207.767894,0.6973,5.21,320.6,3.52,379.0,4.85,7.7,1,,5210.0,3.894,-0.04,1.849,0.976,298.06827,47.867809,13.744,0,candidate
10656842,K05816.01,,CANDIDATE,82.508054,0.0379,3.806,351.9,14.04,878.0,140.61,11.4,1,,4986.0,3.01,0.21,7.733,2.231,288.13202,47.995541,12.594,0,candidate
10658177,K05817.01,,CANDIDATE,113.083522,0.039,10.315,130.7,1.59,450.0,9.65,13.0,1,12.0,5903.0,4.179,0.1,1.4,1.079,288.72644,47.906872,13.336,0,candidate
10663976,K05819.01,,CANDIDATE,381.37504,0.3515,16.57,286.5,1.24,212.0,0.48,11.8,1,,5513.0,4.614,-0.46,0.729,0.796,291.21762,47.95216,14.182,0,candidate
7950158,K05451.01,,CANDIDATE,529.39169,0.037,10.869,319.9,4.4,319.0,2.43,12.1,1,,5283.0,3.699,-0.26,2.504,1.144,288.03607,43.796139,13.156,0,candidate
7978202,K05454.01,Kepler-1630 b,CONFIRMED,509.997402,0.0254,8.481,1267.0,2.62,182.0,0.26,35.3,1,3.0,5037.0,4.54,-0.2,0.756,0.724,297.5083,43.710949,14.15,1,confirmed
8841297,K05577.01,,CANDIDATE,495.51899,0.6052,3.592,297.6,2.94,305.0,2.03,6.6,1,,6043.0,4.038,-0.18,1.634,1.062,299.07831,45.05481,13.5,0,candidate
8868481,K05578.01,,CANDIDATE,388.048463,0.1973,3.456,149.6,3.0,376.0,4.71,8.3,1,,5779.0,3.765,-0.2,2.46,1.29,284.31519,45.132259,11.084,0,candidate
8888745,K05579.01,,CANDIDATE,34.0269868,0.5682,1.586,361.7,1.57,455.0,10.15,6.2,1,,4999.0,4.514,0.02,0.801,0.764,293.01563,45.16674,15.592,0,candidate
8890417,K05580.01,,CANDIDATE,173.219879,0.5113,1.875,239.5,2.41,405.0,6.39,5.7,1,,6007.0,4.158,0.16,1.518,1.215,293.61044,45.160938,13.957,0,candidate
8891684,K05581.01,Kepler-1634 b,CONFIRMED,374.878133,0.626,10.556,914.6,4.27,282.0,1.49,21.9,1,3.0,5636.0,4.218,0.42,1.354,1.103,294.0434,45.139778,14.508,1,confirmed
9659022,K05702.01,,CANDIDATE,511.882,0.5102,4.822,610.0,2.56,241.0,0.79,6.5,1,,6141.0,4.454,-0.12,1.007,1.046,295.69479,46.319328,15.462,0,candidate
9674789,K05704.01,,CANDIDATE,96.16705,0.1194,2.775,270.7,1.15,313.0,2.26,7.2,1,,5147.0,4.617,-0.26,0.716,0.779,300.47403,46.332039,13.419,0,candidate
9715631,K05706.01,Kepler-1636 b,CONFIRMED,425.483539,0.03,17.856,996.6,3.2,248.0,0.89,19.6,1,4.0,5977.0,4.473,0.21,1.022,1.133,294.05762,46.441029,15.807,1,confirmed
9723746,K05707.01,,CANDIDATE,208.800733,0.3095,1.964,594.0,2.88,347.0,3.43,4.9,1,,6208.0,4.372,0.1,1.168,1.175,296.94031,46.494099,15.239,0,candidate
10678912,K05821.01,,CANDIDATE,113.71363032,,2.45,,,,,,1,,,,,,,296.75278,47.973282,15.499,0,candidate
10685764,K05822.01,,CANDIDATE,17.634272,0.1876,1.387,76.7,1.69,842.0,118.84,9.7,1,,4885.0,3.815,0.1,1.979,0.933,298.74216,47.945278,12.31,0,candidate
10737437,K05825.01,,CANDIDATE,208.047137,0.1884,3.22,287.5,2.05,363.0,4.12,6.9,1,,5991.0,4.175,-0.76,1.2,0.784,294.28503,48.059448,13.934,0,candidate
10747162,K05826.01,,CANDIDATE,30.561533,0.0124,2.227,585.7,1.53,379.0,4.86,6.9,1,,4294.0,4.609,0.04,0.664,0.654,297.39093,48.03928,15.871,0,candidate
10777591,K05827.01,Kepler-1637 b,CONFIRMED,6.10968225,0.108,5.735,60.3,0.79,1093.0,337.78,18.6,1,220.0,6024.0,4.309,-0.88,1.009,0.756,282.23685,48.154243,13.328,1,confirmed
7979297,K05455.01,,CANDIDATE,292.09809,0.5155,14.43,528.8,2.09,267.0,1.2,11.4,1,,5955.0,4.534,-0.24,0.883,0.972,297.75494,43.789261,15.003,0,candidate
8005002,K05457.01,,CANDIDATE,578.21623,0.3763,2.707,120.6,3.54,328.0,2.74,3.5,1,,5166.0,3.6,0.14,3.244,1.529,280.34219,43.83334,11.619,0,candidate
8007174,K05458.01,,CANDIDATE,56.648588,0.769,4.534,648.9,2.19,377.0,4.77,11.8,1,21.0,5023.0,4.565,0.1,0.782,0.821,281.8277,43.808689,15.602,0,candidate
8009811,K05459.01,,CANDIDATE,53.554546,0.62,5.533,127.6,3.1,769.0,82.79,8.9,1,25.0,6039.0,3.76,0.14,2.622,1.442,283.37384,43.801361,11.47,0,candidate
8016650,K05461.01,,CANDIDATE,119.079642,0.2275,16.268,422.5,17.89,795.0,94.61,18.0,1,,4849.0,2.942,0.56,8.984,2.573,286.92426,43.82943,13.468,0,candidate
8915379,K05583.01,,CANDIDATE,20.5858591,0.7233,3.069,260.2,1.31,586.0,27.85,6.6,1,,5523.0,4.526,-0.72,0.753,0.695,300.9559,45.11108,15.306,0,candidate
8937555,K05585.01,,CANDIDATE,113.573945,0.1359,3.007,249.6,3.45,496.0,14.32,7.8,1,,5155.0,3.768,-0.1,2.233,1.067,285.09998,45.23811,12.397,0,candidate
8946267,K05588.01,,CANDIDATE,542.91133,0.3766,15.9,750.1,2.27,199.0,0.37,13.1,1,,5583.0,4.559,-0.14,0.824,0.899,289.3334,45.242641,15.373,0,candidate
9776907,K05712.01,,CANDIDATE,287.75613,0.2794,5.487,1987.0,3.4,215.0,0.5,6.6,1,,4965.0,4.586,0.24,0.781,0.856,294.40469,46.56572,16.925,0,candidate
9832379,K05715.01,,CANDIDATE,189.961729,0.1845,12.46,699.9,1.93,260.0,1.08,11.9,1,,5335.0,4.613,-0.26,0.742,0.83,292.38818,46.615101,15.713,0,candidate
10865043,K05836.01,,CANDIDATE,202.18722766,,2.77,,,,,,1,,,,,,,293.45459,48.227852,13.762,0,candidate
10878117,K05837.01,,CANDIDATE,280.92070688,,3.48,,,,,,1,,,,,,,297.9147,48.224411,15.261,0,candidate
10879899,K05839.01,,CANDIDATE,169.415073,0.7546,3.884,239.9,2.32,413.0,6.87,9.8,1,,6362.0,4.238,-0.02,1.378,1.199,298.47745,48.222031,12.427,0,candidate
10933306,K05842.01,,CANDIDATE,57.7749373,0.044,4.731,283.6,1.85,524.0,17.82,10.4,1,18.0,6277.0,4.417,-0.02,1.097,1.148,297.19424,48.322891,14.753,0,candidate
8037038,K05466.01,Kepler-1631 b,CONFIRMED,4.09513876,0.97,2.462,181.7,1.75,1122.0,374.3,11.6,1,320.0,5858.0,4.495,0.1,0.963,1.056,294.63257,43.807671,15.524,1,confirmed
8040308,K05467.01,,CANDIDATE,502.8356901,,9.97,,,,,,1,,,,,,,295.65958,43.85825,15.195,0,candidate
8040457,K05468.01,,CANDIDATE,81.704814,0.0021,1.468,297.0,1.65,442.0,9.04,5.8,1,,6099.0,4.421,-0.6,0.95,0.867,295.70108,43.825218,14.794,0,candidate
8044083,K05470.01,,CANDIDATE,578.21805,0.3937,4.18,637.0,2.44,223.0,0.59,5.3,1,,6089.0,4.495,-0.18,0.95,1.031,296.76855,43.862,15.584,0,candidate
8959240,K05591.01,,CANDIDATE,317.009388,0.2991,3.013,326.9,4.03,345.0,3.34,7.5,1,,5066.0,3.787,0.14,2.27,1.15,294.09128,45.21767,13.555,0,candidate
8971044,K05592.01,,CANDIDATE,482.51701,0.0846,14.791,573.0,2.3,242.0,0.8,10.3,1,,6168.0,4.488,-0.24,0.96,1.034,297.48312,45.291142,15.054,0,candidate
9011877,K05597.01,,CANDIDATE,7.77710639,0.196,3.418,77.4,0.73,773.0,84.44,10.6,1,174.0,5073.0,4.481,0.12,0.851,0.8,287.82678,45.331322,13.725,0,candidate
9838582,K05718.01,,CANDIDATE,233.64574,0.0691,10.05,2268.0,5.2,296.0,1.8,7.6,1,,5780.0,4.438,,1.0,1.0,294.87628,46.607254,17.106,0,candidate
9839030,K05719.01,,CANDIDATE,27.285315,0.213,7.47,396.5,2.19,678.0,49.97,9.6,1,4.0,6304.0,4.407,-0.1,1.094,1.11,295.05518,46.66975,14.71,0,candidate
7018210,K05344.01,,CANDIDATE,445.351255,0.1716,6.516,420.4,3.66,370.0,4.43,10.6,1,,7202.0,4.112,-0.18,1.755,1.454,286.35242,42.58577,13.735,0,candidate
8076215,K05472.01,,CANDIDATE,97.5137491,0.0922,2.655,279.8,5.27,630.0,37.25,9.1,1,,5437.0,3.57,-0.4,3.18,1.372,281.95456,43.98061,12.603,0,candidate
8094942,K05473.01,,CANDIDATE,549.42772,0.4315,6.09,719.1,2.64,223.0,0.58,12.1,1,,5957.0,4.498,0.07,0.971,1.083,290.84729,43.962742,14.654,0,candidate
8099517,K05474.01,,CANDIDATE,284.666844,0.3413,2.752,418.0,8.98,486.0,13.14,5.6,1,,5248.0,3.368,-0.22,4.413,1.66,292.50958,43.957169,13.761,0,candidate
8105398,K05475.01,Kepler-1632 b,CONFIRMED,224.150923,0.019,12.455,348.6,2.41,369.0,4.4,34.2,2,6.0,6072.0,4.133,-0.76,1.286,0.818,294.49487,43.91362,13.093,1,confirmed
8105719,K05476.01,,CANDIDATE,148.179343,0.102,12.733,466.6,2.52,367.0,4.29,12.5,1,9.0,5635.0,4.278,0.14,1.183,0.967,294.60629,43.937141,15.563,0,candidate
9012244,K05598.01,,CANDIDATE,376.934014,0.6546,4.28,382.4,2.13,274.0,1.33,6.1,1,,6074.0,4.369,-0.42,1.034,0.913,287.99823,45.396439,13.797,0,candidate
9018021,K05600.01,,CANDIDATE,17.168095,0.999,13.04,143.1,4.81,603.0,31.34,8.1,1,81.0,5053.0,3.824,,1.907,0.885,290.39032,45.389992,14.498,0,candidate
9026007,K05602.01,,CANDIDATE,403.163148,0.02,5.735,681.1,2.49,240.0,0.79,12.1,1,3.0,5812.0,4.504,0.21,0.963,1.079,293.29337,45.342541,14.624,0,candidate
9026248,K05603.01,,CANDIDATE,341.557931,0.6746,3.365,433.0,6.81,393.0,5.65,9.6,1,,5138.0,3.551,-0.22,3.098,1.245,293.37994,45.31385,12.472,0,candidate
9044060,K05604.01,,CANDIDATE,476.91977,0.5589,5.07,193.6,2.49,321.0,2.49,7.4,1,,6282.0,4.063,-0.08,1.725,1.257,298.28308,45.373589,12.952,0,candidate
9047416,K05605.01,,CANDIDATE,9.011888,0.948,4.167,987.6,7.04,1105.0,351.97,15.5,1,8.0,5627.0,4.002,0.2,1.735,1.103,299.19171,45.34354,14.321,0,candidate
9851638,K05725.01,,CANDIDATE,351.25069,0.1777,3.648,1324.0,2.23,186.0,0.28,6.5,1,,4828.0,4.63,-0.62,0.63,0.616,298.9433,46.679771,15.806,0,candidate
9881660,K05727.01,,CANDIDATE,65.3558881,0.4827,2.165,1158.0,2.61,337.0,3.05,9.6,1,17.0,4703.0,4.55,0.2,0.764,0.755,287.36737,46.76865,15.676,0,candidate
9910043,K05732.01,,CANDIDATE,39.399926,0.544,5.729,341.4,1.52,499.0,14.66,9.4,1,28.0,5913.0,4.581,-0.5,0.795,0.898,298.5697,46.753971,15.453,0,candidate
7101726,K05352.01,,CANDIDATE,270.1430241,,6.32,,,,,,1,,,,,,,286.19986,42.61301,15.059,0,candidate
7125794,K05358.01,,CANDIDATE,126.586058,0.799,5.41,124.9,1.54,460.0,10.54,10.5,1,,6611.0,4.269,-0.5,1.249,1.057,294.15234,42.61898,12.968,0,candidate
7130612,K05359.01,,CANDIDATE,2.7200197,0.0078,1.874,869.0,1.53,713.0,61.08,8.5,1,32.0,3939.0,4.735,-0.2,0.527,0.55,295.41357,42.663071,16.56,0,candidate
8125917,K05479.01,,CANDIDATE,18.347081,0.1988,2.825,1126.6,5.65,855.0,126.14,11.6,1,,5465.0,3.968,-0.04,1.702,0.983,299.98801,43.917721,14.261,0,candidate
8129333,K05480.01,,CANDIDATE,57.140035,0.0783,5.684,1567.0,5.78,588.0,28.34,7.2,1,,5936.0,4.103,-0.2,1.46,0.986,300.87204,43.973541,16.558,0,candidate
8158429,K05482.01,,CANDIDATE,31.707574649,0.923,7.6771,787.3,2.96,547.0,21.1,5.5,1,45.0,5861.0,4.546,-0.2,0.865,0.957,289.2291,44.09166,15.197,0,candidate
8197176,K05485.01,,CANDIDATE,9.3589254,0.184,3.169,1527.0,17.37,1528.0,1288.85,8.9,1,29.0,5188.0,3.327,-0.24,4.521,1.583,300.88522,44.081329,17.054,0,candidate
8197406,K05486.01,,CANDIDATE,4.15472242,0.971,1.791,2243.0,23.47,2292.0,6522.18,19.7,1,328.0,6996.0,3.627,-0.2,3.359,1.742,300.94186,44.023651,12.572,0,candidate
9073549,K05608.01,,CANDIDATE,87.565484,0.0563,2.527,396.0,2.12,437.0,8.6,6.7,1,,6064.0,4.429,0.1,1.069,1.121,284.32489,45.482319,15.212,0,candidate
9079671,K05609.01,,CANDIDATE,535.1515,0.3162,2.826,362.3,2.7,258.0,1.04,8.6,1,,5468.0,4.085,-0.04,1.423,0.898,287.76385,45.482159,12.706,0,candidate
9079767,K05610.01,,CANDIDATE,495.40462,2.3238,0.63,904.0,152.21,248.0,0.9,5.5,1,,6225.0,4.45,-0.12,1.031,1.091,287.81815,45.404732,13.825,0,candidate
9087853,K05612.01,,CANDIDATE,353.65927,0.247,4.543,1018.0,2.58,223.0,0.58,7.5,1,,5438.0,4.574,0.02,0.82,0.92,291.46518,45.47007,15.871,0,candidate
9097470,K05613.01,,CANDIDATE,346.4174,0.1572,9.23,662.0,2.41,251.0,0.94,7.9,1,,5754.0,4.49,0.08,0.946,1.008,294.82776,45.469952,15.612,0,candidate
9935983,K05736.01,,CANDIDATE,161.651504,0.736,2.509,253.6,2.22,377.0,4.77,8.4,1,8.0,5725.0,4.212,0.08,1.289,0.988,283.67346,46.82272,13.756,0,candidate
9941136,K05737.01,,CANDIDATE,376.24253,0.328,4.064,185.7,1.32,254.0,0.99,6.3,1,,5916.0,4.463,-0.14,0.96,0.976,286.63068,46.843369,13.772,0,candidate
9942658,K05740.01,,CANDIDATE,21.7997515,0.1657,4.756,109.5,1.01,674.0,48.75,8.7,1,,6122.0,4.487,-0.18,0.964,1.041,287.57361,46.822159,14.82,0,candidate
7132462,K05360.01,,CANDIDATE,54.595746,0.332,2.21,135.8,2.0,649.0,41.81,8.7,1,,6014.0,3.989,-0.3,1.699,1.027,295.8591,42.642189,13.67,0,candidate
7186436,K05365.01,,CANDIDATE,585.64118,0.5274,13.97,565.2,2.2,207.0,0.43,12.5,1,,5779.0,4.526,-0.02,0.901,0.993,287.01953,42.751282,14.644,0,candidate
7191523,K05367.01,,CANDIDATE,502.98283916,,2.94,,,,,,1,,,,,,,289.03937,42.701439,14.03,0,candidate
8223445,K05487.01,,CANDIDATE,48.8130123,0.0608,1.538,702.0,2.95,553.0,22.17,8.8,1,,6202.0,4.395,0.0,1.11,1.113,287.91861,44.1213,15.861,0,candidate
9114614,K05616.01,,CANDIDATE,441.61919,0.5027,5.372,820.0,1.71,152.0,0.12,7.8,1,,4351.0,4.659,-0.44,0.592,0.582,299.56708,45.47356,14.497,0,candidate
9116510,K05618.01,,CANDIDATE,318.49078,0.4328,3.012,630.0,3.01,301.0,1.94,6.3,1,,6026.0,4.302,-0.1,1.176,1.01,300.08292,45.411072,14.582,0,candidate
9953491,K05741.01,,CANDIDATE,362.0619,0.524,14.02,886.2,2.12,203.0,0.41,13.5,1,,5271.0,4.636,-0.4,0.698,0.773,292.75555,46.81184,15.766,0,candidate
9962595,K05745.01,,CANDIDATE,11.374442708,0.978,2.30694,27904.9,22.86,687.0,52.84,643.6,1,93.0,5297.0,4.546,-0.06,0.808,0.838,296.32794,46.83963,14.585,0,candidate
9968924,K05747.01,,CANDIDATE,411.447056,0.287,3.481,285.2,2.86,342.0,3.22,7.3,1,,6519.0,4.108,-0.1,1.672,1.311,298.27487,46.837372,13.81,0,candidate
9993683,K05748.01,,CANDIDATE,29.9371143,0.321,4.435,194.3,1.19,501.0,14.87,11.6,1,44.0,5115.0,4.47,0.12,0.866,0.808,282.50021,46.918571,14.489,0,candidate
7198587,K05369.01,,CANDIDATE,651.358046,0.0946,4.384,570.8,14.58,411.0,6.75,11.0,1,,5122.0,3.172,0.1,6.261,2.123,291.26584,42.739491,12.888,0,candidate
7204233,K05371.01,,CANDIDATE,33.3037881,0.072,3.003,272.4,1.14,422.0,7.53,8.1,1,34.0,4899.0,4.624,0.07,0.713,0.818,293.00269,42.708851,14.733,0,candidate
7205717,K05372.01,,CANDIDATE,212.60398,0.0513,5.74,188.5,1.64,337.0,3.06,7.1,1,,5834.0,4.284,0.08,1.207,1.022,293.44861,42.744911,14.01,0,candidate
7206422,K05373.01,,CANDIDATE,50.550788,0.632,2.353,154.5,5.0,790.0,92.03,7.9,1,,5031.0,3.433,0.04,3.859,1.47,293.64182,42.736019,11.509,0,candidate
7213311,K05375.01,,CANDIDATE,285.374561,0.018,4.865,482.3,5.94,423.0,7.54,13.7,1,5.0,5142.0,3.47,-0.66,2.756,0.817,295.51764,42.758942,13.863,0,candidate
8279146,K05497.01,,CANDIDATE,93.359737,0.0547,5.397,38.3,1.05,592.0,29.01,8.1,1,,6809.0,4.078,-0.4,1.673,1.224,282.24631,44.28228,10.926,0,candidate
8294683,K05499.01,,CANDIDATE,122.58481,0.3468,22.37,318.9,1.19,279.0,1.43,7.6,1,,5003.0,4.602,-0.54,0.669,0.654,290.01547,44.205582,15.443,0,candidate
8295087,K05500.01,,CANDIDATE,84.934357,0.1612,3.169,129.7,1.6,531.0,18.83,5.9,1,,6290.0,4.156,-0.38,1.395,1.016,290.15518,44.254017,13.67,0,candidate
8307489,K05502.01,,CANDIDATE,421.98194,0.1494,13.799,173.1,2.02,334.0,2.96,15.0,1,,6760.0,4.193,-0.16,1.515,1.314,294.61761,44.216881,12.338,0,candidate
9141355,K05622.01,Kepler-1635 b,CONFIRMED,469.61309,0.906,13.709,1234.7,3.24,200.0,0.37,18.2,1,3.0,5474.0,4.598,-0.28,0.763,0.847,285.349,45.556179,15.696,1,confirmed
9147012,K05625.01,,CANDIDATE,116.454312,0.006,15.826,2125.3,3.33,306.0,2.06,30.0,1,4.0,5197.0,4.548,-0.44,0.736,0.697,288.42819,45.566269,16.017,0,candidate
9147029,K05626.01,,CANDIDATE,397.499229,0.5839,8.019,2629.7,6.57,293.0,1.73,34.8,1,,6423.0,4.37,0.21,1.231,1.296,288.43582,45.519852,15.312,0,candidate
9157030,K05628.01,,CANDIDATE,24.9093027,0.679,3.8,332.6,1.32,452.0,9.9,10.4,1,53.0,4810.0,4.633,-0.14,0.685,0.751,292.81415,45.546501,15.712,0,candidate
9157523,K05629.01,,CANDIDATE,192.138741,0.0503,3.218,151.4,1.93,407.0,6.48,8.2,1,,6065.0,4.098,0.02,1.569,1.126,293.01486,45.577831,12.534,0,candidate
9994381,K05749.01,,CANDIDATE,281.95332,0.6164,2.756,1039.0,2.31,204.0,0.41,7.6,1,,4864.0,4.628,-0.18,0.692,0.746,282.93451,46.994869,15.399,0,candidate
10007916,K05755.01,,CANDIDATE,388.67155,0.0576,11.701,371.3,1.49,210.0,0.46,10.1,1,,5354.0,4.587,-0.08,0.788,0.884,290.23773,46.980042,14.829,0,candidate
7282470,K05379.01,,CANDIDATE,520.655224,0.2674,12.94,314.9,7.58,401.0,6.12,14.4,1,,5227.0,3.321,-0.44,4.313,1.419,291.9227,42.892921,12.518,0,candidate
7289139,K05380.01,,CANDIDATE,369.93355,0.149,7.6,995.0,3.24,270.0,1.25,15.8,1,,6158.0,4.453,-0.08,1.024,1.08,293.96146,42.806419,15.524,0,candidate
8352009,K05506.01,,CANDIDATE,641.60204,0.3218,16.762,237.3,1.61,230.0,0.66,10.6,1,,6277.0,4.449,-0.18,1.031,1.085,285.79572,44.35051,14.152,0,candidate
8378278,K05509.01,,CANDIDATE,28.406342,0.2208,2.598,223.6,1.41,613.0,33.44,5.4,1,,6085.0,4.474,-0.36,0.936,0.952,296.18494,44.342991,15.423,0,candidate
9166700,K05632.01,,CANDIDATE,264.466625,0.129,6.371,437.3,2.61,346.0,3.41,27.0,1,5.0,6551.0,4.337,-0.1,1.236,1.213,296.33813,45.545109,11.154,0,candidate
9173014,K05633.01,,CANDIDATE,151.77884,0.159,2.615,189.7,4.35,616.0,34.01,8.2,1,,6328.0,3.634,-0.14,3.134,1.542,298.11365,45.563419,11.141,0,candidate
9178894,K05635.01,,CANDIDATE,113.993156,0.7026,7.721,69.7,2.23,729.0,66.64,15.6,1,,7892.0,3.921,-0.08,2.496,1.894,299.74387,45.586361,11.176,0,candidate
10027861,K05758.01,,CANDIDATE,102.493119,0.9591,2.814,636.1,2.7,317.0,2.37,8.3,1,,5166.0,4.583,0.1,0.791,0.871,297.66437,46.94482,15.142,0,candidate
10064591,K05759.01,,CANDIDATE,284.94212784,,3.2,,,,,,1,,,,,,,287.09412,47.075359,13.248,0,candidate
10083325,K05761.01,,CANDIDATE,6.13292733,0.225,1.561,58.7,1.56,1379.0,854.43,10.0,1,222.0,5877.0,3.941,0.34,2.034,1.316,294.9733,47.015369,13.421,0,candidate
10090854,K05762.01,,CANDIDATE,12.63063129,0.017,2.212,300.8,1.37,689.0,53.17,9.5,1,84.0,5579.0,4.58,-0.22,0.798,0.892,297.39322,47.011459,15.633,0,candidate
10098540,K05764.01,,CANDIDATE,286.02266,0.3591,10.43,1036.0,2.03,180.0,0.25,9.8,1,,4368.0,4.624,-0.2,0.637,0.624,299.58463,47.000771,15.45,0,candidate
7377343,K05384.01,,CANDIDATE,7.95445779,0.021,4.6012,6269.4,9.5,1064.0,303.36,228.4,1,22.0,6217.0,4.306,-0.12,1.196,1.052,295.90891,42.988209,14.406,0,candidate
7383840,K05385.01,,CANDIDATE,331.70918,78.4871,7.44,3463.0,6815.75,221.0,0.56,9.5,1,,5282.0,4.565,0.02,0.805,0.868,297.39856,42.991539,15.54,0,candidate
7416016,K05387.01,,CANDIDATE,297.78282,0.2697,18.38,392.4,1.17,167.0,0.18,10.8,1,,4192.0,4.657,-0.3,0.59,0.577,280.35452,43.056671,14.587,0,candidate
7416306,K05388.01,,CANDIDATE,137.396194,0.525,17.61,155.4,3.38,517.0,16.87,13.2,1,11.0,5425.0,3.704,-0.16,2.655,1.304,280.52133,43.077068,13.668,0,candidate
7416646,K05389.01,,CANDIDATE,365.739893,0.6206,1.218,300.7,1.73,241.0,0.8,4.7,1,,5420.0,4.396,-0.06,0.953,0.825,280.72287,43.065472,12.962,0,candidate
7440715,K05390.01,,CANDIDATE,104.198102,0.3437,3.2,652.2,5.13,497.0,14.46,8.9,1,,5087.0,3.759,-0.34,2.024,0.857,290.50705,43.015041,14.457,0,candidate
8395870,K05511.01,,CANDIDATE,74.833577,0.1101,3.247,86.4,1.68,590.0,28.65,6.4,1,,5933.0,3.953,-0.2,1.807,1.07,300.93237,44.34454,12.395,0,candidate
8396288,K05512.01,,CANDIDATE,8.5852872,0.029,2.834,1406.0,3.02,777.0,85.95,11.0,1,32.0,5488.0,4.57,-0.06,0.818,0.913,301.05518,44.306229,16.565,0,candidate
8415353,K05514.01,,CANDIDATE,102.100752,0.492,2.009,194.2,2.63,551.0,21.84,5.2,1,,6359.0,4.046,0.04,1.83,1.358,284.7644,44.485004,13.845,0,candidate
8429817,K05515.01,,CANDIDATE,6.263491873,0.048,0.8513,2829.0,6.46,1180.0,458.5,35.1,1,212.0,6247.0,4.255,-0.5,1.194,0.936,291.45227,44.431751,13.952,0,candidate
8432249,K05517.01,,CANDIDATE,335.43143,0.4062,10.3,228.1,7.12,468.0,11.31,6.8,1,,5172.0,3.315,-0.16,4.721,1.679,292.39389,44.476212,13.938,0,candidate
8439618,K05518.01,,CANDIDATE,558.21886,0.022,13.556,1539.4,3.1,198.0,0.36,19.1,1,3.0,5679.0,4.581,-0.32,0.794,0.886,295.06573,44.477032,15.326,0,candidate
9209981,K05638.01,,CANDIDATE,290.02002,0.5367,23.87,172.5,1.56,321.0,2.51,7.6,1,,6452.0,4.384,-0.12,1.148,1.164,288.01117,45.68716,14.737,0,candidate
9210738,K05639.01,,CANDIDATE,279.21957,0.6009,10.015,333.5,4.92,395.0,5.77,10.5,1,,5159.0,3.648,-0.24,2.604,1.101,288.40182,45.677029,13.845,0,candidate
9214176,K05640.01,,CANDIDATE,348.665961,0.0873,3.849,391.2,9.56,493.0,13.93,10.8,1,,5183.0,3.166,-0.58,4.89,1.276,290.15314,45.635471,12.038,0,candidate
9217583,K05642.01,,CANDIDATE,222.28056,0.2151,3.035,271.9,2.56,405.0,6.37,8.0,1,,6543.0,4.17,-0.12,1.531,1.268,291.57455,45.618389,12.401,0,candidate
9220614,K05643.01,,CANDIDATE,570.01886,0.1946,3.52,428.5,1.62,190.0,0.31,6.8,1,,5496.0,4.579,-0.2,0.79,0.863,292.79358,45.687859,14.441,0,candidate
9224514,K05644.01,,CANDIDATE,378.93139106,,14.11,,,,,,1,,,,,,,294.26019,45.69408,15.316,0,candidate
9229807,K05645.01,,CANDIDATE,580.85326788,,16.63,,,,,,1,,,,,,,296.12985,45.681862,15.927,0,candidate
10146103,K05769.01,,CANDIDATE,7.58062893,0.382,3.484,86.1,0.97,937.0,182.01,10.9,1,177.0,5753.0,4.417,0.2,1.041,1.034,293.74625,47.15406,14.498,0,candidate
7458743,K05393.01,,CANDIDATE,248.421771,0.7838,4.187,704.0,18.92,579.0,26.64,8.8,1,,4895.0,3.008,-0.04,6.428,1.533,295.64517,43.065338,13.586,0,candidate
7539277,K05398.01,,CANDIDATE,551.22396,0.2134,5.896,570.7,2.1,206.0,0.42,17.2,1,,5691.0,4.544,0.07,0.887,1.003,295.02985,43.129421,14.465,0,candidate
11444772,K05897.01,,CANDIDATE,395.94327,0.1116,16.09,1506.0,2.53,172.0,0.21,14.5,1,,4596.0,4.63,-0.04,0.678,0.714,285.70541,49.342628,15.921,0,candidate
11444974,K05898.01,,CANDIDATE,76.37924,0.7333,0.645,276.3,1.73,406.0,6.41,5.7,1,,5451.0,4.404,-0.14,0.936,0.81,285.82983,49.39431,13.717,0,candidate
11446961,K05899.01,,CANDIDATE,58.669218,0.332,3.712,169.4,1.28,450.0,9.68,10.0,1,19.0,5548.0,4.433,0.2,0.986,0.961,287.15372,49.33197,13.899,0,candidate
11453930,K05900.01,,CANDIDATE,355.84731,0.1578,16.68,123.9,1.68,354.0,3.71,9.8,2,,6823.0,4.212,-0.14,1.493,1.332,291.14532,49.365318,13.127,0,candidate
11456256,K05901.01,,CANDIDATE,61.611129,0.364,14.96,82.9,1.29,597.0,30.02,22.0,1,24.0,6533.0,4.227,-0.24,1.386,1.184,292.43137,49.368561,12.332,0,candidate
11457664,K05902.01,,CANDIDATE,150.728285,0.2751,2.718,213.5,1.27,321.0,2.51,5.6,1,,5778.0,4.544,-0.1,0.871,0.967,293.16309,49.383331,14.396,0,candidate
11465658,K05903.01,,CANDIDATE,253.790434,0.1412,3.702,604.0,2.06,253.0,0.97,6.4,1,,5426.0,4.535,0.04,0.85,0.902,296.63181,49.363312,15.327,0,candidate
11493378,K05905.01,,CANDIDATE,35.6606167,,1.59,,,,,,1,,,,,,,283.46997,49.416962,13.951,0,candidate
11513366,K05907.01,,CANDIDATE,587.38162,0.6822,11.973,863.6,36.77,527.0,18.29,12.8,1,,4784.0,2.711,0.36,11.839,2.629,294.72955,49.428478,13.715,0,candidate
11520114,K05909.01,,CANDIDATE,7.07987663,0.034,2.589,309.8,1.36,738.0,70.05,10.0,1,161.0,4808.0,4.521,0.28,0.806,0.785,297.39496,49.48494,15.975,0,candidate
11520465,K05910.01,,CANDIDATE,91.240335,0.1436,2.314,206.1,1.75,494.0,14.03,5.7,1,,6493.0,4.305,-0.3,1.205,1.065,297.52707,49.404499,13.89,0,candidate
11559493,K05911.01,,CANDIDATE,357.41382,0.1438,3.675,777.0,3.01,283.0,1.52,6.7,1,,6233.0,4.412,-0.08,1.076,1.086,292.07788,49.52961,15.388,0,candidate
11598638,K05912.01,,CANDIDATE,359.854745,0.8071,3.429,302.4,2.25,302.0,1.97,6.1,1,,6495.0,4.379,-0.1,1.168,1.19,284.55368,49.6847,13.728,0,candidate
11598894,K05913.01,,CANDIDATE,89.366114,0.39,3.945,494.0,1.97,391.0,5.54,6.3,1,,5861.0,4.522,-0.26,0.875,0.929,284.74847,49.606258,15.409,0,candidate
11599937,K05915.01,,CANDIDATE,37.6259039,0.49,3.91,411.0,1.81,519.0,17.13,11.7,1,25.0,5874.0,4.542,-0.2,0.871,0.963,285.45917,49.661942,15.013,0,candidate
11600299,K05916.01,,CANDIDATE,100.41475198,,1.72,,,,,,1,,,,,,,285.6911,49.690311,12.124,0,candidate
11601425,K05917.01,,CANDIDATE,41.9934673,0.046,3.226,293.7,1.56,503.0,15.19,9.4,1,27.0,5766.0,4.498,-0.06,0.915,0.963,286.3562,49.690128,14.847,0,candidate
11601633,K05918.01,,CANDIDATE,94.67782,0.3614,2.215,287.0,1.46,353.0,3.67,5.9,1,,5360.0,4.503,0.04,0.866,0.869,286.49686,49.614578,14.258,0,candidate
11601972,K05919.01,,CANDIDATE,290.196139,0.017,13.698,281.0,2.35,341.0,3.2,15.7,1,3.0,6238.0,4.224,0.06,1.403,1.204,286.73245,49.683189,13.511,0,candidate
11614808,K05921.01,,CANDIDATE,175.452812,0.1526,2.734,141.8,3.96,591.0,28.77,6.1,1,,6184.0,3.58,-0.24,3.304,1.516,293.96027,49.619312,13.086,0,candidate
11615258,K05922.01,,CANDIDATE,367.07446,0.093,5.887,368.3,2.15,287.0,1.59,6.6,1,3.0,6315.0,4.407,-0.02,1.116,1.161,294.15775,49.614971,14.666,0,candidate
11615521,K05923.01,,CANDIDATE,366.684634,0.5294,3.284,456.3,10.75,444.0,9.18,9.1,1,,5090.0,3.353,0.32,4.962,2.023,294.27182,49.633869,13.026,0,candidate
11616434,K05924.01,,CANDIDATE,291.306507,0.3377,2.91,1132.0,2.49,219.0,0.54,7.1,1,,5031.0,4.548,-0.22,0.748,0.72,294.69086,49.626991,15.789,0,candidate
11651240,K05925.01,,CANDIDATE,93.006,0.4428,2.461,125.4,1.97,503.0,15.18,6.7,1,,5518.0,3.973,0.07,1.742,1.04,285.40842,49.763641,12.979,0,candidate
11652427,K05926.01,,CANDIDATE,26.46288074,,1.4,,,,,,1,,,,,,,286.17105,49.71032,13.023,0,candidate
11674709,K05928.01,,CANDIDATE,20.69920737,,2.17,,,,,,1,55.0,,,,,,297.74567,49.70763,11.957,0,candidate
11716643,K05929.01,,CANDIDATE,466.002988,0.867,10.278,2363.6,4.92,223.0,0.58,42.3,1,3.0,5830.0,4.54,-0.14,0.876,0.97,293.86526,49.800289,14.692,0,candidate
11722217,K05930.01,,CANDIDATE,302.77571,0.1265,3.183,1106.0,1.0,106.0,0.03,7.1,1,,3358.0,4.944,0.0,0.303,0.294,296.2525,49.886559,15.755,0,candidate
11773174,K05931.01,,CANDIDATE,115.19952922,,2.67,,,,,,1,,,,,,,296.55469,49.958092,11.794,0,candidate
11803074,K05932.01,,CANDIDATE,355.86134,0.003,23.39,1220.7,2.79,233.0,0.7,15.2,1,4.0,5736.0,4.576,-0.34,0.801,0.892,285.33783,50.066132,15.887,0,candidate
11807906,K05933.01,,CANDIDATE,236.506437,0.1474,5.004,744.4,10.37,480.0,12.54,10.6,1,,5066.0,3.414,-0.06,3.9,1.442,288.43665,50.075722,13.856,0,candidate
11811382,K05934.01,,CANDIDATE,19.3854894,0.0074,1.031,4560.0,6.13,632.0,37.73,2.7,1,69.0,5432.0,4.42,-0.16,0.913,0.801,290.36365,50.052608,13.891,0,candidate
11818566,K05935.01,,CANDIDATE,416.87893121,,4.45,,,,,,1,,,,,,,294.2063,50.045399,15.69,0,candidate
11819396,K05936.01,,CANDIDATE,48.38798413,,1.23,,,,,,1,,,,,,,294.56738,50.069721,15.025,0,candidate
11824578,K05937.01,,CANDIDATE,357.588538,0.1542,3.367,344.8,3.53,420.0,7.38,7.2,1,,7435.0,4.082,-0.16,1.876,1.547,296.7554,50.055271,13.382,0,candidate
11860294,K05938.01,,CANDIDATE,545.205601,0.3515,3.296,199.7,1.66,257.0,1.03,7.1,1,,6273.0,4.345,-0.08,1.155,1.073,289.65347,50.12801,12.812,0,candidate
11868941,K05939.01,,CANDIDATE,105.053389,0.2199,1.988,176.7,1.52,449.0,9.61,5.8,1,,6471.0,4.392,-0.18,1.13,1.147,294.35275,50.185989,13.724,0,candidate
11905398,K05940.01,,CANDIDATE,24.7967294,0.952,4.278,970.5,3.14,537.0,19.62,13.8,1,35.0,5496.0,4.592,-0.24,0.776,0.869,286.48987,50.230068,15.627,0,candidate
11910670,K05941.01,,CANDIDATE,44.7060191,1.6552,0.25,292.0,60.47,465.0,11.01,6.6,1,,5509.0,4.482,-0.52,0.811,0.727,289.65152,50.282619,13.783,0,candidate
11911929,K05942.01,,CANDIDATE,125.277815,0.131,4.442,432.3,15.75,799.0,96.53,11.0,1,,5119.0,2.961,-0.26,7.738,1.997,290.3689,50.27055,13.325,0,candidate
11923213,K05943.01,,CANDIDATE,27.2020672,0.223,1.811,180.3,1.87,719.0,63.31,8.7,1,49.0,5869.0,4.175,0.1,1.396,1.065,296.20459,50.236328,14.172,0,candidate
11959893,K05945.01,,CANDIDATE,40.7282314,0.9828,13.677,221.8,4.58,829.0,111.83,19.4,1,,6531.0,3.936,0.14,2.231,1.566,289.58356,50.348137,12.717,0,candidate
11966643,K05946.01,,CANDIDATE,183.38048452,,3.25,,,,,,1,,,,,,,293.52264,50.308079,13.612,0,candidate
12007270,K05948.01,,CANDIDATE,398.51312,0.5091,5.41,249.2,1.23,222.0,0.58,5.9,1,,5776.0,4.596,-0.56,0.759,0.83,288.18256,50.49836,13.843,0,candidate
12009917,K05949.01,,CANDIDATE,559.785594,0.411,3.496,274.8,1.88,249.0,0.92,7.3,1,,6201.0,4.352,-0.2,1.111,1.011,289.68549,50.409229,13.295,0,candidate
12020376,K05950.01,,CANDIDATE,109.43946,0.0905,3.801,187.1,1.0,314.0,2.31,7.3,1,,5359.0,4.611,-0.28,0.741,0.823,295.4801,50.42128,13.718,0,candidate
12066767,K05951.01,,CANDIDATE,194.25835342,,3.15,,,,,,1,,,,,,,294.17059,50.593632,15.779,0,candidate
12071775,K05952.01,,CANDIDATE,164.507439,0.3819,11.428,433.8,2.15,346.0,3.39,11.7,1,,5866.0,4.382,-0.22,1.02,0.916,296.40887,50.585171,15.025,0,candidate
12102775,K05953.01,,CANDIDATE,370.84786,0.8847,13.966,1440.0,4.03,219.0,0.54,15.2,1,,5291.0,4.539,0.56,0.886,0.989,286.39944,50.625679,15.479,0,candidate
12105086,K05954.01,,CANDIDATE,73.908995,0.4947,3.916,100.5,0.94,421.0,7.44,7.0,1,,5865.0,4.518,-0.04,0.918,1.012,288.05573,50.65369,13.144,0,candidate
12110901,K05955.01,,CANDIDATE,96.32561456,,2.28,,,,,,1,,,,,,,291.59988,50.635891,14.451,0,candidate
12121701,K05956.01,,CANDIDATE,212.646179,0.1739,2.539,953.0,3.19,321.0,2.5,5.4,1,,6108.0,4.466,0.07,1.03,1.132,296.90057,50.628059,15.611,0,candidate
12168895,K05959.01,,CANDIDATE,251.48808,0.8011,6.8,305.0,1.74,284.0,1.55,6.4,1,,5979.0,4.52,-0.22,0.902,0.984,296.24155,50.78051,14.495,0,candidate
12170767,K05960.01,,CANDIDATE,32.4185265,0.7105,5.154,110.7,1.62,687.0,52.7,7.9,1,,5622.0,4.044,-0.38,1.441,0.84,297.0217,50.769112,13.325,0,candidate
12253490,K05961.01,,CANDIDATE,19.159760875,1.191,3.10166,32491.1,25.24,424.0,7.65,900.3,1,73.0,4492.0,4.727,-1.18,0.516,0.518,288.64325,50.90118,15.053,0,candidate
12300524,K05964.01,,CANDIDATE,32.033211,0.007,5.289,71.3,0.85,591.0,28.78,9.2,1,45.0,6039.0,4.478,0.07,1.005,1.108,287.09006,51.01606,13.186,0,candidate
12349560,K05965.01,,CANDIDATE,43.3975622,0.08,3.908,585.3,1.69,388.0,5.35,8.6,1,31.0,4871.0,4.608,0.0,0.725,0.778,286.93784,51.123508,15.944,0,candidate
12350136,K05966.01,,CANDIDATE,478.79185021,,4.06,,,,,,1,,,,,,,287.35873,51.158321,14.63,0,candidate
10967168,K05845.01,,CANDIDATE,22.2659599,0.03,4.816,61.3,1.18,896.0,152.29,8.3,1,46.0,6888.0,4.223,-0.1,1.492,1.363,287.37283,48.465542,11.299,0,candidate
10977671,K05846.01,,CANDIDATE,199.064336,0.763,13.623,265.0,6.12,483.0,12.81,15.4,1,8.0,5157.0,3.541,0.0,3.436,1.496,292.81577,48.422169,14.323,0,candidate
10978581,K05847.01,,CANDIDATE,277.114286,0.0288,3.926,567.1,17.56,605.0,31.66,10.4,1,,5117.0,2.986,-0.22,7.549,2.012,293.26508,48.426399,12.348,0,candidate
10979952,K05848.01,,CANDIDATE,323.159363,0.0504,2.427,368.6,3.41,331.0,2.83,7.4,1,,5251.0,3.872,-0.28,1.811,0.891,293.88602,48.469292,13.789,0,candidate
10989620,K05849.01,,CANDIDATE,21.512259,0.1017,4.337,131.3,1.13,639.0,39.45,7.1,1,,5611.0,4.424,0.14,0.997,0.962,297.61707,48.408089,14.489,0,candidate
10991389,K05850.01,,CANDIDATE,303.226376,0.1097,1.802,1464.0,3.66,274.0,1.33,12.7,1,4.0,5952.0,4.469,-0.16,0.955,0.982,298.29181,48.465691,14.897,0,candidate
12401859,K05967.01,,CANDIDATE,22.8631517,0.1918,1.659,103.3,4.84,1112.0,361.26,8.5,1,,5043.0,3.339,0.28,4.874,1.893,288.142,51.245602,12.26,0,candidate
12402588,K05968.01,,CANDIDATE,97.942437,0.0071,2.575,100.2,2.29,600.0,30.59,7.8,1,,5997.0,3.806,-0.24,2.284,1.217,288.53769,51.280384,11.366,0,candidate
12418418,K05971.01,,CANDIDATE,493.30572,0.327,5.425,404.5,1.08,149.0,0.12,7.2,1,,4558.0,4.697,-0.96,0.548,0.544,296.26324,51.26609,13.771,0,candidate
12505590,K05972.01,,CANDIDATE,449.87203,0.1377,6.539,1130.0,2.59,199.0,0.37,10.5,1,,5310.0,4.578,-0.08,0.786,0.853,288.62769,51.400131,15.29,0,candidate
12506986,K05973.01,,CANDIDATE,419.93373,0.4097,10.29,285.0,1.82,285.0,1.57,12.0,1,,6686.0,4.425,-0.56,1.053,1.074,289.4024,51.441738,12.71,0,candidate
10991431,K05851.01,,CANDIDATE,322.221973,0.2141,7.531,465.6,2.18,277.0,1.4,8.9,1,,6026.0,4.437,-0.14,1.006,1.007,298.30725,48.48246,14.718,0,candidate
11021266,K05852.01,,CANDIDATE,235.413973,0.1095,3.065,1027.0,3.2,304.0,2.03,6.9,1,,6028.0,4.468,0.0,1.001,1.073,287.36044,48.5564,15.583,0,candidate
11021676,K05853.01,,CANDIDATE,366.68293,0.782,3.854,1075.0,3.15,222.0,0.58,6.4,1,,5217.0,4.462,0.0,0.869,0.799,287.60306,48.599289,15.847,0,candidate
11026582,K05854.01,,CANDIDATE,240.57135,0.457,11.164,921.5,2.93,302.0,1.96,36.9,1,5.0,6146.0,4.497,-0.26,0.943,1.02,290.25085,48.558701,14.466,0,candidate
11036168,K05855.01,,CANDIDATE,217.792748,0.926,4.695,1487.0,6.15,334.0,2.94,16.6,1,3.0,5600.0,4.209,0.16,1.283,0.97,294.79651,48.557861,15.138,0,candidate
11037818,K05856.01,Kepler-1638 b,CONFIRMED,259.34304,0.447,16.04,349.7,6.04,449.0,9.65,13.1,1,5.0,5490.0,3.629,0.24,3.204,1.592,295.48242,48.524441,14.759,1,confirmed
11046723,K05857.01,,CANDIDATE,388.03884851,,4.44,,,,,,1,,,,,,,298.71347,48.545479,13.583,0,candidate
12554212,K05974.01,,CANDIDATE,4.76815507,0.046,2.115,61.0,0.49,761.0,79.48,9.2,1,282.0,4680.0,4.618,-0.38,0.649,0.638,288.9162,51.534962,13.442,0,candidate
12690465,K05977.01,,CANDIDATE,49.49059818,,1.61,,,,,,1,,,,,,,289.70395,51.871689,13.841,0,candidate
12734110,K05978.01,,CANDIDATE,364.18129,0.0594,6.65,469.5,1.78,209.0,0.45,7.0,1,,4988.0,4.498,0.3,0.85,0.829,288.71906,51.914211,14.923,0,candidate
12735793,K05979.01,,CANDIDATE,37.7935113,0.0794,1.718,67.2,0.89,592.0,29.06,6.9,1,,6178.0,4.417,-0.02,1.076,1.098,289.79166,51.993721,11.982,0,candidate
11069681,K05859.01,,CANDIDATE,172.621943,0.3131,4.435,788.0,26.09,790.0,92.12,3.4,1,,5119.0,2.795,-0.5,9.343,1.983,283.30917,48.685829,13.414,0,candidate
11072982,K05860.01,,CANDIDATE,264.708077,0.2277,3.975,461.3,6.17,425.0,7.68,6.3,1,,5283.0,3.617,-0.28,2.907,1.277,285.56879,48.632099,13.581,0,candidate
11080702,K05863.01,,CANDIDATE,8.67237968,0.1385,2.826,99.1,0.87,825.0,109.61,12.3,1,157.0,5620.0,4.498,-0.12,0.882,0.893,290.00208,48.655361,14.219,0,candidate
11082795,K05864.01,,CANDIDATE,35.9216912,0.7193,0.585,221.3,1.38,468.0,11.38,5.6,1,,5161.0,4.49,-0.06,0.829,0.775,291.17084,48.649261,13.791,0,candidate
11090926,K05866.01,,CANDIDATE,102.300622,0.9599,4.473,781.2,35.36,984.0,221.33,13.0,1,,4895.0,2.566,-0.54,9.435,1.195,295.02325,48.680649,13.83,0,candidate
11097752,K05867.01,,CANDIDATE,359.8455,0.4022,34.84,503.9,14.76,510.0,16.01,12.3,1,,4945.0,3.058,0.06,6.632,1.835,297.6507,48.617802,12.117,0,candidate
11098704,K05868.01,,CANDIDATE,22.7783121,0.3499,1.037,155.6,1.89,863.0,130.87,7.3,1,,6538.0,4.162,-0.24,1.477,1.153,298.02136,48.626141,13.787,0,candidate
11100170,K05869.01,,CANDIDATE,114.406187,0.2729,4.92,1306.0,2.42,267.0,1.21,11.4,1,,4641.0,4.589,-0.14,0.691,0.677,298.57523,48.668362,15.746,0,candidate
11129145,K05870.01,,CANDIDATE,132.114,0.2502,2.514,216.8,0.75,217.0,0.52,5.7,1,,4342.0,4.715,-0.92,0.523,0.518,287.46823,48.758659,13.586,0,candidate
11145391,K05871.01,,CANDIDATE,623.2344,0.0831,14.448,602.8,2.04,196.0,0.35,15.8,1,,5600.0,4.496,-0.36,0.839,0.804,295.4769,48.765079,14.645,0,candidate
11145637,K05872.01,,CANDIDATE,46.16051579,,2.37,,,,,,1,,,,,,,295.56812,48.759811,15.655,0,candidate
11147785,K05873.01,,CANDIDATE,217.170081,86.1724,4.291,937.0,109061.0,802.0,97.62,9.5,1,,5083.0,2.638,-0.5,11.723,2.176,296.32471,48.783112,12.446,0,candidate
11152511,K05874.01,,CANDIDATE,287.33114,0.529,12.722,406.7,2.07,266.0,1.18,19.7,1,4.0,5426.0,4.378,0.12,1.007,0.883,298.06229,48.724918,13.618,0,candidate
11176166,K05875.01,Kepler-1639 b,CONFIRMED,9.8788502,0.732,2.951,454.7,2.64,1003.0,238.98,13.4,2,17.0,6477.0,4.361,-0.26,1.148,1.102,283.06863,48.802078,14.496,1,confirmed
11182213,K05876.01,,CANDIDATE,189.456089,0.2906,3.077,453.0,2.2,337.0,3.04,5.4,1,,5991.0,4.387,-0.28,1.026,0.938,287.22351,48.813251,15.242,0,candidate
11183752,K05877.01,,CANDIDATE,230.358183,0.4159,2.031,1023.0,2.87,289.0,1.66,6.2,1,,5803.0,4.465,-0.44,0.884,0.83,288.21854,48.886742,15.571,0,candidate
11191364,K05878.01,,CANDIDATE,211.54114,0.1723,5.4,751.0,1.88,251.0,0.94,5.3,1,,5433.0,4.629,-0.64,0.689,0.736,292.33502,48.87252,15.784,0,candidate
11198419,K05879.01,,CANDIDATE,88.523517,0.9117,7.22,828.0,1.6,209.0,0.45,7.7,1,,3827.0,4.782,-0.4,0.462,0.471,295.57629,48.897861,15.841,0,candidate
11251991,K05881.01,,CANDIDATE,134.35872,0.2786,13.3,75.2,1.27,499.0,14.61,16.5,1,,6948.0,4.194,-0.52,1.433,1.171,295.46149,48.903751,11.083,0,candidate
11298442,K05882.01,,CANDIDATE,55.01469183,,2.34,,,,,,1,,,,,,,292.61597,49.003139,13.113,0,candidate
11305417,K05883.01,,CANDIDATE,198.781156,0.1924,6.77,138.3,1.69,404.0,6.33,10.3,1,,6493.0,4.22,-0.1,1.424,1.229,295.74002,49.01152,12.752,0,candidate
11340218,K05885.01,,CANDIDATE,111.149082,0.1665,2.911,394.2,1.87,364.0,4.16,5.9,1,,5763.0,4.511,0.21,0.948,1.063,286.12357,49.105289,14.889,0,candidate
11341266,K05886.01,,CANDIDATE,284.87177,0.0404,15.63,106.7,1.84,401.0,6.1,10.1,1,,6437.0,4.004,-0.3,1.773,1.158,286.79611,49.19426,13.074,0,candidate
11348610,K05888.01,,CANDIDATE,190.860818,0.4668,2.823,512.0,1.84,273.0,1.32,6.2,1,,5463.0,4.578,-0.1,0.803,0.893,290.8688,49.105068,15.491,0,candidate
11351454,K05889.01,,CANDIDATE,374.41813,0.5723,17.9,430.2,2.42,280.0,1.44,8.9,1,3.0,6195.0,4.407,0.12,1.124,1.178,292.39926,49.173641,15.429,0,candidate
11355925,K05890.01,,CANDIDATE,263.30198,0.1782,2.213,377.6,2.19,308.0,2.11,5.6,1,,5758.0,4.277,-0.2,1.132,0.885,294.52682,49.175072,14.225,0,candidate
11391512,K05891.01,,CANDIDATE,370.31761,0.3565,12.588,1885.0,2.98,182.0,0.26,15.1,1,,4665.0,4.584,-0.1,0.701,0.689,285.2085,49.207829,15.988,0,candidate
11393248,K05892.01,,CANDIDATE,37.959659,0.3842,2.793,287.9,1.41,484.0,12.93,6.9,1,,5573.0,4.558,-0.12,0.827,0.902,286.30084,49.211319,15.337,0,candidate
11393633,K05893.01,,CANDIDATE,405.6296,0.4652,11.26,304.3,1.4,216.0,0.52,5.8,1,,5583.0,4.58,-0.26,0.79,0.865,286.55554,49.240501,15.006,0,candidate
11407847,K05895.01,,CANDIDATE,11.8307724,0.592,8.791,136.0,1.16,770.0,83.17,12.4,1,114.0,5550.0,4.411,-0.08,0.958,0.862,294.30084,49.240311,15.337,0,candidate
11414368,K05896.01,,CANDIDATE,434.28175,0.3094,8.14,663.1,1.94,212.0,0.48,12.8,1,,5544.0,4.529,-0.76,0.75,0.693,296.96423,49.202339,14.886,0,candidate
8355178,K06178.02,,CANDIDATE,33.814176,0.1563,7.69,222.6,1.49,589.0,28.41,8.1,2,,6122.0,4.471,-0.1,0.996,1.07,287.53177,44.30801,15.863,0,candidate
8374077,K06179.01,,CANDIDATE,16.2957847,0.603,5.16,409.8,2.13,744.0,72.62,14.2,1,68.0,6063.0,4.476,0.07,1.012,1.117,294.8566,44.322041,15.735,0,candidate
8494783,K06180.01,,CANDIDATE,28.201998,,3.86,,,,,,2,,,,,,,291.63733,44.56422,12.044,0,candidate
8494783,K06180.02,,CANDIDATE,58.92565,0.0655,14.56,44.7,1.5,809.0,101.17,5.3,2,,7282.0,3.961,-0.12,2.216,1.636,291.63733,44.56422,12.044,0,candidate
8590149,K06182.01,,CANDIDATE,19.2405821,0.258,4.99,207.4,1.19,565.0,24.17,9.0,2,69.0,5031.0,4.485,0.16,0.848,0.801,300.90247,44.61261,15.099,0,candidate
10055126,K01608.03,Kepler-311 d,CONFIRMED,232.040326,0.61,12.235,290.8,2.05,327.0,2.71,15.2,3,5.0,5903.0,4.3,-0.1,1.156,0.974,282.06128,47.085491,13.797,1,confirmed
8590149,K06182.02,,CANDIDATE,28.684308,0.0138,4.64,282.3,1.35,512.0,16.27,9.1,2,,5243.0,4.49,-0.18,0.821,0.761,300.90247,44.61261,15.099,0,candidate
3559935,K00492.02,,CANDIDATE,265.29617,0.3323,4.1,608.0,2.99,302.0,1.97,5.9,2,,5589.0,4.27,0.3,1.218,1.007,295.18292,38.654228,14.424,0,candidate
9285265,K03410.02,Kepler-1491 c,CONFIRMED,61.569765,0.486,9.75,298.3,2.44,530.0,18.66,10.9,2,19.0,5626.0,4.149,0.14,1.389,0.991,293.62976,45.74065,15.589,1,confirmed
3559860,K03440.02,,CANDIDATE,58.940569,0.643,4.769,570.3,2.48,465.0,11.06,9.2,2,16.0,5819.0,4.468,0.14,0.99,1.049,295.16721,38.637081,15.606,0,candidate
5384713,K03444.04,,CANDIDATE,14.1502311,0.013,1.503,208.1,0.74,390.0,5.44,9.3,4,84.0,3705.0,4.721,0.21,0.529,0.536,297.4292,40.561909,13.693,0,candidate
6364582,K03456.02,,CANDIDATE,486.12702,0.3621,9.495,120.6,1.18,249.0,0.91,8.1,2,,6008.0,4.373,-0.2,1.062,0.972,292.00204,41.786961,12.988,0,candidate
6368175,K03503.02,Kepler-1703 c,CONFIRMED,31.8245304,0.681,4.17,79.0,0.8,589.0,28.37,7.7,2,41.0,6338.0,4.545,-0.8,0.847,0.918,293.15085,41.729252,13.827,1,confirmed
5471158,K03504.02,,CANDIDATE,140.24408749,,5.43,,,,,,2,,,,,,,297.5798,40.603001,15.717,0,candidate
10407086,K04568.02,,CANDIDATE,48.04066636,,1.62,,,,,,2,,,,,,,292.79254,47.576721,12.877,0,candidate
9947653,K04647.02,,CANDIDATE,12.008552,0.901,4.613,76.6,2.08,1016.0,251.93,11.8,2,107.0,5303.0,3.87,-0.04,1.964,1.042,290.25931,46.885109,13.726,0,candidate
6527078,K04657.02,,CANDIDATE,10.4314847,0.95,2.09,59.1,0.77,700.0,56.67,9.6,2,120.0,5361.0,4.588,-0.16,0.774,0.848,293.29279,41.997589,13.241,0,candidate
12416597,K04895.02,,CANDIDATE,47.5571352,0.6234,1.708,339.0,1.85,507.0,15.58,6.7,2,,5861.0,4.436,-0.24,0.958,0.914,295.51495,51.203739,14.732,0,candidate
2019477,K06093.02,,CANDIDATE,27.2497521,0.194,11.609,102.0,4.49,1090.0,333.56,14.6,2,50.0,5440.0,3.404,0.3,4.524,1.894,292.55194,37.421211,13.33,0,candidate
8158127,K01015.03,,CANDIDATE,16.9972894,0.825,2.585,225.0,3.14,956.0,197.18,11.1,3,34.0,5897.0,3.98,0.16,1.86,1.204,289.09689,44.004379,14.5,0,candidate
2852810,K06097.01,,CANDIDATE,93.05654364,,2.34,,,,,,4,,,,,,,291.51575,38.058418,12.749,0,candidate
2852810,K06097.02,,CANDIDATE,88.433122,0.021,2.392,120.4,1.7,595.0,29.68,4.0,4,,7092.0,4.176,-0.44,1.525,1.272,291.51575,38.058418,12.749,0,candidate
2852810,K06097.03,,CANDIDATE,282.34315,0.5038,3.956,220.5,2.35,404.0,6.31,3.7,4,,7092.0,4.176,-0.44,1.525,1.272,291.51575,38.058418,12.749,0,candidate
8653134,K06186.01,Kepler-1643 b,CONFIRMED,5.34264143,0.021,2.453,691.3,1.72,799.0,96.47,19.9,1,254.0,5101.0,4.63,-0.5,0.67,0.699,300.431,44.751015,13.116,1,confirmed
8822421,K06188.01,,CANDIDATE,1.645319649,0.118,1.635,1082.0,2.46,1296.0,666.35,11.8,1,816.0,5416.0,4.603,-0.26,0.756,0.847,293.24701,45.056461,15.517,0,candidate
4472818,K03878.02,,CANDIDATE,15.3573445,0.966,1.634,117.1,1.42,729.0,66.65,9.6,2,70.0,5818.0,4.464,0.1,0.986,1.032,293.88541,39.51981,12.72,0,candidate
8030339,K03954.02,Kepler-1534 b,CONFIRMED,5.71668787,0.616,1.97,431.7,1.92,955.0,196.51,11.8,2,91.0,5638.0,4.488,-0.18,0.883,0.875,292.39539,43.869068,15.665,1,confirmed
8037145,K00520.04,Kepler-176 e,CONFIRMED,51.1658019,0.817,4.637,259.2,1.51,398.0,5.96,12.2,4,26.0,4963.0,4.501,0.16,0.826,0.789,294.66797,43.85326,14.55,1,confirmed
8934103,K04009.02,,CANDIDATE,77.792718,0.576,6.08,287.9,2.17,453.0,10.0,9.1,2,18.0,5497.0,4.243,0.32,1.241,0.981,283.3457,45.27446,15.245,0,candidate
9551430,K04030.02,,CANDIDATE,163.51489847,,3.08,,,,,,2,,,,,,,300.18863,46.185768,15.553,0,candidate
3532985,K05987.01,,CANDIDATE,5.288547653,0.93,3.2646,2185.3,55.28,2333.0,6999.38,218.9,1,255.0,4918.0,2.889,0.21,9.169,2.376,287.91516,38.640781,11.317,0,candidate
10718726,K00600.02,,CANDIDATE,294.055263,0.0617,14.32,770.0,2.8,288.0,1.64,21.1,2,,6108.0,4.453,-0.08,1.011,1.052,286.24982,48.06094,14.827,0,candidate
2852810,K06097.04,,CANDIDATE,126.505657,0.1855,8.836,95.5,1.51,528.0,18.42,3.7,4,,7092.0,4.176,-0.44,1.525,1.272,291.51575,38.058418,12.749,0,candidate
3229028,K06100.02,,CANDIDATE,117.684591,0.4466,2.219,134.6,1.52,459.0,10.46,5.3,2,,6362.0,4.248,-0.26,1.279,1.054,289.81143,38.324951,13.036,0,candidate
5956656,K01053.02,,CANDIDATE,46.245164,0.392,5.663,492.1,2.46,519.0,17.15,15.5,2,26.0,5553.0,4.32,0.14,1.107,0.933,290.60794,41.201092,15.376,0,candidate
9093086,K06191.01,,CANDIDATE,9.7043379,0.07,3.515,129.0,1.19,932.0,178.46,8.6,2,134.0,6273.0,4.442,-0.14,1.044,1.099,293.40323,45.493809,14.752,0,candidate
9015738,K01616.02,,CANDIDATE,34.775371,0.4758,2.93,38.8,0.67,582.0,27.11,5.7,2,,6028.0,4.459,0.21,1.047,1.149,289.50635,45.370998,11.538,0,candidate
7954278,K07859.01,,CANDIDATE,0.306702491,0.173,0.9074,138.8,0.93,2318.0,6868.33,21.9,1,1851.0,5310.0,4.512,-0.36,0.786,0.732,289.82599,43.725231,15.229,0,candidate
9093086,K06191.02,,CANDIDATE,12.7713826,0.374,3.347,141.8,1.26,851.0,123.93,8.0,2,99.0,6273.0,4.442,-0.14,1.044,1.099,293.40323,45.493809,14.752,0,candidate
9145861,K06194.01,,CANDIDATE,42.294739,1.145,34.63,254.2,140.14,1083.0,324.71,25.2,2,33.0,4926.0,3.02,0.36,7.849,2.351,287.84042,45.599751,12.057,0,candidate
9153823,K06195.01,,CANDIDATE,1.444486083,0.305,1.437,980.7,1.73,1051.0,290.01,12.0,1,927.0,4569.0,4.686,-0.88,0.559,0.553,291.48495,45.54567,15.356,0,candidate
7100673,K04032.03,Kepler-1542 d,CONFIRMED,5.99273265,0.505,2.6502,69.8,0.91,1010.0,245.32,19.2,5,200.0,5574.0,4.354,0.12,1.065,0.933,285.72849,42.65453,12.639,1,confirmed
7100673,K04032.04,Kepler-1542 e,CONFIRMED,5.10110666,0.083,2.657,65.1,0.85,1065.0,304.8,19.5,5,246.0,5574.0,4.354,0.12,1.065,0.933,285.72849,42.65453,12.639,1,confirmed
10089911,K04034.02,,CANDIDATE,11.6089351,1.105,2.957,199.6,46.44,1496.0,1184.51,8.7,2,80.0,6303.0,3.595,0.28,3.53,1.786,297.1243,47.037022,13.487,0,candidate
3747817,K04103.02,,CANDIDATE,14.2378417,0.314,4.86,193.0,1.1,629.0,37.02,10.5,2,94.0,5273.0,4.566,0.0,0.801,0.861,291.67682,38.874908,14.838,0,candidate
8162789,K00521.02,,CANDIDATE,10.8206034,0.592,2.848,116.7,1.19,885.0,145.06,7.3,2,239.0,6032.0,4.387,-0.14,1.06,0.999,290.73517,44.09132,14.633,0,candidate
5613330,K00649.02,,CANDIDATE,10.2090268,0.213,6.264,36.7,0.92,1058.0,296.42,9.8,2,126.0,6188.0,4.196,0.44,1.524,1.33,289.77325,40.80072,13.31,0,candidate
3545840,K06102.01,,CANDIDATE,54.2916336,0.7285,3.364,97.8,1.67,665.0,46.21,7.9,1,,6711.0,4.179,-0.02,1.565,1.353,291.75204,38.66254,10.915,0,candidate
3634051,K06103.01,Kepler-1981 b,CONFIRMED,453.54212,0.633,17.026,861.0,9.23,390.0,5.45,48.8,2,3.0,5874.0,3.664,0.12,3.006,1.519,287.97546,38.74028,13.436,1,confirmed
3634051,K06103.02,,CANDIDATE,122.8054416,1.346,2.663,313.0,118.62,602.0,31.11,10.6,2,11.0,5874.0,3.664,0.12,3.006,1.519,287.97546,38.74028,13.436,0,candidate
6975129,K01628.03,,CANDIDATE,37.8404232,0.211,6.408,232.6,1.76,607.0,32.14,23.7,3,38.0,6243.0,4.406,0.21,1.149,1.226,298.39575,42.459751,12.949,0,candidate
9389245,K06202.01,,CANDIDATE,47.25643291,,2.0,,,,,,1,,,,,,,284.14114,45.944641,11.543,0,candidate
9828127,K04192.02,,CANDIDATE,32.0273169,0.259,5.144,161.7,1.14,525.0,17.95,8.8,2,40.0,5505.0,4.501,0.16,0.909,0.955,290.58612,46.642689,15.004,0,candidate
5177859,K04246.02,,CANDIDATE,8.75630628,0.371,2.852,81.9,1.12,982.0,219.87,9.8,2,150.0,5839.0,4.279,0.12,1.227,1.044,289.07397,40.366009,13.382,0,candidate
11081504,K04287.02,,CANDIDATE,9.6183111,0.447,4.215,25.0,0.85,1142.0,402.64,11.9,2,137.0,6134.0,4.065,0.02,1.665,1.173,290.45831,48.661369,11.265,0,candidate
3645438,K04385.02,Kepler-1600 b,CONFIRMED,386.370512,0.01,11.007,1336.4,2.96,209.0,0.45,13.1,3,3.0,5119.0,4.508,0.1,0.834,0.818,291.39938,38.78775,15.825,1,confirmed
8110757,K07865.01,,CANDIDATE,0.518060209,1.262,1.8062,2258.4,61.49,2921.0,17224.79,140.6,1,131.0,5405.0,3.853,-0.6,1.772,0.816,296.18478,43.980751,14.463,0,candidate
3645438,K04385.03,,CANDIDATE,17.3695112,0.28,4.012,314.0,1.45,588.0,28.35,8.6,3,62.0,5119.0,4.508,0.1,0.834,0.818,291.39938,38.78775,15.825,0,candidate
8278685,K04435.02,,CANDIDATE,17.8693759,0.259,6.886,63.0,0.81,759.0,78.58,9.8,2,,6328.0,4.456,-0.28,1.013,1.069,281.95569,44.261532,13.517,0,candidate
5511659,K04541.02,,CANDIDATE,17.236085,0.04,4.209,330.0,1.98,721.0,63.85,10.4,2,56.0,5543.0,4.318,0.16,1.111,0.937,283.25119,40.72311,15.377,0,candidate
4139254,K06108.01,,CANDIDATE,485.92297,0.4516,3.756,122.9,1.07,225.0,0.61,5.5,1,,5551.0,4.386,-0.22,0.957,0.811,285.8627,39.20528,12.12,0,candidate
10141900,K01082.04,,CANDIDATE,9.6550473,0.124,2.752,313.1,1.45,705.0,58.36,12.2,4,117.0,4999.0,4.49,0.18,0.843,0.8,292.14447,47.157349,15.692,0,candidate
4255944,K06111.01,,CANDIDATE,228.65412,0.225,2.487,179.1,3.63,521.0,17.44,6.6,1,,6845.0,3.849,0.3,2.674,1.843,289.84818,39.331463,12.914,0,candidate
9655711,K06209.01,,CANDIDATE,12.7143635,0.071,3.101,524.8,2.2,785.0,89.81,9.9,2,35.0,5947.0,4.481,-0.06,0.962,1.022,294.444,46.335972,16.154,0,candidate
5856571,K01839.02,,CANDIDATE,80.4103783,0.913,3.487,591.4,4.93,535.0,19.35,14.0,2,13.0,5476.0,3.904,-0.56,1.673,0.819,284.09457,41.182819,13.237,0,candidate
8222395,K07873.01,,CANDIDATE,1.93188768,0.256,1.087,37.8,0.57,1427.0,977.65,8.8,1,688.0,5896.0,4.516,-0.1,0.914,1.0,287.37039,44.187988,13.5,0,candidate
8107150,K07863.01,,CANDIDATE,5.2449156,0.019,8.367,35.5,0.52,1015.0,251.14,11.7,1,257.0,5823.0,4.486,-0.38,0.878,0.862,295.0809,43.953239,13.695,0,candidate
4464394,K06115.01,,CANDIDATE,168.66934782,,4.07,,,,,,1,,,,,,,291.59775,39.53606,13.497,0,candidate
4739229,K06118.01,,CANDIDATE,571.280892,0.6109,21.827,460.7,3.65,324.0,2.62,37.8,2,,7081.0,4.16,-0.22,1.619,1.387,289.53336,39.836639,12.767,0,candidate
4739229,K06118.02,,CANDIDATE,4.66185924,0.2695,3.164,49.3,1.16,1610.0,1590.18,15.8,2,,7081.0,4.16,-0.22,1.619,1.387,289.53336,39.836639,12.767,0,candidate
8620565,K01250.02,,CANDIDATE,1.213672208,7.3743,1.3644,2731.0,697.14,1789.0,2422.45,24.8,2,,6113.0,4.463,-0.12,0.995,1.044,290.26767,44.712849,14.912,0,candidate
4742420,K06120.01,,CANDIDATE,90.097375,0.042,12.697,282.6,1.7,430.0,8.05,11.5,2,15.0,6116.0,4.444,-0.14,1.008,1.025,290.45026,39.862011,15.416,0,candidate
9655711,K06209.02,,CANDIDATE,7.72966941,0.668,2.091,426.7,2.1,927.0,174.28,8.4,2,56.0,5947.0,4.481,-0.06,0.962,1.022,294.444,46.335972,16.154,0,candidate
9727765,K06210.01,,CANDIDATE,51.85656556,,2.21,,,,,,1,,,,,,,298.06549,46.436298,13.173,0,candidate
9974142,K06214.02,,CANDIDATE,154.536881,0.3257,15.44,258.5,4.1,544.0,20.76,3.5,2,,6049.0,3.728,-0.38,2.522,1.241,299.87131,46.822491,13.654,0,candidate
9008103,K03283.03,,CANDIDATE,87.707513,0.4,2.184,578.0,1.72,310.0,2.2,7.1,3,,4944.0,4.614,-0.08,0.721,0.786,286.08908,45.369011,15.322,0,candidate
8780959,K03741.03,Kepler-1518 b,CONFIRMED,5.1117547,0.962,3.281,267.8,2.81,1351.0,788.0,12.1,4,169.0,6432.0,4.207,-0.34,1.345,1.06,300.33237,44.986141,13.306,1,confirmed
8780959,K03741.04,Kepler-1518 c,CONFIRMED,9.6310258,0.951,5.255,297.2,2.9,1094.0,338.33,12.7,4,88.0,6432.0,4.207,-0.34,1.345,1.06,300.33237,44.986141,13.306,1,confirmed
11296045,K04396.04,,CANDIDATE,437.51586139,,4.16,,,,,,4,,,,,,,291.36188,49.02198,12.981,0,candidate
5769810,K04913.02,,CANDIDATE,8.97377221,0.237,2.135,106.5,2.96,1530.0,1294.96,9.4,2,115.0,6537.0,3.76,-0.02,2.829,1.677,283.6788,41.096882,13.36,0,candidate
4742420,K06120.02,,CANDIDATE,205.41415,0.0856,10.26,283.8,1.67,323.0,2.58,7.9,2,,6123.0,4.465,-0.14,0.991,1.04,290.45026,39.862011,15.416,0,candidate
5306984,K06127.01,,CANDIDATE,114.27173902,,2.19,,,,,,1,,,,,,,299.23679,40.425819,13.05,0,candidate
10198662,K06216.01,,CANDIDATE,26.40805532,,2.7,,,,,,2,,,,,,,287.78461,47.228043,12.655,0,candidate
10198662,K06216.02,,CANDIDATE,46.07931317,,1.87,,,,,,2,,,,,,,287.78461,47.228043,12.655,0,candidate
4157325,K01860.04,,CANDIDATE,24.8434837,0.641,4.8,217.4,1.58,625.0,35.97,14.2,4,43.0,5670.0,4.397,0.06,1.022,0.949,291.55695,39.227291,14.028,0,candidate
10200627,K06217.01,,CANDIDATE,7.7016694,0.01,10.898,155.7,4.44,1627.0,1656.27,17.8,1,181.0,5174.0,3.228,-0.86,3.608,0.802,288.79553,47.203651,15.268,0,candidate
8332521,K04567.02,,CANDIDATE,4.67250377,0.95,4.441,79.6,1.11,1149.0,412.73,13.8,2,291.0,6146.0,4.454,-0.22,0.987,1.006,301.56284,44.240391,13.775,0,candidate
8242769,K07875.01,,CANDIDATE,21.9711574,0.119,5.012,178.1,1.32,649.0,41.86,7.8,1,59.0,5763.0,4.436,0.06,0.997,0.989,295.06631,44.162449,15.57,0,candidate
10964440,K01310.02,,CANDIDATE,144.688915,0.087,9.468,397.1,3.33,416.0,7.09,11.6,2,6.0,5372.0,4.007,0.46,1.71,1.084,285.66269,48.435371,14.569,0,candidate
5428657,K06130.01,,CANDIDATE,1.54287434,0.013,1.1121,401.4,1.05,1007.0,243.62,20.7,1,670.0,4530.0,4.704,-1.0,0.539,0.537,284.44101,40.625,15.121,0,candidate
5629353,K06132.01,,CANDIDATE,33.3200908,0.069,6.5265,6186.9,13.0,750.0,74.79,84.5,3,4.0,6264.0,4.133,0.26,1.651,1.352,294.55789,40.850498,14.624,0,candidate
5629353,K06132.02,Kepler-1640 b,CONFIRMED,7.5844241,0.815,3.918,1005.0,5.83,1228.0,537.4,23.8,3,20.0,6264.0,4.133,0.26,1.651,1.352,294.55789,40.850498,14.624,1,confirmed
10414727,K06224.01,,CANDIDATE,91.20573037,,4.17,,,,,,2,,,,,,,295.68192,47.591881,12.962,0,candidate
4736569,K01996.02,,CANDIDATE,7.07394528,0.277,2.319,228.3,0.84,647.0,41.43,9.5,2,154.0,4777.0,4.689,-1.08,0.561,0.561,288.66891,39.824009,15.629,0,candidate
10662202,K00750.03,,CANDIDATE,14.516741,0.851,2.706,227.2,1.45,606.0,31.8,10.1,4,86.0,4954.0,4.5,0.18,0.828,0.791,290.46512,47.92918,15.377,0,candidate
9008103,K03283.02,,CANDIDATE,20.5718107,0.123,3.399,379.0,1.34,498.0,14.51,13.0,3,67.0,4922.0,4.624,-0.06,0.708,0.795,286.08908,45.369011,15.322,0,candidate
5629353,K06132.03,,CANDIDATE,11.867172,0.001,4.815,595.6,4.03,1058.0,296.23,13.4,3,14.0,6264.0,4.133,0.26,1.651,1.352,294.55789,40.850498,14.624,0,candidate
4078157,K01319.02,,CANDIDATE,142.685885,0.1086,3.792,1195.0,2.76,319.0,2.43,9.3,2,,5767.0,4.57,-0.4,0.799,0.866,296.47937,39.127571,15.484,0,candidate
5816144,K06137.01,,CANDIDATE,12.4970599,0.65,3.877,180.0,1.44,839.0,117.3,10.6,2,109.0,6174.0,4.445,-0.12,1.021,1.055,298.19412,41.029331,14.191,0,candidate
10717220,K06228.01,Kepler-1644 b,CONFIRMED,21.0907909,0.832,4.751,417.6,1.88,606.0,31.86,19.7,1,54.0,5723.0,4.546,-0.36,0.818,0.857,285.47504,48.034931,14.223,1,confirmed
10989274,K06233.01,Kepler-1645 b,CONFIRMED,16.17803,0.081,5.18,449.0,2.25,754.0,76.54,6.0,1,69.0,5929.0,4.413,0.14,1.069,1.079,297.47946,48.418571,14.472,1,confirmed
4247991,K02311.03,Kepler-1185 b,CONFIRMED,104.3519624,0.532,3.695,243.8,1.39,355.0,3.74,15.8,3,9.0,5650.0,4.546,0.02,0.87,0.971,287.24118,39.33276,12.57,1,confirmed
11968463,K02433.06,,CANDIDATE,6.06330298,0.0214,3.275,200.7,1.64,1153.0,418.4,13.1,7,139.0,6308.0,4.353,-0.08,1.153,1.09,294.33847,50.33654,15.212,0,candidate
11968463,K02433.07,,CANDIDATE,86.431871,0.95,7.374,415.1,2.85,464.0,10.97,11.2,7,13.0,6325.0,4.409,-0.04,1.112,1.157,294.33847,50.33654,15.212,0,candidate
11074835,K02533.03,,CANDIDATE,26.1152887,0.1382,12.54,70.0,2.38,898.0,153.98,10.6,3,,5190.0,3.63,-0.12,2.912,1.319,286.71564,48.645279,13.274,0,candidate
5792202,K00841.04,,CANDIDATE,269.306232,1.219,14.931,1708.0,24.0,235.0,0.72,18.1,5,5.0,5251.0,4.581,0.21,0.817,0.926,292.23676,41.08588,15.855,0,candidate
6032730,K06141.01,,CANDIDATE,96.509214,3.6303,0.589,1528.0,860.3,787.0,90.63,3.8,1,,7343.0,3.751,-0.04,2.955,1.793,288.5929,41.307339,8.655,0,candidate
6116172,K06142.01,,CANDIDATE,69.64679311,,3.71,,,,,,3,,,,,,,289.48145,41.49942,13.735,0,candidate
6116172,K06142.02,,CANDIDATE,111.65546,11.3832,1.051,2887.0,2121.0,579.0,26.58,7.0,3,,6967.0,4.086,0.08,1.863,1.541,289.48145,41.49942,13.735,0,candidate
6116172,K06142.03,,CANDIDATE,86.13201864,,3.11,,,,,,3,,,,,,,289.48145,41.49942,13.735,0,candidate
9839821,K02012.02,Kepler-1052 c,CONFIRMED,180.921729,0.025,8.99,742.4,2.3,302.0,1.96,16.2,2,8.0,5818.0,4.554,-0.22,0.848,0.937,295.34271,46.602261,14.876,1,confirmed
11296437,K06237.02,,CANDIDATE,47.14404783,,4.35,,,,,,2,,,,,,,291.57312,49.097771,11.741,0,candidate
11341164,K06238.01,,CANDIDATE,197.05431574,,6.38,,,,,,1,,,,,,,286.72897,49.154945,12.366,0,candidate
11462969,K06239.01,,CANDIDATE,406.496216,0.5052,3.495,380.2,1.77,236.0,0.73,6.9,2,,5847.0,4.525,-0.18,0.884,0.956,295.56683,49.378029,13.893,0,candidate
11462969,K06239.02,,CANDIDATE,491.61516814,,6.31,,,,,,2,,,,,,,295.56683,49.378029,13.893,0,candidate
5792202,K00841.05,,CANDIDATE,499.47338,0.793,12.248,1662.0,3.71,191.0,0.31,15.7,5,3.0,5251.0,4.581,0.21,0.817,0.926,292.23676,41.08588,15.855,0,candidate
6221385,K06145.01,Kepler-1641 b,CONFIRMED,19.672324,0.721,4.812,649.9,4.07,908.0,160.98,20.6,3,8.0,6486.0,4.136,-0.34,1.485,1.098,296.35944,41.574532,14.263,1,confirmed
6221385,K06145.02,Kepler-1641 c,CONFIRMED,32.657035,0.007,5.953,620.4,3.73,767.0,81.91,17.9,3,5.0,6486.0,4.136,-0.34,1.485,1.098,296.35944,41.574532,14.263,1,confirmed
6221385,K06145.03,,CANDIDATE,7.3138454,0.893,2.273,247.7,2.73,1263.0,601.53,9.2,3,23.0,6486.0,4.136,-0.34,1.485,1.098,296.35944,41.574532,14.263,0,candidate
11656928,K06242.01,,CANDIDATE,212.43503674,,4.26,,,,,,3,,,,,,,289.03772,49.712601,12.914,0,candidate
11566064,K00353.03,,CANDIDATE,11.1619384,0.739,5.195,124.4,1.97,1093.0,337.23,13.4,3,114.0,6200.0,4.072,-0.06,1.64,1.158,295.21268,49.56218,13.374,0,candidate
11656928,K06242.02,,CANDIDATE,76.83994597,,3.11,,,,,,3,,,,,,,289.03772,49.712601,12.914,0,candidate
11656928,K06242.03,,CANDIDATE,78.86684,0.2074,4.5,86.1,1.3,573.0,25.44,4.8,3,,6907.0,4.264,-0.26,1.381,1.291,289.03772,49.712601,12.914,0,candidate
7825899,K00896.03,,CANDIDATE,28.8672107,0.041,3.782,347.1,1.51,493.0,14.0,12.0,3,45.0,5191.0,4.564,0.34,0.837,0.937,293.0614,43.58136,15.258,0,candidate
6946681,K06150.01,,CANDIDATE,48.9528113,,1.66,,,,,,1,,,,,,,291.19293,42.49445,12.182,0,candidate
6946708,K06151.01,,CANDIDATE,431.78556,0.196,9.135,332.6,1.36,211.0,0.47,9.4,1,,5642.0,4.6,-0.5,0.747,0.811,291.20096,42.449989,14.401,0,candidate
11775507,K06245.01,,CANDIDATE,144.102562,0.0879,2.753,171.3,1.67,437.0,8.64,4.1,3,,6528.0,4.257,-0.44,1.26,1.046,297.51782,49.917702,12.431,0,candidate
11775507,K06245.02,,CANDIDATE,112.317402,0.5434,3.471,182.4,1.77,475.0,12.05,7.8,3,,6528.0,4.257,-0.44,1.26,1.046,297.51782,49.917702,12.431,0,candidate
11856178,K06246.01,,CANDIDATE,9.13315062,0.275,2.1557,231.2,1.48,900.0,155.42,23.0,1,109.0,6122.0,4.487,-0.18,0.964,1.041,287.16504,50.113232,11.767,0,candidate
6768394,K02086.04,,CANDIDATE,335.56311,0.12,13.06,158.0,1.83,333.0,2.9,7.2,4,,6200.0,4.16,-0.1,1.448,1.105,288.96124,42.265011,13.959,0,candidate
10545066,K00337.02,,CANDIDATE,154.607419,0.0898,9.225,279.9,1.56,340.0,3.16,13.4,2,,6017.0,4.508,-0.16,0.931,1.016,295.68481,47.748081,13.936,0,candidate
7663405,K01519.02,,CANDIDATE,57.132855,0.32,4.958,414.1,1.81,414.0,6.94,11.0,2,23.0,5157.0,4.445,0.18,0.904,0.83,283.47818,43.383781,15.369,0,candidate
11358389,K02163.03,,CANDIDATE,28.2251049,0.778,2.354,201.3,1.59,625.0,36.13,8.9,3,45.0,6014.0,4.436,-0.04,1.021,1.037,295.62659,49.130428,14.651,0,candidate
5706595,K02183.03,,CANDIDATE,150.381954,0.892,4.968,396.1,2.26,325.0,2.63,7.8,3,7.0,5569.0,4.459,0.14,0.954,0.955,292.17114,40.916309,15.198,0,candidate
12885212,K02184.02,,CANDIDATE,95.906433,0.576,4.08,836.2,2.17,288.0,1.63,11.0,2,12.0,4620.0,4.564,0.12,0.736,0.723,290.17502,52.220341,15.504,0,candidate
3548044,K02194.03,,CANDIDATE,445.21685,0.0,16.37,211.6,1.37,237.0,0.74,11.1,3,4.0,5670.0,4.387,-0.36,0.95,0.802,292.32645,38.657581,13.865,0,candidate
8168187,K02209.02,,CANDIDATE,35.502865,0.783,8.149,115.9,2.18,724.0,64.83,11.0,2,38.0,5528.0,3.892,-0.3,1.839,0.962,292.71445,44.082329,14.31,0,candidate
9605514,K00945.03,,CANDIDATE,66.789347,0.667,4.08,358.5,2.07,490.0,13.61,9.5,3,15.0,6297.0,4.448,-0.2,1.031,1.084,297.9516,46.264721,15.083,0,candidate
9418619,K06068.01,,CANDIDATE,6.150251376,1.27,1.68923,2128.7,100.03,2251.0,6066.49,471.0,1,175.0,8914.0,3.896,0.07,2.867,2.357,297.18176,45.988441,10.622,0,candidate
7835312,K06164.01,,CANDIDATE,29.5126153,0.188,6.314,188.2,1.84,678.0,49.95,9.4,2,48.0,5746.0,4.189,0.14,1.351,1.027,295.97079,43.52969,15.334,0,candidate
7908367,K06166.01,Kepler-1642 b,CONFIRMED,12.2064304,0.104,2.407,1337.2,5.41,895.0,151.44,16.2,2,5.0,5254.0,4.05,0.21,1.514,0.937,297.21216,43.643719,14.13,1,confirmed
7908367,K06166.02,Kepler-1642 c,CONFIRMED,6.6513189,0.064,2.135,1058.4,4.81,1095.0,340.06,15.3,2,9.0,5254.0,4.05,0.21,1.514,0.937,297.21216,43.643719,14.13,1,confirmed
4142847,K02210.02,Kepler-1143 c,CONFIRMED,210.631486,0.642,8.419,1657.8,3.23,234.0,0.71,25.9,2,6.0,4895.0,4.589,0.16,0.759,0.817,287.30283,39.289688,15.195,1,confirmed
9221517,K02281.02,,CANDIDATE,455.27405,0.2429,2.4,366.0,1.54,196.0,0.35,4.5,2,,5178.0,4.556,0.16,0.818,0.879,293.1311,45.663551,13.829,0,candidate
11623629,K00365.02,,CANDIDATE,117.761,0.2505,3.454,53.9,0.62,337.0,3.06,7.1,2,,5564.0,4.522,-0.14,0.85,0.877,297.48691,49.623451,11.195,0,candidate
10730703,K02327.02,,CANDIDATE,46.331703,0.1484,4.514,299.9,1.39,441.0,8.98,9.4,2,29.0,5477.0,4.571,-0.06,0.815,0.907,291.65778,48.009312,15.378,0,candidate
4665571,K02393.02,Kepler-1834 c,CONFIRMED,0.766691517,0.388,1.2638,244.0,1.22,1541.0,1334.22,29.5,2,1396.0,4821.0,4.529,0.16,0.788,0.765,294.6647,39.783829,14.903,1,confirmed
7289317,K02450.02,,CANDIDATE,7.1931193,0.296,2.935,125.6,1.12,916.0,166.3,10.7,2,176.0,5518.0,4.4,0.16,1.008,0.932,294.00946,42.880772,14.834,0,candidate
7375348,K00266.02,,CANDIDATE,47.7439509,0.977,2.99,96.9,1.74,575.0,25.84,15.0,2,24.0,5949.0,4.272,0.18,1.292,1.14,295.40433,42.981422,11.472,0,candidate
1432789,K00992.02,,CANDIDATE,4.57834367,0.232,3.987,140.7,1.44,1206.0,499.41,11.4,2,275.0,5782.0,4.28,0.16,1.22,1.035,291.49942,37.05928,15.214,0,candidate
12266636,K01522.02,,CANDIDATE,12.654896,0.009,4.325,100.6,1.02,801.0,97.41,10.4,2,103.0,5833.0,4.407,-0.04,1.022,0.974,295.80658,50.909801,14.264,0,candidate
7974634,K06168.01,,CANDIDATE,131.258668,0.4901,4.89,153.0,1.59,433.0,8.31,8.5,3,,6443.0,4.325,-0.02,1.248,1.198,296.58698,43.766918,12.236,0,candidate
8182107,K07870.01,,CANDIDATE,92.552007,0.513,2.135,282.6,2.1,440.0,8.87,7.3,1,15.0,5808.0,4.306,0.28,1.22,1.097,297.0672,44.0676,14.452,0,candidate
7974634,K06168.02,,CANDIDATE,75.072964,0.2602,9.21,74.3,1.09,522.0,17.51,7.1,3,,6443.0,4.325,-0.02,1.248,1.198,296.58698,43.766918,12.236,0,candidate
8163784,K06172.01,,CANDIDATE,31.8134892,0.2316,1.422,234.2,1.18,496.0,14.31,5.2,1,,5505.0,4.586,-0.26,0.776,0.848,291.06699,44.071201,14.458,0,candidate
2305866,K02610.02,,CANDIDATE,115.230655,0.95,17.735,164.4,4.02,632.0,37.8,21.3,2,13.0,6585.0,3.813,-0.08,2.517,1.502,292.09332,37.61348,12.605,0,candidate
12206313,K02714.03,Kepler-401 d,CONFIRMED,184.262741,0.885,11.94,292.2,2.57,380.0,4.93,21.1,3,7.0,6115.0,4.249,-0.04,1.291,1.077,290.08276,50.86348,13.312,1,confirmed
5184911,K02719.02,,CANDIDATE,106.25976,0.209,6.101,354.0,1.5,303.0,1.99,7.7,2,14.0,4827.0,4.508,0.32,0.823,0.796,291.18497,40.311211,15.141,0,candidate
6436029,K02828.02,,CANDIDATE,505.462916,0.489,10.127,1724.0,3.46,181.0,0.25,17.6,2,3.0,4817.0,4.499,0.42,0.833,0.8,289.53882,41.892818,15.768,0,candidate
7767162,K02869.02,,CANDIDATE,274.743032,0.4073,9.137,309.0,2.16,330.0,2.82,12.2,2,,6277.0,4.306,-0.1,1.207,1.073,296.29355,43.403271,13.749,0,candidate
9478990,K00423.02,,CANDIDATE,360.477635,72.848,4.332,604.0,11943.8,339.0,3.11,7.3,2,,6266.0,4.101,-0.28,1.522,1.066,296.96027,46.034302,14.327,0,candidate
10793172,K02871.03,,CANDIDATE,18.0811429,0.6214,4.44,71.2,0.75,638.0,39.18,5.7,4,73.0,5693.0,4.551,-0.08,0.856,0.95,290.20163,48.185822,14.754,0,candidate
10122538,K02926.03,Kepler-1388 d,CONFIRMED,20.9569985,0.112,3.493,1917.9,2.38,363.0,4.11,22.7,5,20.0,3891.0,4.718,0.21,0.564,0.605,283.33606,47.174541,16.279,1,confirmed
11404644,K06085.01,,CANDIDATE,5.902596818,0.168,5.5711,54894.0,25.8,1123.0,376.53,533.9,1,229.0,6184.0,4.371,-0.16,1.094,1.022,292.7561,49.264561,15.179,0,candidate
8165617,K06173.01,,CANDIDATE,214.013044,0.1289,7.87,123.2,1.54,397.0,5.89,9.0,1,,6698.0,4.267,-0.12,1.37,1.273,291.74231,44.074871,12.445,0,candidate
8223568,K06176.01,,CANDIDATE,143.09688,0.1129,17.74,125.0,1.48,441.0,8.94,6.4,2,,6725.0,4.335,0.07,1.31,1.354,287.9856,44.147202,11.538,0,candidate
8223568,K06176.02,,CANDIDATE,73.4567573,,2.74,,,,,,2,,,,,,,287.9856,44.147202,11.538,0,candidate
8355178,K06178.01,,CANDIDATE,13.0327301,0.67,3.902,242.3,1.64,809.0,101.4,11.1,2,103.0,6122.0,4.471,-0.1,0.996,1.07,287.53177,44.30801,15.863,0,candidate
10122538,K02926.04,Kepler-1388 e,CONFIRMED,37.6333868,0.338,4.49,1661.7,2.25,299.0,1.88,18.6,5,13.0,3891.0,4.718,0.21,0.564,0.605,283.33606,47.174541,16.279,1,confirmed
4770174,K02971.02,,CANDIDATE,31.9533679,0.773,8.424,106.1,1.65,725.0,65.15,15.2,2,39.0,6313.0,4.228,0.32,1.467,1.325,297.39371,39.829041,12.742,0,candidate
9838804,K03028.02,,CANDIDATE,458.16754,0.1573,6.97,683.0,2.11,208.0,0.45,5.6,2,,5536.0,4.566,-0.12,0.816,0.895,294.96246,46.676289,15.983,0,candidate
9020114,K03088.02,,CANDIDATE,67.8766605,0.0011,2.598,389.2,1.92,455.0,10.11,9.1,2,,6018.0,4.485,-0.04,0.975,1.058,291.16437,45.318291,14.953,0,candidate
7983117,K03214.02,,CANDIDATE,25.0901574,0.935,8.273,37.7,1.35,852.0,124.33,12.1,2,52.0,6033.0,3.985,-0.1,1.788,1.127,298.67377,43.795479,12.014,0,candidate
11125797,K03371.02,Kepler-1482 b,CONFIRMED,12.25384348,0.441,2.373,147.7,1.0,678.0,50.05,12.3,2,84.0,5413.0,4.579,0.07,0.82,0.931,285.31381,48.72525,13.747,1,confirmed
9966219,K03401.02,,CANDIDATE,326.6708,0.6133,10.84,386.4,2.2,283.0,1.52,10.8,2,,5896.0,4.343,-0.22,1.072,0.924,297.47839,46.81575,14.388,0,candidate
11974540,K00129.02,,CANDIDATE,143.21109362,,2.71,,,,,,2,,,,,,,297.00943,50.372318,13.224,0,candidate
7219825,K00238.03,,CANDIDATE,362.97828,0.055,14.083,260.6,1.96,296.0,1.81,13.0,3,4.0,6086.0,4.274,-0.16,1.216,1.013,296.99863,42.78196,14.061,0,candidate
9958962,K00593.04,,CANDIDATE,240.192808,0.814,9.72,605.8,2.68,298.0,1.86,12.0,4,5.0,6004.0,4.484,-0.02,0.977,1.061,294.98914,46.838329,14.957,0,candidate
1718189,K00993.03,,CANDIDATE,86.723653,0.662,4.852,241.0,1.43,391.0,5.5,9.4,3,16.0,5830.0,4.54,-0.14,0.876,0.97,290.72867,37.252651,14.246,0,candidate
8263187,K07878.01,,CANDIDATE,36.566324,0.018,4.832,2943.0,15.41,828.0,110.92,8.1,1,9.0,5294.0,3.599,-0.38,2.884,1.206,300.63809,44.156269,17.195,0,candidate
2019477,K06093.01,,CANDIDATE,20.5736113,0.032,11.222,76.0,3.86,1197.0,484.82,12.3,2,68.0,5440.0,3.404,0.3,4.524,1.894,292.55194,37.421211,13.33,0,candidate
4735826,K03184.02,Kepler-1972 c,CONFIRMED,11.3220104,0.1749,5.86,17.1,0.91,1215.0,515.77,8.1,3,,6003.0,3.825,-0.28,2.193,1.173,288.39529,39.872627,11.158,1,confirmed
9518710,K03207.01,,CANDIDATE,0.954388314,0.737,6.26,57.2,2.27,3406.0,31694.26,56.3,1,1414.0,7056.0,3.813,0.06,2.785,1.836,288.23862,46.118061,11.872,0,candidate
7289338,K03420.01,,CANDIDATE,5.77451117,0.348,3.752,156.3,1.87,1232.0,544.74,11.2,2,225.0,5821.0,4.127,0.16,1.492,1.088,294.01529,42.824371,15.589,0,candidate
11442793,K00351.07,Kepler-90 f,CONFIRMED,124.922516,0.943,11.942,498.7,3.37,407.0,6.45,24.4,7,7.0,5970.0,4.317,0.1,1.2,1.089,284.4335,49.305161,13.804,1,confirmed
8218379,K01920.02,,CANDIDATE,10.1384691,0.207,4.026,92.8,0.74,723.0,64.55,9.1,2,130.0,5483.0,4.589,-0.22,0.779,0.865,285.12204,44.1106,14.64,0,candidate
11450414,K01992.03,Kepler-347 d,CONFIRMED,85.517344,0.944,9.331,270.2,3.04,482.0,12.75,12.9,3,15.0,5592.0,4.115,0.16,1.451,1.0,289.19958,49.305721,14.513,1,confirmed
5706592,K06618.01,,CANDIDATE,8.6040858,0.4146,3.01,87.6,0.94,947.0,189.96,6.4,1,159.0,6250.0,4.472,-0.26,0.986,1.052,292.17029,40.907162,15.173,0,candidate
8364232,K07882.01,,CANDIDATE,65.415183,0.377,4.224,417.1,1.31,295.0,1.79,8.9,1,21.0,4348.0,4.62,-0.12,0.646,0.636,291.31281,44.38192,15.559,0,candidate
6670742,K06753.01,,CANDIDATE,72.28198,0.2405,2.478,1265.0,13.11,984.0,221.28,5.4,1,5.0,7694.0,3.631,-0.08,3.627,2.054,284.33261,42.12709,9.277,0,candidate
6697976,K06759.01,,CANDIDATE,371.70965709,,4.65,,,,,,1,4.0,,,,,,293.6633,42.113079,14.936,0,candidate
7592529,K06889.01,,CANDIDATE,75.906736,0.0506,11.64,26.9,0.63,507.0,15.65,9.2,1,18.0,6140.0,4.248,-0.4,1.206,0.941,286.14291,43.236351,11.649,0,candidate
7592922,K06890.01,,CANDIDATE,2.15888911,0.224,1.791,102.4,0.72,1130.0,384.49,9.9,1,623.0,5269.0,4.627,-0.34,0.713,0.79,286.33069,43.267929,15.377,0,candidate
7602351,K06892.01,,CANDIDATE,17.5806026,0.879,4.17,138.8,1.87,816.0,104.96,8.4,1,75.0,5839.0,4.199,0.14,1.358,1.063,290.12088,43.24361,14.989,0,candidate
8362974,K07023.01,,CANDIDATE,2.71772323,0.197,3.22,70.3,0.72,1123.0,375.05,9.3,1,254.0,5135.0,4.464,0.12,0.874,0.812,290.85971,44.350922,14.52,0,candidate
9301564,K07157.01,,CANDIDATE,23.9830523,0.096,8.77,83.2,1.17,718.0,62.83,11.3,1,29.0,5696.0,4.178,-0.1,1.292,0.916,298.80557,45.759998,13.863,0,candidate
10089123,K07283.01,,CANDIDATE,134.413808,0.1857,13.907,206.1,1.69,391.0,5.51,12.5,1,8.0,6013.0,4.37,0.44,1.187,1.206,296.89828,47.081059,14.262,0,candidate
8555967,K07894.01,,CANDIDATE,347.97611,0.057,16.77,341.3,1.62,253.0,0.97,11.9,1,5.0,5995.0,4.536,-0.3,0.878,0.964,290.3031,44.678089,14.648,0,candidate
3765917,K04526.02,,CANDIDATE,11.8187288,0.282,4.017,249.0,2.09,919.0,168.38,10.3,2,88.0,5803.0,4.211,0.14,1.328,1.046,295.96893,38.867168,15.271,0,candidate
3547760,K04535.02,,CANDIDATE,5.78901936,0.1847,3.102,110.3,0.78,849.0,122.75,7.8,2,225.0,5289.0,4.546,-0.44,0.748,0.717,292.25284,38.60899,14.791,0,candidate
11290515,K04716.02,,CANDIDATE,12.26708306,,2.7,,,,,,2,81.0,,,,,,288.34488,49.021938,12.322,0,candidate
8216763,K04838.02,,CANDIDATE,6.33342309,1.101,3.46,123.3,7.62,625.0,36.11,7.5,3,199.0,4352.0,4.671,-0.2,0.613,0.64,284.26859,44.19754,15.073,0,candidate
6767227,K04871.02,,CANDIDATE,5.522479,0.6606,2.666,33.1,0.76,1288.0,650.66,8.6,2,226.0,6532.0,4.271,-0.4,1.247,1.056,288.52902,42.27626,13.05,0,candidate
3854496,K06368.01,,CANDIDATE,9.4588054,0.365,3.66,270.0,1.78,943.0,187.04,8.6,1,139.0,6247.0,4.433,-0.06,1.066,1.122,292.56421,38.931129,15.812,0,candidate
3936061,K06372.01,,CANDIDATE,71.008017,0.1788,5.395,170.2,1.11,419.0,7.27,6.6,1,19.0,5847.0,4.526,-0.38,0.849,0.882,285.27823,39.088428,14.603,0,candidate
3972432,K06375.01,,CANDIDATE,2.90805147,0.771,2.812,103.1,0.97,1220.0,523.63,8.3,1,368.0,5889.0,4.543,-0.22,0.869,0.961,295.89651,39.076359,14.557,0,candidate
5860347,K06631.01,,CANDIDATE,2.56271232,0.346,2.163,29.4,0.48,1171.0,443.49,8.2,1,402.0,5190.0,4.446,0.12,0.899,0.823,285.95218,41.14439,13.273,0,candidate
6715997,K06762.01,,CANDIDATE,15.08186,0.7171,4.004,81.6,0.98,758.0,78.11,7.1,1,89.0,5794.0,4.377,-0.22,1.012,0.89,297.83545,42.11039,14.45,0,candidate
6763884,K06763.01,,CANDIDATE,2.44693823,0.611,0.954,26.4,0.56,1379.0,855.53,9.0,1,544.0,5821.0,4.419,0.1,1.033,1.022,287.23486,42.263309,12.16,0,candidate
6768616,K06765.01,,CANDIDATE,13.05609,0.097,3.498,170.8,1.3,814.0,103.85,10.8,2,105.0,6078.0,4.434,-0.26,0.994,0.978,289.04434,42.280022,15.154,0,candidate
8394475,K07032.01,,CANDIDATE,3.64049242,0.181,1.194,42.1,0.61,1136.0,393.32,9.5,1,365.0,5745.0,4.503,0.1,0.936,1.017,300.42432,44.343601,12.646,0,candidate
9340411,K07162.01,,CANDIDATE,5.1581317,0.032,7.773,37.9,2.02,1642.0,1720.62,13.0,1,264.0,5155.0,3.511,-0.2,3.355,1.331,291.0527,45.835129,13.031,0,candidate
10163067,K07291.01,,CANDIDATE,25.9136674,0.982,10.498,109.7,3.37,966.0,205.72,16.1,1,41.0,6167.0,3.804,-0.2,2.346,1.279,298.9006,47.107769,12.556,0,candidate
11241560,K07426.01,,CANDIDATE,6.96197304,0.103,2.806,151.3,0.97,778.0,86.68,8.8,1,190.0,5008.0,4.506,0.06,0.814,0.775,290.43677,48.983452,15.352,0,candidate
11244571,K07427.01,,CANDIDATE,7.8935324,0.303,3.444,47.6,0.78,1052.0,289.79,8.3,1,173.0,6306.0,4.346,-0.36,1.109,0.991,292.08185,48.96711,13.954,0,candidate
11282568,K07430.01,,CANDIDATE,1.320499473,0.15,1.184,204.0,18.94,4477.0,95168.65,12.0,1,476.0,5172.0,2.693,0.07,13.454,3.257,282.93994,49.050289,11.466,0,candidate
11286311,K07432.01,,CANDIDATE,13.1538409,0.39,11.56,104.6,1.03,750.0,74.8,10.6,1,83.0,5443.0,4.36,0.0,1.008,0.848,285.63681,49.009109,15.007,0,candidate
8043638,K00460.02,,CANDIDATE,36.0484798,0.294,5.763,127.6,1.24,566.0,24.28,8.5,2,35.0,5602.0,4.33,0.12,1.1,0.944,296.63684,43.802792,14.743,0,candidate
11176166,K05875.02,,CANDIDATE,4.2742605,0.089,2.687,263.8,1.88,1326.0,730.69,11.4,2,17.0,6477.0,4.361,-0.26,1.148,1.102,283.06863,48.802078,14.496,0,candidate
1293379,K06253.01,,CANDIDATE,27.556452,0.1438,8.23,289.2,1.4,531.0,18.86,6.7,1,43.0,5509.0,4.565,0.02,0.836,0.937,291.11398,36.994061,15.979,0,candidate
4076061,K06384.01,,CANDIDATE,566.28176,0.2065,20.39,1200.0,2.79,203.0,0.4,8.9,1,3.0,5829.0,4.575,-0.42,0.802,0.879,296.07407,39.158192,15.992,0,candidate
5951140,K06635.01,,CANDIDATE,0.52740121,0.4309,4.807,1316.0,1.49,1027.0,263.23,31.1,1,2539.0,3582.0,4.847,-0.1,0.41,0.431,288.88849,41.246738,14.353,0,candidate
5966732,K06641.01,,CANDIDATE,1.400903699,0.196,0.883,136.5,1.16,1764.0,2284.73,9.8,1,807.0,6375.0,4.474,-0.42,0.975,1.033,293.7937,41.204491,15.514,0,candidate
6842345,K06774.01,,CANDIDATE,17.3816224,0.666,2.73456,59099.4,26.55,756.0,77.09,1149.7,1,52.0,6116.0,4.407,-0.3,1.02,0.969,284.13208,42.350441,15.567,0,candidate
6853172,K06776.01,,CANDIDATE,28.655498,0.079,8.58,173.6,1.45,658.0,44.37,10.1,1,48.0,6268.0,4.429,0.07,1.1,1.188,288.73029,42.334011,15.426,0,candidate
6859546,K06777.01,,CANDIDATE,13.4450174,0.531,2.118,196.2,1.08,606.0,31.92,8.3,1,104.0,5003.0,4.553,-0.1,0.759,0.75,290.72195,42.391571,15.256,0,candidate
7687365,K06904.01,,CANDIDATE,26.1556767,0.166,1.542,295.0,1.28,501.0,14.92,7.0,1,46.0,5204.0,4.573,-0.18,0.76,0.787,293.41785,43.34285,15.425,0,candidate
7700500,K06907.01,,CANDIDATE,4.60687717,0.341,2.295,258.7,1.14,865.0,132.78,7.5,1,251.0,5110.0,4.582,-0.4,0.711,0.704,297.24039,43.397678,15.93,0,candidate
8442795,K07040.01,,CANDIDATE,502.20642,0.9802,9.39,447.9,2.18,212.0,0.48,7.1,1,3.0,6018.0,4.615,-0.98,0.733,0.807,296.05728,44.461079,14.948,0,candidate
8443812,K07041.01,,CANDIDATE,8.3613732,0.067,3.649,104.7,0.79,793.0,93.31,9.5,1,161.0,5470.0,4.509,-0.58,0.777,0.71,296.38422,44.433418,15.122,0,candidate
9397900,K07169.01,,CANDIDATE,10.5113779,0.198,4.74,29.9,0.72,1052.0,289.46,8.8,1,129.0,6575.0,4.278,-0.22,1.305,1.182,289.04196,45.977081,12.931,0,candidate
9458266,K07174.01,,CANDIDATE,1.58487898,0.417,1.791,42.9,0.37,943.0,187.91,9.3,1,837.0,4201.0,4.675,-0.46,0.566,0.552,288.87769,46.059139,13.742,0,candidate
10264293,K07301.01,,CANDIDATE,20.9525604,0.74,3.986,232.9,1.19,495.0,14.2,9.8,1,65.0,4885.0,4.61,-0.04,0.72,0.773,287.47986,47.360161,15.645,0,candidate
10290021,K07305.01,,CANDIDATE,3.72920972,0.5232,5.012,14.4,0.8,1713.0,2035.92,9.6,1,287.0,6215.0,3.955,-0.2,2.05,1.37,297.47162,47.39994,9.976,0,candidate
11288492,K07434.01,,CANDIDATE,5.704593,0.285,1.149,129.9,0.95,900.0,154.92,8.5,1,188.0,5523.0,4.566,-0.02,0.832,0.933,287.04843,49.02861,14.572,0,candidate
11288772,K07435.01,,CANDIDATE,1.36752316,0.299,1.208,61.0,0.82,1684.0,1899.59,11.7,1,789.0,5836.0,4.417,0.14,1.048,1.044,287.22009,49.053501,13.861,0,candidate
11296724,K07437.01,,CANDIDATE,1.9997244,0.37,1.976,85.1,0.84,1385.0,870.41,8.9,1,671.0,5838.0,4.529,-0.08,0.897,0.992,291.72018,49.084541,15.512,0,candidate
1871483,K06256.01,,CANDIDATE,14.137062,0.2133,2.264,393.0,1.37,568.0,24.62,7.5,1,93.0,4861.0,4.574,-0.24,0.709,0.689,292.13239,37.388481,15.729,0,candidate
2161949,K06259.01,,CANDIDATE,4.78113942,0.118,2.733,105.8,1.14,1130.0,386.46,9.6,2,277.0,5683.0,4.326,0.08,1.115,0.959,291.8129,37.55587,14.595,0,candidate
2161949,K06259.02,,CANDIDATE,7.18864064,0.424,2.364,133.5,1.3,987.0,223.87,9.3,2,179.0,5683.0,4.326,0.08,1.115,0.959,291.8129,37.55587,14.595,0,candidate
5083138,K06511.01,,CANDIDATE,27.122801,0.3462,5.255,234.7,1.46,594.0,29.38,8.1,1,49.0,5878.0,4.512,0.07,0.945,1.058,286.21539,40.203411,15.747,0,candidate
5087223,K06513.01,,CANDIDATE,5.62241111,0.4026,1.185,464.1,1.17,561.0,23.43,8.5,1,239.0,3894.0,4.71,-0.1,0.541,0.548,287.97455,40.25523,15.627,0,candidate
5092799,K06516.01,,CANDIDATE,11.2901559,0.6285,10.475,163.8,0.88,617.0,34.17,8.6,2,102.0,5025.0,4.609,-0.64,0.657,0.639,289.84402,40.262741,15.929,0,candidate
5092799,K06516.02,,CANDIDATE,28.24753303,,13.2,,,,,,2,42.0,,,,,,289.84402,40.262741,15.929,0,candidate
6019971,K06646.01,,CANDIDATE,7.1356633,0.735,1.789,255.5,1.38,751.0,75.39,9.8,1,145.0,4926.0,4.522,0.07,0.793,0.763,282.58801,41.347092,15.125,0,candidate
6864706,K06781.01,,CANDIDATE,14.5909249,0.3084,1.591,146.9,0.93,622.0,35.34,6.3,1,92.0,5214.0,4.527,-0.34,0.766,0.72,292.30566,42.302479,14.953,0,candidate
6867219,K06783.01,,CANDIDATE,11.8496351,0.607,3.319,183.8,1.31,802.0,97.71,9.6,1,112.0,6032.0,4.508,-0.18,0.929,1.014,293.02472,42.325089,15.472,0,candidate
6878408,K06786.01,,CANDIDATE,455.62395,0.335,13.07,1112.1,3.0,228.0,0.64,14.0,1,3.0,5883.0,4.53,-0.14,0.892,0.985,295.93283,42.39669,15.975,0,candidate
7755741,K06913.02,,CANDIDATE,1.75173647,0.6637,5.122,68.4,3.86,4900.0,136315.31,10.2,2,490.0,10894.0,3.667,0.07,4.378,3.249,292.78702,43.416039,13.752,0,candidate
9480398,K07179.01,,CANDIDATE,407.14656,0.7466,23.26,82.3,1.18,272.0,1.29,8.2,1,3.0,5845.0,4.282,0.02,1.198,1.001,297.37427,46.054806,13.31,0,candidate
9490342,K07180.01,,CANDIDATE,487.83894,0.1252,32.77,453.3,3.94,298.0,1.88,8.8,1,3.0,5421.0,3.882,-0.22,1.877,0.978,300.13855,46.061691,13.728,0,candidate
9513168,K07182.01,,CANDIDATE,6.853888,0.469,2.561,653.8,1.74,613.0,33.32,8.2,1,40.0,4199.0,4.609,0.44,0.684,0.694,284.95761,46.14381,16.538,0,candidate
12116489,K00547.02,,CANDIDATE,7.34672485,0.2525,2.136,143.0,0.97,784.0,89.33,10.1,3,184.0,5271.0,4.578,0.21,0.821,0.93,294.5704,50.673019,14.773,0,candidate
11411639,K07445.01,,CANDIDATE,6.933574,0.05,2.43,276.7,1.3,829.0,111.53,8.0,1,184.0,5510.0,4.584,-0.18,0.793,0.888,295.92404,49.220188,15.804,0,candidate
2283362,K06262.01,,CANDIDATE,0.673141323,0.1065,0.921,229.5,1.29,1834.0,2675.15,10.5,1,1985.0,5461.0,4.552,0.14,0.858,0.957,286.11075,37.611851,15.771,0,candidate
2301068,K06263.01,,CANDIDATE,8.60965352,0.213,2.218,63.2,3.33,1550.0,1365.41,9.9,1,153.0,5418.0,3.447,0.06,4.233,1.83,291.02719,37.613911,12.765,0,candidate
2422820,K06267.01,,CANDIDATE,13.8911152,0.168,5.062,204.9,1.12,674.0,48.8,10.3,1,95.0,5472.0,4.499,-0.54,0.79,0.718,286.13458,37.799881,15.365,0,candidate
4274071,K06399.01,,CANDIDATE,6.76890076,0.15,3.616,123.1,1.24,1017.0,253.3,10.8,1,158.0,5737.0,4.327,0.08,1.125,0.979,294.40472,39.351681,14.725,0,candidate
4282390,K06401.01,,CANDIDATE,1.96134311,1.159,11.856,207.8,41.53,2167.0,5197.02,59.5,1,548.0,6221.0,3.935,0.26,2.198,1.516,296.14655,39.396938,13.749,0,candidate
5115688,K06526.01,,CANDIDATE,486.77832,0.1737,15.29,370.8,9.3,409.0,6.6,10.4,1,3.0,5039.0,3.295,-0.16,4.95,1.765,295.94925,40.247829,13.892,0,candidate
6045093,K06653.01,,CANDIDATE,28.2682167,0.5643,1.355,197.0,1.22,526.0,18.12,6.0,1,49.0,5496.0,4.564,0.04,0.838,0.939,292.64594,41.353039,14.927,0,candidate
6057750,K06657.01,,CANDIDATE,1.6037058,0.729,9.067,32.8,1.54,2492.0,9138.09,22.4,1,834.0,6400.0,3.877,0.56,2.512,1.732,296.104,41.36927,13.7,0,candidate
8391983,K07884.01,,CANDIDATE,0.70965042,0.145,1.318,223.4,1.49,2036.0,4086.46,9.4,1,286.0,5618.0,4.373,-0.12,1.002,0.865,299.77228,44.363022,15.444,0,candidate
6947623,K06793.01,,CANDIDATE,3.62657392,0.306,1.791,98.5,0.79,1014.0,250.0,10.7,1,374.0,5416.0,4.579,-0.08,0.8,0.89,291.49585,42.47813,14.835,0,candidate
7811211,K06918.01,,CANDIDATE,0.902403563,0.8925,1.7129,4759.5,6.17,1688.0,1919.35,220.3,1,1483.0,5776.0,4.599,-0.58,0.755,0.826,287.57062,43.531738,14.596,0,candidate
7812893,K06919.01,,CANDIDATE,8.7998722,0.344,1.153,270.3,1.09,577.0,26.18,7.4,1,154.0,4298.0,4.603,0.12,0.675,0.668,288.37213,43.591221,15.86,0,candidate
7816935,K06921.01,,CANDIDATE,6.87778029,0.08,3.199,124.0,1.19,1052.0,289.51,10.1,1,197.0,6274.0,4.434,-0.1,1.062,1.115,290.00784,43.502129,15.099,0,candidate
7868967,K06925.01,,CANDIDATE,12.9489256,0.0847,2.162,331.0,0.94,416.0,7.09,7.2,1,99.0,3867.0,4.734,-0.1,0.525,0.545,281.35678,43.658352,15.663,0,candidate
8489260,K07889.01,,CANDIDATE,130.235324,0.075,5.678,750.1,2.44,332.0,2.86,9.7,1,10.0,5616.0,4.529,0.16,0.903,1.006,289.57452,44.519939,15.991,0,candidate
8540376,K07892.01,Kepler-457 d,CONFIRMED,10.692115,0.734,4.657,408.4,2.71,1008.0,244.47,9.4,1,8.0,6474.0,4.311,-0.16,1.242,1.148,282.37753,44.694592,14.294,1,confirmed
10388451,K07319.01,,CANDIDATE,17.1677675,0.4828,2.975,335.1,0.97,370.0,4.43,7.4,1,77.0,3761.0,4.724,0.0,0.526,0.535,283.84756,47.515659,15.929,0,candidate
10396708,K07320.01,,CANDIDATE,8.50207749,0.073,3.057,117.3,0.75,679.0,50.14,10.5,1,157.0,4889.0,4.57,-0.24,0.715,0.693,288.29715,47.56004,14.755,0,candidate
11495989,K07449.01,,CANDIDATE,1.322475635,1.198,5.307,997.3,14.03,1097.0,342.59,53.9,1,803.0,4668.0,4.7,-1.08,0.548,0.548,285.37671,49.461712,14.335,0,candidate
11551652,K07455.01,,CANDIDATE,3.773744,0.9606,15.2,85.2,2.44,2001.0,3791.11,5.7,1,187.0,7302.0,3.965,-0.5,2.069,1.44,287.57501,49.551167,11.419,0,candidate
2449245,K06274.01,,CANDIDATE,18.1772927,0.039,4.703,213.1,1.5,737.0,69.62,7.9,1,71.0,6158.0,4.455,-0.06,1.026,1.092,292.73026,37.787182,15.324,0,candidate
2557350,K06276.01,,CANDIDATE,3.09872834,0.133,1.89,248.0,0.64,579.0,26.6,10.1,1,434.0,3628.0,4.842,-0.2,0.41,0.427,286.81915,37.859009,15.87,0,candidate
4372620,K06409.01,,CANDIDATE,19.9310602,0.0766,8.48,97.9,2.42,960.0,201.01,14.2,1,54.0,5500.0,3.775,0.16,2.491,1.348,293.5787,39.447979,13.37,0,candidate
5171707,K06532.01,,CANDIDATE,0.813998812,0.045,0.675,183.4,1.36,1933.0,3285.52,13.7,1,1597.0,5705.0,4.424,0.0,0.989,0.945,286.74857,40.36544,15.567,0,candidate
6111011,K06664.01,,CANDIDATE,14.7639145,0.016,3.14,162.5,0.93,632.0,37.74,7.7,1,93.0,5541.0,4.613,-0.46,0.733,0.82,287.46738,41.47163,15.559,0,candidate
6128245,K06666.01,,CANDIDATE,1.118510435,0.251,1.111,72.7,0.75,1684.0,1898.51,9.9,1,1191.0,5918.0,4.544,-0.26,0.865,0.956,293.2793,41.403679,14.796,0,candidate
6956176,K06798.01,,CANDIDATE,2.64185268,0.199,1.76,149.8,3.56,2104.0,4636.69,7.9,1,1006.0,5195.0,3.409,-0.8,2.935,0.805,294.07739,42.402241,13.533,0,candidate
7902204,K06931.01,,CANDIDATE,2.54031121,0.295,1.83,173.3,1.2,1268.0,611.31,10.1,1,513.0,5778.0,4.531,0.07,0.911,1.028,295.50229,43.609871,15.921,0,candidate
8566113,K07061.01,,CANDIDATE,1.371587993,0.9829,12.901,456.1,4.91,2413.0,8016.36,43.3,1,794.0,7045.0,4.154,-0.3,1.604,1.341,294.20145,44.639839,13.104,0,candidate
9588862,K07195.01,,CANDIDATE,5.89773974,0.1566,2.243,77.9,1.0,1150.0,414.11,8.1,1,225.0,6300.0,4.371,-0.1,1.126,1.082,292.15543,46.204529,14.742,0,candidate
9596064,K07197.01,,CANDIDATE,1.74145041,0.33,1.712,370.6,1.46,1234.0,547.5,10.9,1,207.0,5238.0,4.598,-0.1,0.764,0.854,294.95062,46.242149,16.269,0,candidate
9596892,K07199.01,,CANDIDATE,20.2944118,8.7053,0.357,453.9,774.73,648.0,41.69,5.6,1,67.0,5865.0,4.518,-0.04,0.918,1.012,295.25565,46.2164,15.919,0,candidate
10450504,K07327.01,,CANDIDATE,17.9908273,0.129,1.436,660.0,1.88,541.0,20.29,10.9,1,74.0,4918.0,4.546,-0.1,0.752,0.727,282.15787,47.686531,15.864,0,candidate
10464199,K07330.01,,CANDIDATE,198.11309,0.1542,15.59,53.3,1.09,399.0,5.96,8.3,1,8.0,6163.0,4.144,-0.04,1.486,1.122,289.32047,47.632446,11.909,0,candidate
11602794,K07460.01,,CANDIDATE,5.70509519,0.469,1.58,283.6,1.58,947.0,189.8,9.2,1,190.0,5455.0,4.448,0.04,0.927,0.88,287.31912,49.65699,15.597,0,candidate
5193439,K06538.01,,CANDIDATE,129.847318,0.004,13.057,198.4,1.45,385.0,5.22,11.1,1,10.0,6133.0,4.427,-0.12,1.032,1.035,293.67682,40.334068,14.52,0,candidate
5215508,K06542.01,,CANDIDATE,0.8867443,,3.16,,,,,,1,1510.0,,,,,,298.49994,40.333672,11.27,0,candidate
6187508,K06672.01,,CANDIDATE,2.28494301,0.013,1.01,161.8,1.0,1180.0,458.39,10.6,1,449.0,5396.0,4.571,-0.16,0.789,0.845,285.33963,41.539749,15.181,0,candidate
6209225,K06676.01,,CANDIDATE,439.21978,0.2863,9.392,342.3,1.81,266.0,1.18,10.3,1,3.0,6553.0,4.479,-0.64,0.962,1.017,293.16168,41.538158,13.993,0,candidate
7939761,K06934.01,,CANDIDATE,22.2548897,0.239,13.454,83.8,2.16,899.0,154.4,11.8,1,64.0,5349.0,3.76,-0.12,2.388,1.197,282.67258,43.788311,14.156,0,candidate
8613446,K07069.01,,CANDIDATE,1.01485981,0.185,1.65,243.0,1.61,1928.0,3274.72,8.4,1,168.0,6158.0,4.453,-0.08,1.024,1.08,286.91599,44.704529,15.572,0,candidate
8624860,K07072.01,,CANDIDATE,15.3902613,0.231,3.431,76.8,4.39,1459.0,1069.24,9.4,1,88.0,5649.0,3.282,-0.58,4.994,1.74,291.79575,44.746181,13.808,0,candidate
8625408,K07073.01,,CANDIDATE,279.036565,1.198,31.92,395.2,30.25,323.0,2.58,31.7,1,4.0,6072.0,4.285,0.1,1.273,1.139,292.01733,44.713268,13.054,0,candidate
8686442,K07074.01,,CANDIDATE,26.8552365,0.825,2.185,194.2,1.49,618.0,34.48,6.7,1,49.0,6045.0,4.494,-0.12,0.955,1.038,290.75494,44.851589,14.958,0,candidate
8693536,K07076.01,,CANDIDATE,16.2347636,0.046,4.2,115.5,1.28,852.0,124.25,10.7,1,79.0,6478.0,4.371,-0.04,1.188,1.209,293.53033,44.832771,14.299,0,candidate
9635520,K07205.01,,CANDIDATE,2.3518268,1.23,5.797,576.6,39.82,1535.0,1313.37,24.5,1,12.0,5445.0,4.14,0.48,1.426,1.024,284.69968,46.375092,14.106,0,candidate
9639106,K07208.01,,CANDIDATE,3.57944367,0.3976,1.869,117.2,0.87,1018.0,253.89,8.5,1,367.0,5341.0,4.546,-0.14,0.801,0.824,286.85812,46.311729,15.56,0,candidate
9640123,K07209.01,,CANDIDATE,8.2553499,0.918,3.959,54.5,3.28,1462.0,1079.27,10.0,1,163.0,5403.0,3.559,0.26,3.6,1.714,287.51071,46.38995,13.816,0,candidate
10546063,K07339.01,,CANDIDATE,10.6982275,0.032,3.198,246.0,1.73,919.0,168.88,9.1,1,99.0,6277.0,4.417,-0.02,1.097,1.148,296.02774,47.753551,15.833,0,candidate
11650543,K07467.01,,CANDIDATE,7.20558084,0.5196,2.997,58.0,1.33,1253.0,582.45,8.7,1,150.0,6002.0,4.025,-0.06,1.693,1.107,284.95026,49.747147,13.553,0,candidate
11671646,K07470.01,,CANDIDATE,392.50115,0.1835,9.88,391.2,1.9,225.0,0.6,8.9,1,3.0,5128.0,4.388,0.46,0.988,0.87,296.53479,49.785851,13.87,0,candidate
11672354,K07471.01,,CANDIDATE,5.29655591,0.37,3.93,135.4,1.3,1156.0,421.14,9.3,1,247.0,6268.0,4.429,0.07,1.1,1.188,296.82037,49.75045,15.591,0,candidate
2716979,K06291.01,,CANDIDATE,8.8324193,0.185,2.252,74.1,0.98,999.0,234.99,8.1,1,150.0,6060.0,4.29,-0.4,1.133,0.914,292.29626,37.93306,13.303,0,candidate
2834463,K06293.01,,CANDIDATE,5.88836941,0.249,1.05,119.9,1.21,1125.0,379.27,8.3,1,230.0,6243.0,4.39,-0.14,1.084,1.048,286.58701,38.00108,14.199,0,candidate
4567118,K06425.01,,CANDIDATE,521.10826,0.3485,18.36,244.7,1.5,231.0,0.68,8.7,1,3.0,5942.0,4.432,-0.4,0.947,0.884,293.23929,39.691681,14.163,0,candidate
5263167,K06546.01,,CANDIDATE,3.39401963,0.166,2.984,98.4,1.03,1306.0,689.16,10.0,1,391.0,6181.0,4.431,-0.16,1.029,1.036,288.03058,40.418301,15.42,0,candidate
6265961,K06680.01,,CANDIDATE,5.52507406,0.152,2.565,61.5,0.8,1028.0,263.79,9.8,1,184.0,5600.0,4.378,0.1,1.037,0.936,284.12134,41.633072,13.692,0,candidate
7103300,K06819.01,,CANDIDATE,3.226232203,0.145,0.4022,36.3,1.01,1620.0,1627.1,9.9,1,415.0,6534.0,4.203,-0.22,1.437,1.205,286.84534,42.67696,11.429,0,candidate
8007675,K06949.01,,CANDIDATE,2.352446342,0.755,1.6802,32.5,1.24,2173.0,5269.29,7.2,1,570.0,6749.0,3.941,-0.34,2.003,1.28,282.15485,43.867352,12.047,0,candidate
9651602,K07215.01,,CANDIDATE,3.90735046,0.088,2.896,109.3,0.83,1007.0,243.14,10.0,1,339.0,5497.0,4.577,-0.1,0.809,0.907,292.82965,46.365768,15.283,0,candidate
10586619,K07345.01,,CANDIDATE,377.501257,0.033,11.98,541.4,2.16,242.0,0.81,13.9,1,4.0,5751.0,4.508,0.14,0.94,1.038,285.6409,47.81105,15.044,0,candidate
11773625,K07479.01,,CANDIDATE,7.1969168,0.502,4.525,47.1,1.1,1132.0,388.54,10.4,1,187.0,5530.0,4.045,0.12,1.575,1.004,296.73917,49.978352,13.44,0,candidate
2970670,K06299.01,,CANDIDATE,0.947554749,0.058,1.097,65.4,0.67,1633.0,1680.03,12.4,1,1410.0,5508.0,4.569,0.07,0.84,0.955,286.07114,38.16761,13.853,0,candidate
2994092,K06301.01,,CANDIDATE,50.271927,0.205,6.073,574.5,2.94,589.0,28.51,9.3,1,24.0,6520.0,4.375,0.07,1.215,1.279,292.40063,38.134579,15.923,0,candidate
8297017,K07879.01,,CANDIDATE,128.208643,0.811,2.745,212.2,6.15,792.0,93.05,8.9,1,6.0,7128.0,3.52,-0.5,3.811,1.754,290.80057,44.270512,11.036,0,candidate
5295206,K06557.01,,CANDIDATE,6.63448023,0.116,3.603,71.2,1.04,1177.0,453.27,10.3,1,203.0,6463.0,4.313,-0.2,1.225,1.126,296.92773,40.429661,13.805,0,candidate
6307000,K06687.01,,CANDIDATE,1.002591901,0.312,1.247,143.2,0.87,1391.0,884.21,11.1,1,1331.0,4893.0,4.574,-0.06,0.739,0.746,297.61307,41.672829,15.79,0,candidate
6345758,K06689.01,,CANDIDATE,3.37116682,0.318,4.708,71.4,0.98,1291.0,656.3,9.8,1,313.0,5653.0,4.288,0.1,1.163,0.958,284.57642,41.705971,15.03,0,candidate
8016692,K06954.01,,CANDIDATE,6.613671,0.096,4.211,32.8,0.91,1266.0,607.33,10.2,1,200.0,6056.0,4.071,-0.08,1.597,1.094,286.9454,43.899139,13.109,0,candidate
8042644,K06957.01,,CANDIDATE,1.48062814,0.479,2.898,62.5,0.76,1653.0,1770.63,10.3,1,0.0,6187.0,4.499,-0.32,0.937,1.011,296.35956,43.86676,15.189,0,candidate
8760760,K07088.01,,CANDIDATE,2.68814059,0.532,1.12,145.2,0.92,1135.0,392.64,9.1,1,503.0,5636.0,4.613,-0.54,0.734,0.821,294.59918,44.927689,15.563,0,candidate
8807057,K07093.01,,CANDIDATE,97.991569,0.711,4.665,126.8,1.41,467.0,11.21,9.0,1,14.0,6499.0,4.378,-0.1,1.169,1.191,286.55365,45.002338,13.65,0,candidate
9658089,K07220.01,,CANDIDATE,1.057080807,0.966,1.82,60.6,0.97,1805.0,2518.85,11.3,1,1260.0,6000.0,4.487,-0.16,0.946,1.003,295.35825,46.343929,15.102,0,candidate
9674320,K07223.01,,CANDIDATE,317.062416,0.673,7.438,442.9,1.59,218.0,0.54,9.8,1,5.0,5366.0,4.625,-0.4,0.715,0.793,300.34525,46.339882,14.634,0,candidate
9693803,K07224.01,,CANDIDATE,13.4959496,0.2136,2.085,253.6,1.62,784.0,89.25,7.3,1,84.0,5962.0,4.464,0.14,1.019,1.102,283.11642,46.442699,15.669,0,candidate
10659624,K07354.01,,CANDIDATE,43.2675604,0.818,8.331,69.1,1.61,664.0,45.99,10.0,1,33.0,5747.0,4.018,0.2,1.729,1.135,289.36646,47.923851,13.468,0,candidate
10665228,K07358.01,,CANDIDATE,11.3251153,0.352,2.126,297.2,1.26,674.0,48.78,7.0,1,116.0,5334.0,4.574,-0.5,0.727,0.723,291.70639,47.908581,15.995,0,candidate
11825996,K07483.01,,CANDIDATE,16.9163386,0.6327,2.521,64.2,0.68,648.0,41.74,6.3,1,78.0,5628.0,4.513,-0.48,0.81,0.779,297.34726,50.04744,13.132,0,candidate
11854636,K07484.01,,CANDIDATE,37.0200232,0.308,1.421,581.0,2.14,507.0,15.66,6.6,1,29.0,5685.0,4.537,0.04,0.886,0.987,286.10281,50.126541,15.424,0,candidate
11904704,K07489.01,,CANDIDATE,0.565713361,0.23,0.954,86.4,0.81,1917.0,3197.67,11.6,1,1878.0,5220.0,4.48,0.16,0.881,0.855,286.03839,50.294441,14.722,0,candidate
6368222,K06697.01,,CANDIDATE,82.97062172,,8.22,,,,,,1,11.0,,,,,,293.16202,41.735229,13.678,0,candidate
6372268,K06698.01,,CANDIDATE,5.22422449,,4.56,,,,29.83,,1,257.0,,,,,,294.35617,41.777206,11.446,0,candidate
7135549,K06835.01,,CANDIDATE,22.50053441,,7.44,,,,,,1,59.0,,,,,,296.6192,42.674931,13.903,0,candidate
8091197,K06960.01,,CANDIDATE,4.88698386,0.661,1.127,125.4,1.2,1133.0,389.31,10.1,1,129.0,6152.0,4.464,-0.1,1.009,1.079,289.60522,43.952831,13.873,0,candidate
8098960,K06966.01,,CANDIDATE,8.47484677,0.872,2.067,217.8,1.35,780.0,87.55,9.7,1,157.0,5564.0,4.587,-0.26,0.785,0.878,292.30338,43.98381,15.381,0,candidate
8815279,K07094.01,,CANDIDATE,13.56092626,,2.53,,,,,,1,94.0,,,,,,290.45645,45.003231,15.561,0,candidate
8845552,K07099.01,,CANDIDATE,34.0357766,0.6983,3.849,386.6,1.05,337.0,3.06,9.6,1,42.0,4367.0,4.739,-1.14,0.501,0.503,300.30533,45.093418,15.534,0,candidate
9726452,K07226.01,,CANDIDATE,42.48452259,,4.16,,,,,,1,24.0,,,,,,297.72226,46.47583,14.824,0,candidate
9790965,K07231.02,,CANDIDATE,4.74701479,64.5159,2.464,3622.0,13333.5,1640.0,1708.72,10.1,2,196.0,6531.0,3.962,-0.28,1.921,1.234,298.91162,46.586578,13.388,0,candidate
9811915,K07232.01,,CANDIDATE,1.96682825,0.415,1.645,214.3,1.18,1283.0,638.54,9.5,1,351.0,5595.0,4.581,-0.24,0.796,0.89,281.22937,46.681862,15.612,0,candidate
10665749,K07359.01,,CANDIDATE,4.237447181,0.187,0.3792,350.1,2.26,1172.0,446.38,11.1,1,304.0,5993.0,4.425,-0.24,0.993,0.958,291.90216,47.96207,15.504,0,candidate
10670112,K07360.01,,CANDIDATE,4.0953585,1.0194,44.35,226.8,7.76,1680.0,1884.15,60.2,1,329.0,6839.0,4.094,-0.32,1.7,1.313,293.66928,47.906689,13.543,0,candidate
10680424,K07361.01,,CANDIDATE,0.92623983,0.058,1.267,411.4,1.16,1208.0,504.34,9.1,1,197.0,4494.0,4.692,-0.44,0.591,0.632,297.20752,47.972099,16.28,0,candidate
5897826,K00126.02,,CANDIDATE,0.875197345,1.004,0.052,0.0,0.73,2518.0,9497.39,0.0,2,1450.0,5855.0,3.999,0.16,1.796,1.174,297.47586,41.114288,13.109,0,candidate
3240158,K01106.03,,CANDIDATE,13.2298203,0.435,3.566,157.8,1.5,856.0,126.84,10.0,3,99.0,6049.0,4.353,0.16,1.176,1.14,292.7131,38.358212,14.818,0,candidate
2837111,K01110.02,,CANDIDATE,3.71840884,0.192,3.611,77.2,0.84,1184.0,464.19,9.6,2,338.0,5982.0,4.493,-0.04,0.96,1.047,287.44409,38.088428,14.794,0,candidate
3246867,K06315.01,,CANDIDATE,5.32737192,0.3554,2.226,107.7,0.7,782.0,88.33,6.8,1,202.0,4905.0,4.593,-0.42,0.679,0.659,294.34146,38.340519,14.44,0,candidate
3249334,K06318.01,,CANDIDATE,5.90260586,0.1049,1.832,337.7,1.26,759.0,78.58,8.2,1,180.0,4960.0,4.627,-0.16,0.707,0.786,294.87888,38.397812,15.734,0,candidate
3324069,K06320.01,,CANDIDATE,22.80265,0.1018,19.34,53.1,2.36,1045.0,281.59,11.8,1,60.0,5011.0,3.321,-0.46,3.324,0.843,285.64093,38.418732,13.124,0,candidate
4760959,K06449.01,,CANDIDATE,29.9315174,0.5986,2.53,353.0,1.58,517.0,16.9,5.6,1,33.0,5551.0,4.57,-0.16,0.809,0.887,295.52618,39.806839,15.671,0,candidate
4764969,K06450.01,,CANDIDATE,0.602277579,0.7502,2.38,34.6,0.78,2699.0,12545.82,26.7,1,1775.0,6510.0,4.256,-0.58,1.228,0.992,296.32202,39.856049,12.361,0,candidate
4830859,K06454.01,,CANDIDATE,27.2173855,0.6516,3.268,155.9,1.34,667.0,46.8,6.7,1,50.0,6263.0,4.404,-0.46,1.019,0.959,290.31134,39.98069,15.0,0,candidate
5353938,K06568.01,,CANDIDATE,6.27651592,0.172,1.973,166.0,0.65,532.0,18.89,8.9,1,212.0,3914.0,4.748,-0.2,0.515,0.543,289.15955,40.51181,15.516,0,candidate
5380812,K06570.01,,CANDIDATE,16.214474,0.6311,4.149,161.7,3.53,1256.0,587.82,9.4,1,23.0,6801.0,3.833,0.06,2.637,1.727,296.56232,40.590939,10.896,0,candidate
6423922,K06705.01,,CANDIDATE,0.9951412,0.998,5.588,101.7,0.22,509.0,15.69,17.6,1,1014.0,3325.0,5.364,-0.94,0.109,0.101,284.2399,41.819042,15.673,0,candidate
6436505,K06707.01,,CANDIDATE,43.535891,0.258,4.712,576.6,1.86,444.0,9.19,13.9,2,30.0,5481.0,4.592,-0.22,0.778,0.871,289.70703,41.84354,15.857,0,candidate
8488381,K07888.01,,CANDIDATE,4.7368156,0.218,2.84,35.3,0.6,1137.0,395.05,6.9,1,282.0,6088.0,4.456,-0.06,1.011,1.06,289.20331,44.505138,13.922,0,candidate
8115647,K06970.01,,CANDIDATE,40.7698541,0.202,2.997,239.8,1.87,585.0,27.73,8.8,1,32.0,5884.0,4.306,0.16,1.21,1.081,297.46857,43.98201,14.908,0,candidate
8120820,K06971.01,,CANDIDATE,129.222771,0.867,7.272,445.3,2.01,288.0,1.63,12.0,1,10.0,4934.0,4.515,0.14,0.809,0.781,298.70001,43.97649,14.784,0,candidate
8881169,K07106.01,,CANDIDATE,5.01880305,0.172,1.823,98.7,1.08,1178.0,455.98,10.3,1,267.0,6220.0,4.398,-0.1,1.083,1.064,290.21255,45.134991,14.541,0,candidate
8953278,K07111.01,,CANDIDATE,23.59919017,,2.05,,,,,,1,57.0,,,,,,291.92896,45.231838,15.365,0,candidate
9821428,K07235.01,,CANDIDATE,299.70688,0.1196,15.39,230.7,1.15,237.0,0.75,8.6,1,5.0,5606.0,4.597,-0.4,0.76,0.832,287.02615,46.686291,14.713,0,candidate
9837013,K07236.01,,CANDIDATE,14.461834,0.065,7.156,80.2,1.05,785.0,89.86,9.0,1,92.0,5457.0,4.239,0.14,1.196,0.903,294.29364,46.629501,14.75,0,candidate
10736489,K07368.01,Kepler-1974 b,CONFIRMED,6.842939,,2.8,,,,99.24,,1,198.0,,,,,,293.94763,48.065254,12.92,1,confirmed
10751908,K07370.01,,CANDIDATE,4.48538145,0.1296,2.297,168.1,0.96,962.0,202.75,8.2,1,236.0,5654.0,4.607,-0.56,0.737,0.801,298.60785,48.016022,15.457,0,candidate
10812541,K07375.01,,CANDIDATE,4.84847245,0.191,0.874,554.7,1.51,667.0,46.85,11.4,1,220.0,4137.0,4.625,0.16,0.647,0.643,297.30438,48.195271,14.849,0,candidate
12016243,K07506.01,,CANDIDATE,11.8436119,0.067,6.044,199.3,1.41,830.0,111.98,10.4,1,61.0,6077.0,4.471,-0.04,0.999,1.077,293.49564,50.48064,15.193,0,candidate
11129738,K01427.02,,CANDIDATE,4.88446644,0.776,2.057,221.0,0.84,579.0,26.5,9.1,2,209.0,3883.0,4.725,-0.24,0.517,0.516,287.85773,48.774109,15.84,0,candidate
10028792,K01574.04,,CANDIDATE,8.9772888,0.702,4.72,97.5,1.79,1113.0,362.75,10.3,4,108.0,5597.0,3.963,-0.18,1.699,0.969,297.91687,46.96513,14.6,0,candidate
4860678,K01602.02,,CANDIDATE,3.03359398,0.023,4.026,95.6,1.55,1529.0,1294.06,12.3,2,415.0,5557.0,4.037,0.16,1.616,1.035,297.79691,39.921371,14.943,0,candidate
5531953,K01681.04,,CANDIDATE,21.9139549,1.2,3.271,584.4,10.39,303.0,2.01,11.8,4,59.0,3638.0,4.844,-0.14,0.42,0.45,291.285,40.730049,15.855,0,candidate
7765528,K01840.02,,CANDIDATE,9.3888216,1.14,4.154,192.7,20.91,963.0,202.91,9.6,2,147.0,5846.0,4.278,0.14,1.24,1.064,295.8287,43.425491,14.915,0,candidate
5456979,K06579.01,,CANDIDATE,2.6528082,0.434,2.297,153.1,1.17,1280.0,633.57,9.8,1,326.0,5778.0,4.48,-0.06,0.935,0.962,294.28778,40.692741,15.668,0,candidate
5466109,K06582.01,,CANDIDATE,2.43135542,0.12,1.401,123.6,1.07,1422.0,965.4,9.3,1,555.0,6231.0,4.488,-0.32,0.955,1.025,296.4718,40.681622,15.225,0,candidate
7217088,K06849.01,,CANDIDATE,12.54474243,0.185,1.24,263.1,1.88,840.0,117.9,10.8,1,109.0,5767.0,4.316,0.14,1.159,1.015,296.39548,42.78014,15.082,0,candidate
8145958,K06978.01,,CANDIDATE,3.07551068,0.005,1.683,46.1,0.84,1389.0,879.95,10.1,1,429.0,5763.0,4.256,0.12,1.242,1.014,282.84103,44.049728,13.359,0,candidate
8155654,K06980.01,,CANDIDATE,6.29340543,0.431,3.024,96.4,1.08,1072.0,312.61,8.7,1,214.0,6214.0,4.442,0.07,1.076,1.169,287.94165,44.008018,15.186,0,candidate
8167504,K06983.01,,CANDIDATE,7.7021729,0.509,3.987,74.6,0.85,888.0,147.24,9.5,1,172.0,5618.0,4.449,0.12,0.969,0.962,292.46378,44.090111,14.32,0,candidate
8958811,K07116.01,,CANDIDATE,2.52557582,0.372,2.32,35.4,0.62,1364.0,818.81,10.7,1,539.0,5821.0,4.421,0.12,1.036,1.031,293.96545,45.273571,13.564,0,candidate
8958939,K07117.01,,CANDIDATE,8.2927558,0.6346,4.784,103.3,1.01,927.0,174.36,8.4,2,158.0,6146.0,4.497,-0.26,0.943,1.02,294.00787,45.232689,15.382,0,candidate
8958939,K07117.02,,CANDIDATE,22.786522,0.3817,2.197,228.3,1.45,661.0,45.26,7.9,2,61.0,6146.0,4.497,-0.26,0.943,1.02,294.00787,45.232689,15.382,0,candidate
10815677,K07376.01,,CANDIDATE,1.284241817,0.029,1.965,166.5,1.18,1623.0,1643.57,13.3,1,837.0,5849.0,4.517,-0.02,0.919,1.014,298.17337,48.173611,15.674,0,candidate
10843431,K07378.01,Kepler-1999 b,CONFIRMED,8.7396758,0.957,3.866,1431.0,3.29,577.0,26.17,15.6,2,33.0,4406.0,4.643,-0.24,0.628,0.632,282.37042,48.259289,16.324,1,confirmed
10848097,K07380.01,,CANDIDATE,15.9474242,0.1178,1.127,191.7,1.21,670.0,47.65,6.5,1,65.0,5472.0,4.44,-0.3,0.877,0.772,285.35583,48.221489,14.801,0,candidate
10866969,K07383.01,,CANDIDATE,50.0122,0.484,3.426,210.4,1.2,432.0,8.23,8.3,1,26.0,5357.0,4.503,-0.26,0.814,0.772,294.20096,48.250061,15.174,0,candidate
12067960,K07510.01,,CANDIDATE,5.60682001,0.156,2.714,150.7,1.04,942.0,186.43,9.9,1,239.0,5699.0,4.553,-0.1,0.853,0.95,294.73962,50.566841,15.289,0,candidate
6307083,K02050.02,,CANDIDATE,3.17796408,0.901,0.542,47.7,0.74,1034.0,270.25,6.0,2,414.0,5061.0,4.488,0.1,0.841,0.793,297.63519,41.641869,12.218,0,candidate
7620413,K02103.02,,CANDIDATE,3.66520844,0.045,3.308,65.8,0.82,1168.0,439.57,10.3,2,336.0,5579.0,4.389,0.14,1.029,0.945,295.50269,43.232792,14.736,0,candidate
11705004,K02199.02,,CANDIDATE,3.05293416,0.328,2.155,227.5,1.18,1047.0,284.82,10.1,2,340.0,5311.0,4.588,-0.04,0.788,0.884,287.53503,49.801659,15.901,0,candidate
2854181,K02232.02,,CANDIDATE,12.834857,0.278,2.092,293.9,1.73,755.0,76.96,9.4,2,102.0,5492.0,4.389,0.16,1.016,0.921,291.81302,38.088181,15.331,0,candidate
5978559,K02321.02,,CANDIDATE,36.2530992,0.721,4.73,152.1,1.43,582.0,27.17,8.3,2,36.0,6002.0,4.424,0.2,1.081,1.135,296.70724,41.203651,14.71,0,candidate
8838950,K02421.02,,CANDIDATE,4.02321842,0.396,2.162,81.2,0.48,747.0,73.5,9.8,2,315.0,4671.0,4.721,-1.3,0.528,0.534,298.41931,45.071442,14.363,0,candidate
6867555,K02439.02,,CANDIDATE,7.5017934,0.286,4.271,134.8,1.32,1046.0,283.25,9.8,2,142.0,6321.0,4.417,0.07,1.125,1.207,293.12738,42.320099,15.438,0,candidate
12208631,K02449.02,,CANDIDATE,0.912351255,0.956,1.072,111.8,1.46,1840.0,2705.58,9.1,2,1225.0,5481.0,4.369,0.16,1.036,0.915,291.55051,50.825611,15.114,0,candidate
3346543,K06329.01,,CANDIDATE,12.4701111,0.569,3.616,89.7,2.06,1074.0,313.87,9.3,1,106.0,5623.0,3.877,0.16,2.109,1.221,292.52939,38.489079,14.024,0,candidate
3356193,K06331.01,,CANDIDATE,5.8229815,0.395,2.8,281.6,1.36,914.0,165.12,8.1,1,148.0,5704.0,4.575,-0.3,0.804,0.897,294.87256,38.43446,15.902,0,candidate
7335514,K06860.01,,CANDIDATE,0.576732089,0.518,1.856,35.4,0.43,1537.0,1316.33,9.1,1,2313.0,4524.0,4.576,0.12,0.717,0.707,280.77686,42.924541,13.291,0,candidate
8180290,K06985.01,,CANDIDATE,10.9279755,0.0956,2.486,71.5,0.81,834.0,114.42,7.3,1,123.0,6045.0,4.494,-0.12,0.955,1.038,296.56937,44.01722,14.347,0,candidate
9025739,K07125.01,,CANDIDATE,7.918267,0.219,3.478,83.7,0.93,953.0,195.36,8.4,1,171.0,5966.0,4.418,-0.14,1.016,0.985,293.20148,45.354691,14.758,0,candidate
9909965,K07252.01,,CANDIDATE,10.2170589,0.132,2.259,121.3,1.17,929.0,176.34,7.9,1,103.0,6211.0,4.384,-0.34,1.054,0.98,298.54852,46.756641,14.455,0,candidate
9932197,K07255.01,,CANDIDATE,86.95432088,,12.11,,,,,,1,4.0,,,,,,280.99176,46.88937,14.248,0,candidate
10932270,K07389.01,,CANDIDATE,27.5837778,0.0221,1.516,202.5,11.03,1330.0,739.57,8.5,1,38.0,5092.0,2.945,-0.22,7.913,2.012,296.84967,48.323318,12.148,0,candidate
12304728,K07520.01,,CANDIDATE,3.14735789,0.03,3.643,51.8,3.45,2209.0,5635.4,9.3,1,430.0,5189.0,3.352,0.21,4.93,1.992,289.82199,51.063492,14.386,0,candidate
7778767,K02523.02,,CANDIDATE,2.61090223,0.813,1.976,222.5,1.8,1323.0,724.16,10.7,2,416.0,5514.0,4.345,0.16,1.071,0.926,299.16953,43.44109,15.829,0,candidate
9026749,K02564.02,,CANDIDATE,17.6637979,0.695,6.194,67.9,2.98,1178.0,455.65,9.7,2,76.0,5734.0,3.591,0.26,3.405,1.648,293.57394,45.384541,14.074,0,candidate
10916600,K02623.02,,CANDIDATE,4.02664625,0.094,3.771,30.0,0.68,1318.0,715.51,8.9,2,314.0,6187.0,4.341,0.26,1.238,1.23,290.02591,48.335949,13.383,0,candidate
6198182,K02636.02,,CANDIDATE,5.1777226,0.025,8.275,41.7,0.63,1050.0,287.44,6.1,2,235.0,5854.0,4.469,0.06,0.979,1.03,289.68671,41.588928,12.32,0,candidate
5695396,K00283.03,,CANDIDATE,9.48814747,0.5693,1.163,47.9,0.73,856.0,126.75,11.1,3,134.0,5680.0,4.414,0.12,1.016,0.978,288.53082,40.942299,11.525,0,candidate
6964929,K02756.02,,CANDIDATE,5.06993245,0.3584,3.241,93.6,0.92,1053.0,291.11,11.6,2,238.0,5957.0,4.506,-0.08,0.937,1.026,296.23282,42.47279,14.758,0,candidate
3545626,K06341.01,,CANDIDATE,9.78184193,,2.3,,,,,,1,119.0,,,,,,291.70047,38.695129,15.198,0,candidate
3547178,K06342.01,,CANDIDATE,8.1770751,0.456,4.608,44.3,0.83,1115.0,365.09,10.6,1,163.0,6501.0,4.281,-0.5,1.209,1.017,292.10071,38.61499,12.419,0,candidate
3548622,K06343.01,,CANDIDATE,569.45051,0.001,9.63,425.4,1.96,225.0,0.61,8.2,1,3.0,6117.0,4.496,-0.22,0.947,1.025,292.47549,38.691311,14.542,0,candidate
4939265,K06475.01,,CANDIDATE,4.84505985,0.903,2.078,298.4,1.54,723.0,64.57,10.7,1,218.0,4337.0,4.581,0.36,0.714,0.709,295.79138,40.01236,13.731,0,candidate
8308516,K07880.01,,CANDIDATE,623.70774,0.003,6.688,250.9,1.81,258.0,1.05,10.2,1,3.0,6626.0,4.347,-0.56,1.132,1.039,294.95258,44.207909,13.379,0,candidate
5552808,K06598.01,,CANDIDATE,10.95210361,,1.5,,,,,,1,9.0,,,,,,296.82327,40.757229,11.969,0,candidate
5564082,K06600.01,,CANDIDATE,2.70581614,0.6199,6.56,46.9,0.69,1356.0,799.75,41.8,1,497.0,5992.0,4.42,-0.44,0.961,0.884,299.11465,40.748619,10.715,0,candidate
6551106,K06731.01,,CANDIDATE,3.84615171,0.153,2.24,137.1,1.14,1199.0,487.47,9.3,1,345.0,6106.0,4.487,-0.16,0.966,1.043,299.07507,41.94223,15.256,0,candidate
6584278,K06733.01,,CANDIDATE,1.28940823,0.628,3.652,32.1,2.48,3112.0,22119.66,10.3,1,803.0,5826.0,3.465,0.18,4.189,1.865,283.77316,42.070862,13.897,0,candidate
6590726,K06734.01,,CANDIDATE,498.27269,0.0481,8.92,534.0,2.12,214.0,0.5,6.6,1,3.0,5618.0,4.514,0.26,0.932,1.033,286.60938,42.063229,15.477,0,candidate
7345335,K06862.01,,CANDIDATE,11.0495766,0.218,2.13,102.8,0.83,738.0,70.24,5.7,1,122.0,5533.0,4.505,-0.38,0.819,0.782,285.50293,42.911789,14.804,0,candidate
7350067,K06863.01,Kepler-1646 b,CONFIRMED,4.48559215,0.442,0.8161,2265.0,0.95,365.0,4.2,15.0,1,298.0,3236.0,5.097,0.0,0.193,0.169,287.5264,42.912899,15.737,1,confirmed
8227086,K06993.01,,CANDIDATE,13.8086331,0.029,3.613,207.1,1.09,659.0,44.5,9.0,1,95.0,5515.0,4.568,-0.44,0.761,0.782,289.62292,44.104431,15.567,0,candidate
8227464,K06994.01,,CANDIDATE,4.25907841,0.362,4.513,28.1,0.7,1253.0,583.12,11.5,1,316.0,5560.0,4.173,0.1,1.316,0.942,289.77121,44.139969,12.832,0,candidate
9085039,K07129.01,,CANDIDATE,64.1983721,0.347,0.934,248.2,1.74,506.0,15.49,6.8,1,22.0,6088.0,4.329,-0.46,1.077,0.901,290.38025,45.445419,13.839,0,candidate
9099773,K07133.01,,CANDIDATE,82.78482,0.682,7.52,190.4,2.16,501.0,14.88,8.4,1,16.0,5749.0,4.123,0.16,1.48,1.059,295.55292,45.473431,14.909,0,candidate
9943009,K07258.01,,CANDIDATE,2.4376438,0.112,1.587,27.1,0.79,1686.0,1909.13,8.8,1,553.0,5927.0,4.117,0.12,1.53,1.118,287.76895,46.83194,12.66,0,candidate
9944201,K07259.01,,CANDIDATE,0.721522907,0.831,1.4521,22528.0,11.04,1475.0,1115.99,815.3,1,1849.0,4893.0,4.634,-0.7,0.625,0.614,288.49091,46.804989,15.069,0,candidate
9959093,K07264.01,,CANDIDATE,19.1644498,0.525,3.553,63.8,1.83,988.0,225.26,8.9,1,72.0,5877.0,3.86,0.2,2.234,1.319,295.04248,46.863991,13.314,0,candidate
11019739,K07400.01,,CANDIDATE,4.15736472,0.226,2.217,200.7,1.09,931.0,178.03,11.2,1,256.0,5183.0,4.558,-0.08,0.782,0.806,286.40033,48.521961,15.517,0,candidate
8709688,K03019.02,,CANDIDATE,2.012094,0.066,2.157,74.8,0.99,1523.0,1274.27,9.1,2,632.0,5633.0,4.296,0.16,1.162,0.973,298.40137,44.838181,14.927,0,candidate
2716801,K03053.02,,CANDIDATE,9.4767057,0.003,3.893,230.5,1.38,841.0,118.13,8.6,2,133.0,5911.0,4.519,-0.1,0.914,1.006,292.25464,37.97142,15.761,0,candidate
3230805,K03068.02,,CANDIDATE,6.65171459,0.408,2.325,151.5,0.84,713.0,61.01,10.0,2,191.0,4889.0,4.637,-0.22,0.686,0.759,290.26028,38.354988,14.976,0,candidate
11810124,K03344.03,,CANDIDATE,208.54335,0.001,9.851,614.6,2.84,321.0,2.52,10.4,3,4.0,5533.0,4.275,0.16,1.166,0.934,289.66489,50.020039,15.254,0,candidate
9349757,K03348.02,,CANDIDATE,17.7189786,0.05,4.102,176.8,1.44,713.0,61.01,9.7,2,76.0,5566.0,4.329,0.14,1.099,0.938,294.69406,45.86684,15.246,0,candidate
3219037,K03395.02,,CANDIDATE,5.0395851,0.1968,4.556,70.1,0.78,1067.0,306.35,9.6,2,263.0,5912.0,4.453,-0.38,0.924,0.884,286.54041,38.3326,14.634,0,candidate
9117416,K03425.03,,CANDIDATE,7.64370363,0.785,2.738,70.9,1.85,1334.0,748.7,13.2,3,144.0,6120.0,3.934,0.02,2.0,1.251,300.31619,45.49538,13.266,0,candidate
3663494,K06352.01,,CANDIDATE,5.11683678,0.286,3.119,161.4,1.16,1039.0,275.15,9.2,1,168.0,5955.0,4.52,-0.16,0.91,0.999,295.73334,38.792011,15.221,0,candidate
4995716,K06484.01,,CANDIDATE,16.1191449,0.6704,3.039,262.2,1.34,619.0,34.7,8.2,1,70.0,5319.0,4.514,-0.38,0.783,0.729,286.54742,40.150539,15.696,0,candidate
5597361,K06601.01,,CANDIDATE,17.9925973,0.678,2.762,198.5,1.62,748.0,73.97,8.7,1,57.0,5931.0,4.351,-0.14,1.087,0.967,283.13373,40.852421,14.604,0,candidate
5617510,K06605.01,,CANDIDATE,74.371666,0.6894,12.59,102.8,2.39,767.0,81.88,12.1,1,5.0,6865.0,3.742,-2.02,2.211,0.983,291.04001,40.84993,11.319,0,candidate
6603765,K06739.01,,CANDIDATE,19.164111,0.805,2.773,215.9,1.11,519.0,17.12,8.1,1,68.0,5103.0,4.65,-0.4,0.674,0.747,291.09485,42.002918,15.455,0,candidate
7381580,K06872.01,,CANDIDATE,13.5164708,0.1593,2.628,140.1,0.88,645.0,40.81,7.1,1,101.0,5442.0,4.6,-0.34,0.747,0.811,296.91513,42.905079,15.087,0,candidate
8248103,K07002.01,,CANDIDATE,4.83014159,0.034,0.957,192.0,1.3,1039.0,275.02,11.7,1,278.0,5693.0,4.467,-0.02,0.939,0.943,296.69574,44.150761,14.991,0,candidate
8256882,K07003.01,,CANDIDATE,2.41194057,0.579,1.787,67.3,1.35,1654.0,1771.98,10.6,1,551.0,5598.0,4.045,0.12,1.594,1.028,298.88669,44.11586,14.106,0,candidate
8283875,K07007.01,,CANDIDATE,0.800263219,0.16,0.729,170.5,0.77,1240.0,561.84,13.2,1,1666.0,4336.0,4.656,-0.46,0.59,0.574,284.77267,44.249371,15.695,0,candidate
9150870,K07136.01,,CANDIDATE,441.17369,0.3151,14.82,702.0,2.27,217.0,0.52,11.5,1,3.0,5610.0,4.551,0.0,0.858,0.953,290.30801,45.598412,15.632,0,candidate
10002049,K07270.01,,CANDIDATE,19.2532128,0.247,1.674,219.3,1.42,692.0,54.13,7.4,1,72.0,6060.0,4.495,-0.14,0.953,1.036,287.46475,46.96841,15.362,0,candidate
10019854,K07272.01,,CANDIDATE,14.1011023,0.071,4.513,108.2,1.26,904.0,157.56,8.1,1,95.0,6534.0,4.365,-0.06,1.199,1.219,295.08221,46.941711,15.105,0,candidate
11068630,K07404.01,,CANDIDATE,1.817079849,0.276,0.889,204.6,1.39,1454.0,1056.39,10.8,1,734.0,5808.0,4.503,0.21,0.963,1.077,282.55869,48.63097,15.591,0,candidate
11092783,K07408.01,,CANDIDATE,5.15998178,1.306,3.356,412.4,19.07,574.0,25.63,9.9,1,261.0,3900.0,4.727,-0.1,0.534,0.555,295.83051,48.602261,15.949,0,candidate
12454800,K07534.01,,CANDIDATE,23.3787733,0.2093,6.76,76.0,0.92,694.0,54.98,8.1,1,58.0,6210.0,4.424,-0.1,1.054,1.07,288.29788,51.326519,13.853,0,candidate
12458817,K07535.01,,CANDIDATE,15.09984259,0.9711,0.222,484.8,4.11,576.0,25.98,6.7,1,88.0,5191.0,4.615,-0.84,0.65,0.635,290.54504,51.32362,15.37,0,candidate
12519942,K07539.01,,CANDIDATE,15.3416245,0.0481,2.126,269.6,1.3,605.0,31.63,9.2,1,87.0,5061.0,4.504,0.0,0.814,0.771,296.28311,51.404362,14.813,0,candidate
12555616,K07540.01,,CANDIDATE,21.980467,0.417,4.78,96.0,0.92,625.0,36.07,10.1,1,62.0,5573.0,4.418,-0.18,0.936,0.837,289.82422,51.552029,13.852,0,candidate
9730163,K02704.03,Kepler-445 d,CONFIRMED,8.15275885,0.461,1.746,16536.0,2.44,305.0,2.03,9.2,3,65.0,3327.0,5.113,-0.38,0.189,0.169,298.73611,46.498634,17.475,1,confirmed
7100673,K04032.05,,CANDIDATE,7.23524221,0.182,2.685,60.0,0.82,948.0,191.14,15.2,5,137.0,5574.0,4.354,0.12,1.065,0.933,285.72849,42.65453,12.639,0,candidate
3937814,K04084.02,,CANDIDATE,10.72900793,0.2652,0.696,404.3,1.78,722.0,64.33,10.1,3,126.0,5375.0,4.541,0.3,0.876,0.972,286.05243,39.09605,15.188,0,candidate
3937814,K04084.03,,CANDIDATE,8.19619768,0.781,2.109,197.4,1.55,851.0,123.81,9.3,3,164.0,5323.0,4.378,0.16,0.995,0.862,286.05243,39.09605,15.188,0,candidate
4548098,K04157.02,,CANDIDATE,5.215752,0.729,1.13,46.8,0.83,1156.0,422.67,5.1,2,247.0,6202.0,4.422,0.21,1.122,1.213,287.41006,39.65868,12.692,0,candidate
3733638,K06353.01,,CANDIDATE,10.0714369,0.006,6.891,49.5,1.98,1362.0,814.46,10.8,1,136.0,5768.0,3.633,-0.54,2.81,1.236,287.22351,38.817612,13.472,0,candidate
3748855,K06355.01,,CANDIDATE,4.37198905,0.177,2.177,103.7,0.93,1085.0,327.65,9.9,2,308.0,5823.0,4.489,-0.14,0.919,0.951,291.93356,38.827202,14.701,0,candidate
3748855,K06355.02,,CANDIDATE,6.72876606,0.5757,2.277,117.4,1.03,940.0,184.66,7.8,2,195.0,5823.0,4.489,-0.14,0.919,0.951,291.93356,38.827202,14.701,0,candidate
3765692,K06358.01,,CANDIDATE,3.09383248,0.356,1.576,373.7,1.32,998.0,233.91,9.7,1,282.0,5327.0,4.646,-0.5,0.681,0.772,295.92456,38.876968,15.896,0,candidate
5021432,K06489.01,,CANDIDATE,14.05652256,,2.56,,,,,,1,77.0,,,,,,294.6561,40.13726,13.697,0,candidate
5633259,K06610.01,,CANDIDATE,315.07717192,,10.31,,,,,,1,3.0,,,,,,295.55298,40.877991,15.341,0,candidate
5702770,K06617.01,,CANDIDATE,8.0018897,0.442,3.425,102.7,0.9,864.0,131.75,9.8,1,168.0,5830.0,4.54,-0.14,0.876,0.97,290.91504,40.988499,15.032,0,candidate
6614748,K06745.01,,CANDIDATE,383.85362,0.5927,9.76,422.9,2.78,314.0,2.29,7.5,1,4.0,6675.0,4.341,0.07,1.293,1.336,294.28693,42.032791,15.232,0,candidate
6628926,K06746.01,,CANDIDATE,2.564012541,0.166,0.9433,2551.9,7.27,1720.0,2065.56,5.3,1,69.0,6274.0,4.139,-0.36,1.428,1.024,297.62299,42.09882,14.121,0,candidate
6664842,K06750.01,,CANDIDATE,5.21395046,0.195,3.188,78.5,1.24,1201.0,492.29,8.6,1,256.0,5529.0,4.123,0.14,1.412,0.965,281.5202,42.169472,14.43,0,candidate
6665064,K06751.01,,CANDIDATE,24.996068,0.409,5.623,621.7,2.4,604.0,31.43,9.4,2,9.0,5761.0,4.492,0.14,0.956,1.035,281.64999,42.132061,15.183,0,candidate
6670610,K06752.01,,CANDIDATE,8.9429645,0.088,1.803,233.5,0.89,536.0,19.51,7.2,1,117.0,4183.0,4.655,-0.26,0.594,0.582,284.27499,42.123779,15.537,0,candidate
7447895,K06878.01,,CANDIDATE,2.405625303,0.467,0.6283,163.5,1.11,1180.0,459.66,12.0,1,0.0,5450.0,4.573,0.07,0.83,0.939,292.72079,43.076809,14.709,0,candidate
7461521,K06882.01,,CANDIDATE,0.7735301,0.336,1.335,185.4,1.87,2474.0,8868.22,14.2,1,231.0,6296.0,4.217,-0.14,1.35,1.093,296.28384,43.033981,14.752,0,candidate
7537660,K06884.01,,CANDIDATE,2.42186898,,6.22,,,,,,1,562.0,,,,,,294.6015,43.159935,13.583,0,candidate
8311864,K07016.01,Kepler-452 b,CONFIRMED,384.847556,0.059,9.969,189.9,1.09,220.0,0.56,12.3,1,4.0,5579.0,4.58,-0.22,0.798,0.892,296.00369,44.277561,13.426,1,confirmed
9203154,K07144.01,,CANDIDATE,0.839907158,0.23,1.019,119.6,0.92,1640.0,1705.12,10.7,1,1546.0,5120.0,4.478,0.07,0.853,0.797,284.12521,45.628052,15.695,0,candidate
9221627,K07148.01,,CANDIDATE,1.7613778,0.159,1.355,359.3,2.32,1824.0,2621.69,10.5,1,55.0,6544.0,4.349,-0.14,1.207,1.193,293.17194,45.677391,15.02,0,candidate
10053138,K07279.01,,CANDIDATE,11.7728146,0.407,4.132,77.1,0.93,788.0,90.86,9.9,1,113.0,5410.0,4.333,0.12,1.056,0.875,280.71948,47.07222,13.717,0,candidate
10066755,K07281.01,,CANDIDATE,2.46506501,0.6323,6.218,39.8,1.14,1999.0,3777.82,10.3,1,253.0,6881.0,4.101,-0.24,1.714,1.356,288.21976,47.041279,12.446,0,candidate
10070479,K07282.01,,CANDIDATE,1.758599866,0.035,0.2729,237.8,1.6,1101.0,347.1,11.9,1,761.0,4744.0,4.606,0.1,0.725,0.772,289.96161,47.08036,15.59,0,candidate
7119481,K00566.02,,CANDIDATE,14.1573717,0.138,3.786,130.0,1.1,778.0,86.67,9.3,3,66.0,6122.0,4.487,-0.18,0.964,1.041,292.31601,42.626251,14.718,0,candidate
11182260,K07415.01,,CANDIDATE,1.291964282,0.461,1.8378,28640.0,10.97,1249.0,572.64,45.8,1,822.0,4995.0,4.624,-0.72,0.638,0.625,287.26074,48.846512,13.238,0,candidate
11187972,K07416.01,,CANDIDATE,37.4646974,0.2,4.954,51.6,0.97,677.0,49.61,10.3,1,37.0,6266.0,4.209,-0.22,1.342,1.06,290.478,48.854645,12.052,0,candidate
8773015,K04301.02,,CANDIDATE,6.31915999,0.575,3.465,34.4,1.04,1369.0,829.72,9.8,2,207.0,6254.0,4.019,-0.26,1.706,1.11,298.20261,44.925831,13.096,0,candidate
9883606,K04383.02,,CANDIDATE,2.58393841,0.229,2.169,49.4,0.77,1470.0,1103.3,8.5,2,495.0,6164.0,4.378,-0.12,1.09,1.032,288.46909,46.78368,13.874,0,candidate
9836563,K04421.02,,CANDIDATE,6.5595368,0.378,4.324,26.3,0.62,1079.0,320.09,10.1,2,192.0,5950.0,4.323,0.14,1.196,1.1,294.12488,46.67289,12.788,0,candidate
6508221,K00416.04,,CANDIDATE,31.5322987,0.0671,3.49,106.4,0.74,461.0,10.65,7.8,4,41.0,5183.0,4.608,-0.18,0.739,0.818,286.86548,41.989079,14.29,0,candidate
9100953,K04500.03,,CANDIDATE,14.7510068,0.75,2.25,381.1,1.7,629.0,36.94,9.5,3,72.0,5295.0,4.548,-0.1,0.8,0.825,295.90503,45.40543,15.85,0,candidate
10079420,K07607.01,,CANDIDATE,54.54312996,,7.03,,,,,,1,7.0,,,,,,293.54141,47.007912,11.642,0,candidate
11559304,K07617.01,,CANDIDATE,12.9284553,0.2446,2.49,297.9,0.64,343.0,3.26,8.2,1,108.0,3578.0,4.893,-0.2,0.375,0.401,291.97635,49.575771,15.72,0,candidate
4735826,K03184.03,,CANDIDATE,4.02018903,0.505,3.616,18.5,0.6,1337.0,754.66,14.4,3,300.0,5788.0,4.178,0.12,1.376,1.039,288.39529,39.872627,11.158,0,candidate
5003670,K04524.03,,CANDIDATE,3.33930957,0.934,2.597,91.3,1.2,1205.0,498.37,10.7,3,360.0,5700.0,4.434,0.16,1.006,1.003,289.5484,40.1642,14.955,0,candidate
8973285,K04782.02,,CANDIDATE,4.29251656,1.007,4.254,249.5,3.66,1144.0,403.88,11.0,2,265.0,6032.0,4.485,-0.06,0.973,1.055,297.9487,45.255039,15.85,0,candidate
2861126,K04957.02,,CANDIDATE,4.98792404,0.069,1.618,346.2,0.73,485.0,13.07,9.7,2,261.0,3606.0,4.859,-0.2,0.395,0.413,293.2811,38.082241,15.555,0,candidate
7935997,K05447.02,Kepler-1629 b,CONFIRMED,3.87594316,0.025,2.314,58.6,0.68,1081.0,323.21,14.2,2,348.0,5713.0,4.541,0.07,0.893,1.01,280.2066,43.774288,12.75,1,confirmed
8105398,K05475.02,,CANDIDATE,5.68325648,0.844,1.778,44.6,0.97,1257.0,589.92,10.0,2,233.0,6072.0,4.133,-0.76,1.286,0.818,294.49487,43.91362,13.093,0,candidate
4758350,K06447.02,,CANDIDATE,91.649983,0.2136,10.294,193.6,2.27,568.0,24.57,8.7,2,5.0,6705.0,4.145,-0.16,1.608,1.325,294.93198,39.81242,12.964,0,candidate
4862625,K06464.03,,CANDIDATE,541.742985,0.041,10.47,1038.6,3.39,248.0,0.9,25.9,3,3.0,6373.0,4.438,-0.24,1.047,1.094,298.21509,39.955101,13.718,0,candidate
3965201,K07546.01,,CANDIDATE,44.113873,0.032,3.956,196.3,4.9,1158.0,424.45,6.6,1,7.0,7854.0,3.669,-0.12,3.462,2.039,294.31064,39.049702,12.667,0,candidate
4862924,K07554.01,,CANDIDATE,482.62011,0.1786,12.86,324.0,1.98,263.0,1.12,8.1,1,3.0,6315.0,4.389,-0.16,1.095,1.066,298.27673,39.903851,14.519,0,candidate
5271090,K07558.01,,CANDIDATE,10.1551587,0.2256,1.802,141.6,0.94,721.0,63.73,6.8,1,134.0,5275.0,4.505,-0.3,0.796,0.739,290.56674,40.449902,15.413,0,candidate
5444276,K07559.01,,CANDIDATE,0.708965461,0.6201,3.946,87.2,1.13,2417.0,8061.29,13.1,1,1890.0,6528.0,4.384,-0.16,1.155,1.177,290.48553,40.630699,12.798,0,candidate
5878506,K07562.01,,CANDIDATE,11.76872507,,1.11,,,,,,1,112.0,,,,,,292.5253,41.197231,15.327,0,candidate
6443274,K07567.01,,CANDIDATE,608.20572,0.0082,13.63,554.2,1.46,143.0,0.1,11.3,1,3.0,4486.0,4.642,-0.16,0.646,0.668,291.95438,41.826969,15.059,0,candidate
5602588,K02369.03,,CANDIDATE,7.2274321,0.003,4.967,173.3,1.28,967.0,206.77,9.2,3,131.0,6075.0,4.486,-0.12,0.969,1.048,285.72079,40.85696,15.832,0,candidate
6876575,K07572.01,,CANDIDATE,91.069934,0.5939,17.33,12.7,1.59,1103.0,349.47,8.7,1,16.0,9051.0,3.623,0.21,4.232,2.738,295.51334,42.31879,9.748,0,candidate
8096395,K07587.01,,CANDIDATE,366.088938,0.89,11.887,537.9,2.57,257.0,1.03,29.0,1,3.0,5941.0,4.464,-0.24,0.945,0.948,291.35892,43.93681,11.616,0,candidate
8168509,K07589.01,,CANDIDATE,414.45008,0.9853,19.15,729.5,7.01,364.0,4.17,19.0,1,3.0,7037.0,4.136,-0.16,1.683,1.417,292.8259,44.098389,13.913,0,candidate
10397751,K02859.05,,CANDIDATE,5.43103616,0.816,2.469,66.8,0.66,873.0,137.1,10.8,5,214.0,5374.0,4.555,-0.68,0.721,0.68,288.83136,47.551991,13.851,0,candidate
8297319,K07591.01,,CANDIDATE,328.32211,0.1169,13.53,399.0,1.3,193.0,0.33,8.2,1,3.0,4906.0,4.648,-0.32,0.668,0.736,290.90695,44.291779,14.937,0,candidate
8423344,K07592.01,,CANDIDATE,381.97977,0.2178,15.7,900.0,1.55,132.0,0.07,10.4,1,3.0,3761.0,4.724,0.0,0.526,0.535,288.96823,44.448341,15.494,0,candidate
8444868,K07593.01,,CANDIDATE,67.412998,0.5109,9.1,126.1,1.57,572.0,25.32,6.2,1,6.0,6525.0,4.248,-0.18,1.359,1.194,296.70224,44.449451,13.667,0,candidate
8682094,K07596.01,,CANDIDATE,359.8249913,,5.22,,,,,,1,3.0,,,,,,289.0155,44.88205,15.733,0,candidate
8677057,K07903.01,,CANDIDATE,0.694611128,0.176,1.115,98.8,0.64,1415.0,945.45,9.3,1,1922.0,4612.0,4.646,-0.06,0.662,0.726,286.31052,44.838188,15.7,0,candidate
8702537,K07905.01,,CANDIDATE,7.4751841,0.309,5.166,28.1,0.85,1168.0,439.51,9.2,1,178.0,5616.0,3.98,-0.34,1.602,0.894,296.5477,44.898041,13.075,0,candidate
9043947,K07920.01,,CANDIDATE,1.04347858,0.497,2.012,22.5,1.09,2688.0,12313.82,8.6,1,1278.0,6014.0,3.843,-0.04,2.246,1.281,298.25204,45.396641,13.292,0,candidate
8873450,K07913.01,Kepler-1975 b,CONFIRMED,24.2783801,0.717,4.564,714.4,2.03,432.0,8.27,13.6,1,54.0,4450.0,4.583,0.14,0.707,0.698,286.74857,45.158741,14.164,1,confirmed
8880317,K07915.01,,CANDIDATE,382.5891,0.042,11.7,298.2,2.15,305.0,2.05,10.5,1,4.0,6337.0,4.261,-0.34,1.239,1.019,289.92197,45.10392,13.678,0,candidate
10253977,K08201.01,,CANDIDATE,392.601892,0.713,3.21,779.0,2.25,204.0,0.41,7.8,1,3.0,5307.0,4.605,-0.2,0.753,0.843,281.87015,47.394989,14.382,0,candidate
10351947,K08205.01,,CANDIDATE,260.446151,0.896,9.314,713.9,25.39,608.0,32.37,16.8,1,5.0,4845.0,2.897,0.06,7.796,1.748,296.38278,47.409592,12.766,0,candidate
10160922,K07990.01,,CANDIDATE,87.487573,0.127,5.881,528.7,1.87,377.0,4.79,8.4,1,10.0,5774.0,4.567,-0.3,0.818,0.907,298.31586,47.105091,15.626,0,candidate
10198225,K07991.01,,CANDIDATE,11.9451376,0.443,6.893,63.3,3.32,1337.0,755.16,12.4,1,115.0,5094.0,3.38,-0.08,4.163,1.517,287.55182,47.244862,12.609,0,candidate
10214341,K07992.01,,CANDIDATE,277.13367,0.662,9.67,321.2,1.84,307.0,2.09,8.7,1,4.0,6461.0,4.474,-0.52,0.971,1.025,294.38254,47.205769,14.635,0,candidate
10515564,K08211.01,,CANDIDATE,5.0487451,0.133,4.007,67.6,0.67,922.0,170.39,7.7,1,257.0,5450.0,4.573,0.07,0.83,0.939,282.05078,47.743992,14.811,0,candidate
10321972,K07998.01,,CANDIDATE,122.11555,0.23,16.07,1104.0,2.96,351.0,3.6,12.2,1,3.0,5592.0,4.418,-0.42,0.894,0.764,283.2048,47.478271,15.546,0,candidate
10331279,K08000.01,,CANDIDATE,225.48805,0.817,19.46,379.9,1.7,267.0,1.2,11.6,1,7.0,5663.0,4.579,-0.38,0.782,0.847,288.27457,47.495781,15.306,0,candidate
5802205,K08107.01,,CANDIDATE,578.88761,0.24,18.521,76.8,1.69,315.0,2.32,15.1,1,3.0,6180.0,3.946,-0.14,1.917,1.185,295.08749,41.037395,11.402,0,candidate
5858919,K08109.01,,CANDIDATE,218.771117,0.95,3.201,140.1,250.2,1997.0,3757.91,8.4,1,4.0,3297.0,0.236,0.08,151.184,1.436,285.29388,41.1026,12.429,0,candidate
10907307,K08217.01,,CANDIDATE,277.25118,0.932,8.742,1517.4,5.02,304.0,2.02,15.3,1,3.0,6046.0,4.357,-0.4,1.048,0.91,284.74127,48.34367,12.349,0,candidate
10403228,K08007.01,,CANDIDATE,67.176626864,1.236,3.1147,1689.9,9.66,179.0,0.24,5.9,1,5.0,3391.0,4.936,0.0,0.311,0.304,291.22672,47.54998,16.064,0,candidate
10407191,K08011.01,,CANDIDATE,0.93420696,,3.5,,,,,,1,30.0,,,,,,292.832,47.507389,17.305,0,candidate
5955197,K08111.01,,CANDIDATE,359.33831,0.176,18.566,977.9,2.33,216.0,0.52,15.8,1,4.0,5316.0,4.539,-0.46,0.753,0.715,290.14304,41.27755,15.825,0,candidate
6114140,K08117.01,,CANDIDATE,0.933745798,0.961,6.447,613.8,3.45,2097.0,4570.22,75.3,1,1441.0,6367.0,4.419,-0.14,1.087,1.131,288.7709,41.412571,15.485,0,candidate
11338091,K08221.01,,CANDIDATE,293.38641,0.537,15.23,94.9,1.35,347.0,3.43,13.4,1,4.0,6392.0,4.213,-0.28,1.34,1.067,284.79071,49.125359,11.097,0,candidate
11446424,K08223.01,,CANDIDATE,66.716453,0.548,3.855,626.0,2.2,402.0,6.18,8.1,1,14.0,5447.0,4.506,-0.06,0.859,0.864,286.79462,49.347591,15.968,0,candidate
10452252,K08012.01,,CANDIDATE,34.573718512,0.22,2.1742,399.0,0.42,199.0,0.37,5.7,1,36.0,3374.0,5.066,-0.36,0.218,0.202,283.15057,47.671967,15.708,0,candidate
6507334,K08122.01,,CANDIDATE,54.753883835,0.009,2.0865,442.3,2.21,521.0,17.47,0.9,1,24.0,6242.0,4.442,-0.1,1.047,1.104,286.47037,41.994789,14.84,0,candidate
11872364,K08232.01,,CANDIDATE,189.183958,0.68,6.829,1014.0,3.31,312.0,2.23,11.2,1,8.0,5573.0,4.382,-0.14,0.981,0.845,295.86533,50.13348,15.053,0,candidate
12554485,K08238.01,,CANDIDATE,495.662346,0.949,4.428,675.7,2.73,207.0,0.43,10.2,1,3.0,5515.0,4.509,-0.34,0.82,0.791,289.09082,51.532009,14.322,0,candidate
10536241,K08026.01,,CANDIDATE,7.7529342,0.449,5.072,72.1,0.93,1002.0,238.09,9.2,1,173.0,5975.0,4.335,-0.34,1.072,0.907,292.33951,47.746391,14.751,0,candidate
10790401,K08031.01,,CANDIDATE,254.336707,0.728,8.585,398.4,13.97,586.0,27.88,11.3,1,5.0,5193.0,3.117,-0.2,6.502,2.018,289.0275,48.13792,13.625,0,candidate
12647757,K08241.01,,CANDIDATE,490.63941,0.015,16.5,268.8,7.67,412.0,6.84,9.6,1,3.0,5037.0,3.252,-0.1,4.817,1.513,290.86276,51.701908,13.227,0,candidate
3629119,K08242.01,,CANDIDATE,331.55459,0.001,5.35,288.7,1.36,240.0,0.78,6.7,1,5.0,5762.0,4.576,-0.36,0.801,0.892,286.04395,38.708801,14.066,0,candidate
4446859,K08246.01,,CANDIDATE,425.64971,0.303,11.07,171.2,1.58,281.0,1.48,7.6,1,4.0,6067.0,4.253,-0.36,1.195,0.934,285.60822,39.5793,13.855,0,candidate
9084569,K07923.01,,CANDIDATE,395.13138,0.45,21.291,126.4,0.97,208.0,0.44,14.4,1,4.0,5060.0,4.493,0.32,0.869,0.856,290.19992,45.419998,12.642,0,candidate
9087580,K07924.01,,CANDIDATE,0.770658979,0.444,1.401,83.5,0.68,1548.0,1348.87,11.7,1,1729.0,5058.0,4.61,-0.04,0.739,0.827,291.37222,45.468102,15.132,0,candidate
9099607,K07925.01,,CANDIDATE,4.6318914,0.395,3.88,50.9,0.64,1060.0,297.79,9.2,1,289.0,5926.0,4.532,-0.2,0.887,0.978,295.50128,45.433979,14.272,0,candidate
10844823,K08033.01,,CANDIDATE,362.13187,0.397,5.59,849.0,2.23,208.0,0.45,8.2,1,3.0,5176.0,4.567,-0.14,0.766,0.79,283.29706,48.266628,15.313,0,candidate
10862759,K08035.01,,CANDIDATE,29.4856392,0.103,4.27,105.0,1.46,793.0,93.27,9.3,1,47.0,6870.0,4.266,-0.1,1.407,1.337,292.48358,48.275219,13.783,0,candidate
10920281,K08037.01,,CANDIDATE,3.65034525,0.289,1.527,253.2,0.72,578.0,26.47,6.0,1,366.0,3704.0,4.797,-0.2,0.45,0.463,291.94415,48.351791,15.519,0,candidate
11032748,K08039.01,,CANDIDATE,43.9438891,0.523,5.26,154.8,1.12,505.0,15.41,9.7,1,32.0,6008.0,4.537,-0.32,0.875,0.961,293.31909,48.518608,14.685,0,candidate
4572728,K08249.01,,CANDIDATE,309.191789,0.155,11.392,122.8,1.96,383.0,5.08,10.5,1,4.0,6299.0,3.99,-0.36,1.754,1.095,294.63766,39.655811,12.746,0,candidate
5098334,K08253.01,,CANDIDATE,400.11482,0.066,12.37,113.4,0.95,226.0,0.62,6.7,1,4.0,5547.0,4.521,0.24,0.911,1.005,291.52951,40.252918,13.521,0,candidate
9142714,K07928.01,,CANDIDATE,1.12625975,,3.62,,,,,,1,1193.0,,,,,,286.04276,45.511211,15.375,0,candidate
9210820,K07930.01,,CANDIDATE,377.67241,0.107,15.82,514.8,1.37,187.0,0.29,10.2,1,3.0,5031.0,4.644,-0.9,0.615,0.608,288.43912,45.68721,15.18,0,candidate
9227215,K07931.01,,CANDIDATE,242.0367,0.568,11.01,333.3,2.11,323.0,2.57,8.9,1,6.0,6086.0,4.36,-0.06,1.116,1.037,295.22937,45.624889,15.055,0,candidate
9278575,K07932.01,,CANDIDATE,502.25648,0.05,14.84,153.2,1.03,215.0,0.51,8.1,1,3.0,5637.0,4.46,-0.62,0.833,0.73,290.89395,45.71664,13.339,0,candidate
11139682,K08043.01,,CANDIDATE,10.7781558,0.009,3.005,121.3,1.24,942.0,186.22,7.9,1,127.0,6386.0,4.402,-0.08,1.123,1.161,292.9603,48.7005,15.267,0,candidate
11182706,K08046.01,,CANDIDATE,384.37706,0.901,15.139,1204.9,50.93,676.0,49.27,22.6,1,3.0,4859.0,2.481,-0.46,12.023,1.594,287.59253,48.886459,12.656,0,candidate
11294822,K08047.01,,CANDIDATE,302.34971,0.468,4.978,622.3,1.98,208.0,0.44,8.0,1,3.0,4829.0,4.564,0.48,0.794,0.843,290.6962,49.066078,15.222,0,candidate
5683219,K08257.01,,CANDIDATE,9.4609418,0.161,4.888,47.5,0.54,767.0,81.83,7.9,1,112.0,5485.0,4.5,-0.56,0.788,0.716,282.96545,40.922619,13.413,0,candidate
5956171,K08259.01,,CANDIDATE,402.27493,0.668,15.67,294.5,1.73,262.0,1.11,11.1,1,4.0,6299.0,4.486,-0.42,0.95,1.008,290.4519,41.22551,14.619,0,candidate
9390228,K07934.01,,CANDIDATE,22.6432436,0.136,0.806,550.4,2.12,624.0,35.77,8.2,1,63.0,5880.0,4.516,-0.22,0.891,0.949,284.67227,45.97382,15.581,0,candidate
9469494,K07938.01,,CANDIDATE,275.5603,0.018,15.09,89.4,2.33,437.0,8.6,11.5,1,4.0,5989.0,3.764,-0.18,2.467,1.289,293.68533,46.095737,11.663,0,candidate
9521317,K07940.01,,CANDIDATE,188.881049,0.504,1.49,325.8,1.86,330.0,2.79,12.9,1,6.0,6077.0,4.471,-0.04,0.999,1.077,289.67508,46.131882,12.85,0,candidate
11296205,K08048.01,,CANDIDATE,379.67276,0.302,9.662,253.9,1.33,247.0,0.88,7.9,1,3.0,6156.0,4.563,-0.66,0.824,0.906,291.45468,49.043289,14.44,0,candidate
11350634,K08050.01,,CANDIDATE,278.38935,0.12,10.43,262.8,6.81,464.0,10.93,11.2,1,4.0,4951.0,3.349,0.16,4.342,1.537,291.96802,49.115311,12.795,0,candidate
11358305,K08052.01,,CANDIDATE,7.8687123,0.748,3.739,89.1,1.73,1323.0,722.44,9.1,1,172.0,6738.0,4.109,-0.18,1.692,1.351,295.59012,49.198601,13.41,0,candidate
11392362,K08053.01,,CANDIDATE,9.9105786,0.813,5.945,99.5,1.19,922.0,170.47,9.2,1,106.0,6214.0,4.442,0.07,1.076,1.169,285.74564,49.238869,14.863,0,candidate
11443757,K08054.01,,CANDIDATE,43.9088053,0.272,6.265,297.8,7.33,885.0,144.75,13.7,1,24.0,5216.0,3.402,-0.08,4.303,1.703,285.08685,49.36282,13.589,0,candidate
8439949,K08156.01,,CANDIDATE,364.98242,0.926,12.346,533.0,3.12,293.0,1.73,13.1,1,4.0,6429.0,4.404,-0.14,1.116,1.152,295.16364,44.422211,14.324,0,candidate
8527297,K08157.01,,CANDIDATE,0.58730021,,0.82,,,,,,1,929.0,,,,,,301.6618,44.577499,14.01,0,candidate
6356506,K08263.01,,CANDIDATE,280.55544,0.031,12.757,401.4,2.17,308.0,2.13,9.3,1,5.0,6292.0,4.426,-0.08,1.078,1.129,289.32593,41.749939,15.16,0,candidate
11453349,K08055.01,,CANDIDATE,4.40660737,0.433,2.107,70.7,0.86,1152.0,415.56,8.1,1,304.0,6063.0,4.47,-0.02,1.001,1.079,290.81824,49.30558,14.689,0,candidate
8608544,K08159.02,,CANDIDATE,353.01861,0.064,15.583,375.1,2.25,301.0,1.93,14.9,2,3.0,6450.0,4.386,-0.08,1.155,1.183,284.19217,44.762112,13.971,0,candidate
8708961,K08163.01,,CANDIDATE,370.98253,1.655,17.84,552.3,119.96,338.0,3.07,15.7,1,4.0,6028.0,4.013,-0.34,1.63,0.999,298.21265,44.80479,13.936,0,candidate
7832787,K08270.01,,CANDIDATE,338.00692,0.184,16.745,544.3,2.09,249.0,0.91,15.3,1,4.0,5741.0,4.502,-0.12,0.898,0.934,295.22299,43.590439,15.023,0,candidate
8022520,K08272.01,,CANDIDATE,432.42787,0.716,19.63,110.3,1.14,259.0,1.07,6.0,1,3.0,6263.0,4.46,-0.22,1.009,1.068,289.66574,43.879459,13.814,0,candidate
9604563,K07949.01,,CANDIDATE,1.001916708,0.074,1.256,70.9,0.62,1545.0,1352.47,8.3,1,1062.0,5521.0,4.613,-0.44,0.734,0.821,297.69662,46.264679,14.985,0,candidate
9640649,K07951.01,,CANDIDATE,0.862329309,0.421,1.044,140.9,1.09,1825.0,2623.55,10.8,1,1547.0,5806.0,4.528,-0.04,0.899,0.996,287.81287,46.340569,15.769,0,candidate
9650579,K07953.01,,CANDIDATE,432.96905,0.4,20.76,257.9,1.43,219.0,0.55,8.1,1,3.0,5580.0,4.538,0.14,0.886,0.989,292.41211,46.36388,14.942,0,candidate
9650762,K07954.01,,CANDIDATE,372.15035,0.259,21.23,457.4,1.74,232.0,0.69,12.3,1,4.0,5769.0,4.57,-0.32,0.812,0.9,292.48166,46.371479,15.138,0,candidate
11714107,K08063.01,,CANDIDATE,405.35457,0.285,10.778,545.6,2.11,232.0,0.69,10.2,1,4.0,5650.0,4.487,-0.06,0.906,0.92,292.58734,49.834469,15.328,0,candidate
11904835,K08068.01,,CANDIDATE,9.4640413,0.048,6.999,209.9,1.28,839.0,117.23,9.4,1,113.0,5968.0,4.534,-0.26,0.881,0.97,286.12177,50.279449,15.807,0,candidate
8329346,K08275.01,,CANDIDATE,389.875816,0.576,3.336,2134.0,3.76,207.0,0.44,8.9,1,3.0,5289.0,4.588,0.0,0.79,0.886,300.69672,44.298409,15.953,0,candidate
8637903,K08276.01,,CANDIDATE,385.858683,0.877,12.071,548.4,3.23,300.0,1.92,21.2,1,3.0,6551.0,4.367,-0.08,1.195,1.215,296.40787,44.77364,13.993,0,candidate
8673511,K08277.01,,CANDIDATE,0.757261281,0.322,0.905,36.5,0.58,1908.0,3119.75,10.2,1,1767.0,5651.0,4.479,0.16,0.953,0.998,284.29565,44.895859,14.024,0,candidate
9011955,K08279.01,,CANDIDATE,367.0896,1.242,28.02,2092.3,35.3,281.0,1.48,27.7,1,3.0,6268.0,4.429,0.07,1.1,1.188,287.86737,45.321289,15.267,0,candidate
9159288,K08280.01,,CANDIDATE,66.67305,0.415,6.381,472.1,2.64,542.0,20.35,9.6,1,3.0,6592.0,4.369,-0.12,1.19,1.211,293.68979,45.549332,14.634,0,candidate
8873873,K08174.01,,CANDIDATE,295.06066,0.052,16.18,72.2,0.64,233.0,0.7,10.4,1,5.0,5332.0,4.524,-0.48,0.762,0.708,286.94946,45.142139,11.922,0,candidate
9592621,K08286.01,,CANDIDATE,191.03728,0.091,3.595,1607.0,3.54,286.0,1.58,7.0,1,3.0,5440.0,4.497,0.16,0.901,0.931,293.6839,46.265541,16.652,0,candidate
12156930,K08076.01,,CANDIDATE,71.10684,0.466,6.933,128.4,1.42,523.0,17.68,10.5,1,20.0,6339.0,4.315,-0.08,1.224,1.129,290.03943,50.768501,13.74,0,candidate
12266099,K08077.01,,CANDIDATE,77.177672,0.026,2.312,318.6,1.29,327.0,2.7,8.0,1,19.0,4840.0,4.551,-0.04,0.749,0.727,295.57001,50.9049,14.427,0,candidate
12307496,K08078.01,,CANDIDATE,0.805941833,1.339,1.4432,3180.4,29.85,1498.0,1189.65,55.4,1,1658.0,5022.0,4.597,-0.56,0.672,0.651,291.55447,51.043201,14.169,0,candidate
12602999,K08082.01,,CANDIDATE,8.2766028,0.638,4.834,73.1,2.48,1623.0,1639.28,10.0,1,163.0,6787.0,3.762,-0.16,2.753,1.596,290.87411,51.685181,12.43,0,candidate
9268159,K08180.01,,CANDIDATE,185.97534,0.4,8.744,54.5,2.76,688.0,53.05,2.6,1,5.0,7365.0,3.628,-0.08,3.638,2.049,285.32791,45.753738,10.554,0,candidate
9468848,K08183.01,,CANDIDATE,5.8877038,0.185,4.009,39.7,0.6,1026.0,262.67,9.3,1,230.0,6065.0,4.495,-0.18,0.947,1.022,293.43494,46.03944,13.811,0,candidate
9873004,K07970.01,,CANDIDATE,1.98514635,0.126,1.625,233.4,1.28,1299.0,675.28,11.0,1,670.0,5581.0,4.559,-0.02,0.845,0.946,282.03058,46.750809,15.988,0,candidate
9899345,K07973.01,,CANDIDATE,1.33199285,,4.33,,,,,,1,72.0,,,,,,295.20798,46.786221,15.024,0,candidate
9906688,K07976.01,,CANDIDATE,5.82561701,0.635,3.246,142.8,1.21,1037.0,273.08,9.2,1,183.0,5999.0,4.459,-0.2,0.967,0.979,297.58023,46.719952,15.449,0,candidate
2284957,K08085.01,,CANDIDATE,419.2615,0.5,21.53,287.8,1.7,256.0,1.02,10.1,1,4.0,5979.0,4.379,-0.58,0.975,0.83,286.61917,37.62624,14.547,0,candidate
3663850,K08089.01,,CANDIDATE,141.400279,0.401,3.031,790.1,41.55,945.0,188.78,12.9,1,6.0,4936.0,2.609,0.21,14.907,3.295,295.80203,38.797932,12.783,0,candidate
12168280,K08297.01,,CANDIDATE,229.957537,1.175,7.59,400.0,43.78,444.0,9.22,10.2,1,5.0,6419.0,3.978,0.1,2.057,1.465,295.97794,50.771481,10.505,0,candidate
9938836,K07978.01,,CANDIDATE,7.2681817,0.78,4.985,46.7,1.66,1444.0,1027.95,9.7,1,183.0,6297.0,3.89,0.0,2.219,1.398,285.30768,46.829803,13.729,0,candidate
10011213,K07982.01,,CANDIDATE,376.37989,0.305,13.99,1140.0,3.26,265.0,1.16,13.3,1,3.0,6231.0,4.488,-0.32,0.955,1.025,291.60455,46.973289,15.632,0,candidate
10028127,K08193.01,,CANDIDATE,367.947848,0.902,4.249,1301.0,3.72,228.0,0.64,10.7,1,4.0,5570.0,4.561,0.07,0.855,0.971,297.73398,46.961529,15.719,0,candidate
10128825,K07986.01,,CANDIDATE,1.73984941,0.043,3.114,48.5,0.72,1608.0,1585.81,10.6,1,766.0,6119.0,4.444,-0.04,1.031,1.075,286.50937,47.163219,14.757,0,candidate
10155286,K07988.01,,CANDIDATE,333.486169,0.214,3.199,639.1,19.3,557.0,22.68,14.0,1,3.0,4989.0,2.992,0.07,7.824,2.19,296.76288,47.145142,10.998,0,candidate
